tconst,frame,cohort,stratum_pop,N_stratum,n_stratum,design_weight,wikidata_ids,year,genre_main,genres,pop_tier,in_popular_universe,us_only,n_countries,synopsis_source,synopsis_revision_url,synopsis_heading,synopsis_retrieved_at,synopsis_license,synopsis_words,synopsis_status
tt0081568,popular,1980-1989,top,500,150,3.3333333333333335,Q726823,1980,Acción/aventura,"Action,Comedy,Drama",2,True,True,1.0,enwiki dump 20260901,https://en.wikipedia.org/w/index.php?oldid=1371610190,Plot,2026-09-29T11:24:21Z,CC BY-SA 4.0,606,ok
tt0080736,popular,1980-1989,top,500,150,3.3333333333333335,Q503033,1980,Acción/aventura,"Action,Adventure,Sci-Fi",3,True,True,1.0,enwiki dump 20260901,https://en.wikipedia.org/w/index.php?oldid=1371177974,Plot,2026-09-29T11:24:22Z,CC BY-SA 4.0,690,ok
tt0097428,popular,1980-1989,top,500,150,3.3333333333333335,Q492214,1989,Acción/aventura,"Action,Comedy,Fantasy",3,True,True,1.0,enwiki dump 20260901,https://en.wikipedia.org/w/index.php?oldid=1365217773,Plot,2026-09-29T11:24:22Z,CC BY-SA 4.0,604,ok
tt0080455,popular,1980-1989,top,500,150,3.3333333333333335,Q109767,1980,Acción/aventura,"Adventure,Comedy,Crime",3,True,True,1.0,enwiki dump 20260901,https://en.wikipedia.org/w/index.php?oldid=1370286831,Plot,2026-09-29T11:24:23Z,CC BY-SA 4.0,717,ok
tt0098382,popular,1980-1989,top,500,150,3.3333333333333335,Q241218,1989,Acción/aventura,"Action,Adventure,Fantasy",3,True,True,1.0,enwiki dump 20260901,https://en.wikipedia.org/w/index.php?oldid=1368361547,Plot,2026-09-29T11:24:23Z,CC BY-SA 4.0,617,ok
tt0083791,popular,1980-1989,top,500,150,3.3333333333333335,Q1198483,1982,Acción/aventura,"Adventure,Family,Fantasy",3,True,False,2.0,enwiki dump 20260901,https://en.wikipedia.org/w/index.php?oldid=1370730811,Plot,2026-09-29T11:24:23Z,CC BY-SA 4.0,683,ok
tt0091369,popular,1980-1989,top,500,150,3.3333333333333335,Q278053,1986,Acción/aventura,"Adventure,Family,Fantasy",3,True,False,2.0,enwiki dump 20260901,https://en.wikipedia.org/w/index.php?oldid=1368148217,Plot,2026-09-29T11:24:24Z,CC BY-SA 4.0,706,ok
tt0087892,popular,1980-1989,top,500,150,3.3333333333333335,Q1323132,1984,Acción/aventura,"Adventure,Drama,History",3,True,False,3.0,enwiki dump 20260901,https://en.wikipedia.org/w/index.php?oldid=1367294192,Plot,2026-09-29T11:24:24Z,CC BY-SA 4.0,624,ok
tt0085276,popular,1980-1989,top,500,150,3.3333333333333335,Q754304,1983,Acción/aventura,"Action,Drama,Romance",2,True,True,1.0,enwiki dump 20260901,https://en.wikipedia.org/w/index.php?oldid=1347462687,Plot,2026-09-29T11:24:24Z,CC BY-SA 4.0,513,ok
tt0087538,popular,1980-1989,top,500,150,3.3333333333333335,Q846679,1984,Acción/aventura,"Action,Drama,Family",3,True,True,1.0,enwiki dump 20260901,https://en.wikipedia.org/w/index.php?oldid=1372141988,Plot,2026-09-29T11:24:24Z,CC BY-SA 4.0,673,ok
tt0098439,popular,1980-1989,top,500,150,3.3333333333333335,Q571197,1989,Acción/aventura,"Action,Comedy,Crime",3,True,True,1.0,enwiki dump 20260901,https://en.wikipedia.org/w/index.php?oldid=1372176272,Plot,2026-09-29T11:24:25Z,CC BY-SA 4.0,617,ok
tt0090264,popular,1980-1989,top,500,150,3.3333333333333335,Q332368,1985,Acción/aventura,"Action,Adventure,Thriller",3,True,False,2.0,enwiki dump 20260901,https://en.wikipedia.org/w/index.php?oldid=1367411470,Plot,2026-09-29T11:24:25Z,CC BY-SA 4.0,641,ok
tt0080684,popular,1980-1989,top,500,150,3.3333333333333335,Q181795,1980,Acción/aventura,"Adventure,Fantasy,Sci-Fi",3,True,True,1.0,enwiki dump 20260901,https://en.wikipedia.org/w/index.php?oldid=1369862783,Plot,2026-09-29T11:24:25Z,CC BY-SA 4.0,586,ok
tt0089469,popular,1980-1989,top,500,150,3.3333333333333335,Q509913,1985,Acción/aventura,"Adventure,Fantasy,Romance",3,True,False,2.0,enwiki dump 20260901,https://en.wikipedia.org/w/index.php?oldid=1372144126,Plot,2026-09-29T11:24:25Z,CC BY-SA 4.0,818,ok
tt0087078,popular,1980-1989,top,500,150,3.3333333333333335,Q740516,1984,Acción/aventura,"Action,Adventure,Fantasy",3,True,False,2.0,enwiki dump 20260901,https://en.wikipedia.org/w/index.php?oldid=1371567389,Plot,2026-09-29T11:24:25Z,CC BY-SA 4.0,594,ok
tt0097647,popular,1980-1989,top,500,150,3.3333333333333335,Q1586077,1989,Acción/aventura,"Action,Drama,Family",3,True,True,1.0,enwiki dump 20260901,https://en.wikipedia.org/w/index.php?oldid=1368283237,Plot,2026-09-29T11:24:26Z,CC BY-SA 4.0,569,ok
tt0092005,popular,1980-1989,top,500,150,3.3333333333333335,Q494722,1986,Acción/aventura,"Adventure,Drama",3,True,True,1.0,enwiki dump 20260901,https://en.wikipedia.org/w/index.php?oldid=1371611082,Plot,2026-09-29T11:24:26Z,CC BY-SA 4.0,663,ok
tt0082136,popular,1980-1989,top,500,150,3.3333333333333335,Q759359,1981,Acción/aventura,"Action,Comedy,Sport",3,True,True,1.0,enwiki dump 20260901,https://en.wikipedia.org/w/index.php?oldid=1372000465,Plot,2026-09-29T11:24:26Z,CC BY-SA 4.0,687,ok
tt0085811,popular,1980-1989,top,500,150,3.3333333333333335,Q195710,1983,Acción/aventura,"Action,Adventure,Fantasy",3,True,False,3.0,enwiki dump 20260901,https://en.wikipedia.org/w/index.php?oldid=1371764372,Plot,2026-09-29T11:24:26Z,CC BY-SA 4.0,631,ok
tt0082817,popular,1980-1989,top,500,150,3.3333333333333335,Q1535201,1981,Acción/aventura,"Action,Crime,Thriller",3,True,True,1.0,enwiki dump 20260901,https://en.wikipedia.org/w/index.php?oldid=1370154555,Plot,2026-09-29T11:24:26Z,CC BY-SA 4.0,653,ok
tt0081573,popular,1980-1989,top,500,150,3.3333333333333335,Q267672,1980,Acción/aventura,"Action,Adventure,Sci-Fi",3,True,False,2.0,enwiki dump 20260901,https://en.wikipedia.org/w/index.php?oldid=1367055172,Plot,2026-09-29T11:24:26Z,CC BY-SA 4.0,656,ok
tt0095631,popular,1980-1989,top,500,150,3.3333333333333335,Q847802,1988,Acción/aventura,"Action,Comedy,Crime",3,True,True,1.0,enwiki dump 20260901,https://en.wikipedia.org/w/index.php?oldid=1359575231,Plot,2026-09-29T11:24:27Z,CC BY-SA 4.0,665,ok
tt0082186,popular,1980-1989,top,500,150,3.3333333333333335,Q1049545,1981,Acción/aventura,"Action,Adventure,Fantasy",3,True,False,2.0,enwiki dump 20260901,https://en.wikipedia.org/w/index.php?oldid=1368507186,Plot,2026-09-29T11:24:27Z,CC BY-SA 4.0,728,ok
tt0089670,popular,1980-1989,top,500,150,3.3333333333333335,Q1538224,1985,Acción/aventura,"Adventure,Comedy",3,True,True,1.0,enwiki dump 20260901,https://en.wikipedia.org/w/index.php?oldid=1361843675,Plot,2026-09-29T11:24:27Z,CC BY-SA 4.0,438,ok
tt0091828,popular,1980-1989,top,500,150,3.3333333333333335,Q261601,1986,Acción/aventura,"Action,Crime,Thriller",3,True,False,2.0,enwiki dump 20260901,https://en.wikipedia.org/w/index.php?oldid=1370682954,Plot,2026-09-29T11:24:27Z,CC BY-SA 4.0,537,ok
tt0092007,popular,1980-1989,top,500,150,3.3333333333333335,Q471842,1986,Acción/aventura,"Adventure,Comedy,Sci-Fi",3,True,True,1.0,enwiki dump 20260901,https://en.wikipedia.org/w/index.php?oldid=1372508860,Plot,2026-09-29T11:24:27Z,CC BY-SA 4.0,597,ok
tt0094963,popular,1980-1989,top,500,150,3.3333333333333335,Q263460,1988,Acción/aventura,"Action,Crime,Mystery",3,True,True,1.0,enwiki dump 20260901,https://en.wikipedia.org/w/index.php?oldid=1365578325,Plot,2026-09-29T11:24:27Z,CC BY-SA 4.0,694,ok
tt0083943,popular,1980-1989,top,500,150,3.3333333333333335,Q1418932,1982,Acción/aventura,"Action,Adventure,Thriller",3,True,True,1.0,enwiki dump 20260901,https://en.wikipedia.org/w/index.php?oldid=1371679525,Plot,2026-09-29T11:24:28Z,CC BY-SA 4.0,644,ok
tt0088011,popular,1980-1989,top,500,150,3.3333333333333335,Q502629,1984,Acción/aventura,"Action,Adventure,Comedy",3,True,False,2.0,enwiki dump 20260901,https://en.wikipedia.org/w/index.php?oldid=1367094265,Plot,2026-09-29T11:24:28Z,CC BY-SA 4.0,692,ok
tt0093870,popular,1980-1989,top,500,150,3.3333333333333335,Q372514,1987,Acción/aventura,"Action,Crime,Sci-Fi",3,True,True,1.0,enwiki dump 20260901,https://en.wikipedia.org/w/index.php?oldid=1371434290,Plot,2026-09-29T11:24:28Z,CC BY-SA 4.0,525,ok
tt0091059,popular,1980-1989,top,500,150,3.3333333333333335,Q1193503,1986,Acción/aventura,"Adventure,Comedy,Family",3,True,False,2.0,enwiki dump 20260901,https://en.wikipedia.org/w/index.php?oldid=1362349655,Plot,2026-09-29T11:24:28Z,CC BY-SA 4.0,596,ok
tt0093560,popular,1980-1989,top,500,150,3.3333333333333335,Q1862797,1987,Acción/aventura,"Action,Comedy,Fantasy",3,True,True,1.0,enwiki dump 20260901,https://en.wikipedia.org/w/index.php?oldid=1364000843,Plot,2026-09-29T11:24:29Z,CC BY-SA 4.0,734,ok
tt0098627,popular,1980-1989,top,500,150,3.3333333333333335,Q1545129,1989,Acción/aventura,"Adventure,Comedy,Crime",3,True,True,1.0,enwiki dump 20260901,https://en.wikipedia.org/w/index.php?oldid=1365382955,Plot,2026-09-29T11:24:29Z,CC BY-SA 4.0,596,ok
tt0089118,popular,1980-1989,top,500,150,3.3333333333333335,Q402181,1986,Acción/aventura,"Action,Thriller",3,True,True,1.0,enwiki dump 20260901,https://en.wikipedia.org/w/index.php?oldid=1364371601,Plot,2026-09-29T11:24:29Z,CC BY-SA 4.0,513,ok
tt0083739,popular,1980-1989,top,500,150,3.3333333333333335,Q1213942,1982,Acción/aventura,"Action,Crime,Drama",3,True,False,2.0,enwiki dump 20260901,https://en.wikipedia.org/w/index.php?oldid=1372628140,Plot,2026-09-29T11:24:29Z,CC BY-SA 4.0,579,ok
tt0091225,popular,1980-1989,top,500,150,3.3333333333333335,Q1146570,1986,Acción/aventura,"Action,Adventure,Comedy",3,True,True,1.0,enwiki dump 20260901,https://en.wikipedia.org/w/index.php?oldid=1369513033,Plot,2026-09-29T11:24:29Z,CC BY-SA 4.0,472,ok
tt0086508,popular,1980-1989,top,500,150,3.3333333333333335,Q599150,1983,Acción/aventura,"Action,Drama,Thriller",3,True,True,1.0,enwiki dump 20260901,https://en.wikipedia.org/w/index.php?oldid=1372718146,Plot,2026-09-29T11:24:29Z,CC BY-SA 4.0,592,ok
tt0092675,popular,1980-1989,top,500,150,3.3333333333333335,Q724960,1988,Acción/aventura,"Action,Drama,Sport",3,True,True,1.0,enwiki dump 20260901,https://en.wikipedia.org/w/index.php?oldid=1371673860,Plot,2026-09-29T11:24:29Z,CC BY-SA 4.0,218,ok
tt0090180,popular,1980-1989,top,500,150,3.3333333333333335,Q613485,1985,Acción/aventura,"Action,Crime,Drama",3,True,True,1.0,enwiki dump 20260901,https://en.wikipedia.org/w/index.php?oldid=1371607531,Plot,2026-09-29T11:24:30Z,CC BY-SA 4.0,522,ok
tt0089893,popular,1980-1989,top,500,150,3.3333333333333335,Q858860,1985,Acción/aventura,"Action,Adventure,Fantasy",3,True,False,2.0,enwiki dump 20260901,https://en.wikipedia.org/w/index.php?oldid=1370856995,Plot,2026-09-29T11:24:30Z,CC BY-SA 4.0,686,ok
tt0092099,popular,1980-1989,top,500,150,3.3333333333333335,Q110138,1986,Acción/aventura,"Action,Drama",3,True,True,1.0,enwiki dump 20260901,https://en.wikipedia.org/w/index.php?oldid=1371966001,Plot,2026-09-29T11:24:30Z,CC BY-SA 4.0,731,ok
tt0096487,popular,1980-1989,top,500,150,3.3333333333333335,Q1353728,1988,Acción/aventura,"Action,Drama,Western",3,True,True,1.0,enwiki dump 20260901,https://en.wikipedia.org/w/index.php?oldid=1364159092,Plot,2026-09-29T11:24:30Z,CC BY-SA 4.0,618,ok
tt0095956,popular,1980-1989,top,500,150,3.3333333333333335,Q392355,1988,Acción/aventura,"Action,Adventure,Thriller",3,True,True,1.0,enwiki dump 20260901,https://en.wikipedia.org/w/index.php?oldid=1368399278,Plot,2026-09-29T11:24:30Z,CC BY-SA 4.0,517,ok
tt0096787,popular,1980-1989,top,500,150,3.3333333333333335,Q1067080,1989,Animación,"Adventure,Animation,Comedy",3,True,False,3.0,enwiki dump 20260901,https://en.wikipedia.org/w/index.php?oldid=1367555035,Plot,2026-09-29T11:24:30Z,CC BY-SA 4.0,688,ok
tt0088814,popular,1980-1989,top,500,150,3.3333333333333335,Q329316,1985,Animación,"Action,Adventure,Animation",3,True,True,1.0,enwiki dump 20260901,https://en.wikipedia.org/w/index.php?oldid=1370921481,Plot,2026-09-29T11:24:31Z,CC BY-SA 4.0,521,ok
tt0085542,popular,1980-1989,top,500,150,3.3333333333333335,Q240478,1983,Animación,"Adventure,Animation,Fantasy",3,True,True,1.0,enwiki dump 20260901,https://en.wikipedia.org/w/index.php?oldid=1369128792,Plot,2026-09-29T11:24:31Z,CC BY-SA 4.0,470,ok
tt0082406,popular,1980-1989,top,500,150,3.3333333333333335,Q40302,1981,Animación,"Adventure,Animation,Drama",3,True,True,1.0,enwiki dump 20260901,https://en.wikipedia.org/w/index.php?oldid=1370810400,Plot,2026-09-29T11:24:31Z,CC BY-SA 4.0,513,ok
tt0088172,popular,1980-1989,top,500,150,3.3333333333333335,Q1341009,1984,Ciencia ficción/fantasía,"Romance,Sci-Fi",3,True,True,1.0,enwiki dump 20260901,https://en.wikipedia.org/w/index.php?oldid=1371213860,Plot,2026-09-29T11:24:31Z,CC BY-SA 4.0,671,ok
tt0085407,popular,1980-1989,top,500,150,3.3333333333333335,Q466792,1983,Ciencia ficción/fantasía,"Drama,Fantasy,Thriller",3,True,True,1.0,enwiki dump 20260901,https://en.wikipedia.org/w/index.php?oldid=1370683271,Plot,2026-09-29T11:24:31Z,CC BY-SA 4.0,580,ok
tt0095687,popular,1980-1989,top,500,150,3.3333333333333335,Q1540328,1988,Ciencia ficción/fantasía,"Comedy,Sci-Fi",3,True,True,1.0,enwiki dump 20260901,https://en.wikipedia.org/w/index.php?oldid=1369675716,Plot,2026-09-29T11:24:32Z,CC BY-SA 4.0,600,ok
tt0088933,popular,1980-1989,top,500,150,3.3333333333333335,Q1105463,1985,Ciencia ficción/fantasía,"Comedy,Drama,Sci-Fi",3,True,True,1.0,enwiki dump 20260901,https://en.wikipedia.org/w/index.php?oldid=1372653196,Plot,2026-09-29T11:24:32Z,CC BY-SA 4.0,514,ok
tt0086873,popular,1980-1989,top,500,150,3.3333333333333335,Q2299189,1984,Ciencia ficción/fantasía,"Comedy,Fantasy,Romance",3,True,True,1.0,enwiki dump 20260901,https://en.wikipedia.org/w/index.php?oldid=1361015277,Plot,2026-09-29T11:24:32Z,CC BY-SA 4.0,639,ok
tt0091738,popular,1980-1989,top,500,150,3.3333333333333335,Q903257,1986,Ciencia ficción/fantasía,"Comedy,Drama,Fantasy",3,True,True,1.0,enwiki dump 20260901,https://en.wikipedia.org/w/index.php?oldid=1371129226,Plot,2026-09-29T11:24:32Z,CC BY-SA 4.0,620,ok
tt0091949,popular,1980-1989,top,500,150,3.3333333333333335,Q540125,1986,Ciencia ficción/fantasía,"Comedy,Family,Sci-Fi",3,True,True,1.0,enwiki dump 20260901,https://en.wikipedia.org/w/index.php?oldid=1371306875,Plot,2026-09-29T11:24:33Z,CC BY-SA 4.0,605,ok
tt0090305,popular,1980-1989,top,500,150,3.3333333333333335,Q785031,1985,Ciencia ficción/fantasía,"Comedy,Romance,Sci-Fi",3,True,True,1.0,enwiki dump 20260901,https://en.wikipedia.org/w/index.php?oldid=1369730879,Plot,2026-09-29T11:24:33Z,CC BY-SA 4.0,659,ok
tt0081554,popular,1980-1989,top,500,150,3.3333333333333335,Q653518,1980,Comedia,"Comedy,Drama",3,True,True,1.0,enwiki dump 20260901,https://en.wikipedia.org/w/index.php?oldid=1356465524,Plot,2026-09-29T11:24:33Z,CC BY-SA 4.0,680,ok
tt0095031,popular,1980-1989,top,500,150,3.3333333333333335,Q185248,1988,Comedia,"Comedy,Crime",3,True,True,1.0,enwiki dump 20260901,https://en.wikipedia.org/w/index.php?oldid=1369245014,Plot,2026-09-29T11:24:33Z,CC BY-SA 4.0,659,ok
tt0086525,popular,1980-1989,top,500,150,3.3333333333333335,Q1745428,1983,Comedia,"Comedy,Romance",3,True,True,1.0,enwiki dump 20260901,https://en.wikipedia.org/w/index.php?oldid=1369257427,Plot,2026-09-29T11:24:34Z,CC BY-SA 4.0,720,ok
tt0094889,popular,1980-1989,top,500,150,3.3333333333333335,Q1105359,1988,Comedia,"Comedy,Drama,Romance",3,True,True,1.0,enwiki dump 20260901,https://en.wikipedia.org/w/index.php?oldid=1369040641,Plot,2026-09-29T11:24:34Z,CC BY-SA 4.0,612,ok
tt0088184,popular,1980-1989,top,500,150,3.3333333333333335,Q1345409,1984,Comedia,"Comedy,Drama",3,True,False,2.0,enwiki dump 20260901,https://en.wikipedia.org/w/index.php?oldid=1369348748,Plot,2026-09-29T11:24:34Z,CC BY-SA 4.0,957,ok
tt0097778,popular,1980-1989,top,500,150,3.3333333333333335,Q1324330,1989,Comedia,"Comedy,Romance",3,True,True,1.0,enwiki dump 20260901,https://en.wikipedia.org/w/index.php?oldid=1371158882,Plot,2026-09-29T11:24:34Z,CC BY-SA 4.0,479,ok
tt0084370,popular,1980-1989,top,500,150,3.3333333333333335,Q1304397,1982,Comedia,"Comedy,Drama",3,True,True,1.0,enwiki dump 20260901,https://en.wikipedia.org/w/index.php?oldid=1365048451,Plot,2026-09-29T11:24:34Z,CC BY-SA 4.0,457,ok
tt0093822,popular,1980-1989,top,500,150,3.3333333333333335,Q670439,1987,Comedia,"Comedy,Crime",3,True,True,1.0,enwiki dump 20260901,https://en.wikipedia.org/w/index.php?oldid=1372439725,Plot,2026-09-29T11:24:35Z,CC BY-SA 4.0,599,ok
tt0088258,popular,1980-1989,top,500,150,3.3333333333333335,Q7810384,1984,Comedia,"Comedy,Music",3,True,True,1.0,enwiki dump 20260901,https://en.wikipedia.org/w/index.php?oldid=1369351949,Plot,2026-09-29T11:24:35Z,CC BY-SA 4.0,613,ok
tt0092086,popular,1980-1989,top,500,150,3.3333333333333335,Q249288,1986,Comedia,"Comedy,Western",3,True,True,1.0,enwiki dump 20260901,https://en.wikipedia.org/w/index.php?oldid=1369848677,Plot,2026-09-29T11:24:35Z,CC BY-SA 4.0,601,ok
tt0084522,popular,1980-1989,top,500,150,3.3333333333333335,Q1284961,1981,Comedia,Comedy,3,True,False,2.0,enwiki dump 20260901,https://en.wikipedia.org/w/index.php?oldid=1372623644,Plot,2026-09-29T11:24:35Z,CC BY-SA 4.0,611,ok
tt0086927,popular,1980-1989,top,500,150,3.3333333333333335,Q798133,1984,Comedia,Comedy,3,True,True,1.0,enwiki dump 20260901,https://en.wikipedia.org/w/index.php?oldid=1371526686,Plot,2026-09-29T11:24:36Z,CC BY-SA 4.0,324,ok
tt0088286,popular,1980-1989,top,500,150,3.3333333333333335,Q506452,1984,Comedia,"Comedy,Crime,Music",3,True,False,2.0,enwiki dump 20260901,https://en.wikipedia.org/w/index.php?oldid=1366994743,Plot,2026-09-29T11:24:36Z,CC BY-SA 4.0,464,ok
tt0082801,popular,1980-1989,top,500,150,3.3333333333333335,Q1219775,1981,Comedia,Comedy,2,True,True,1.0,enwiki dump 20260901,https://en.wikipedia.org/w/index.php?oldid=1369429881,Plot,2026-09-29T11:24:36Z,CC BY-SA 4.0,578,ok
tt0096734,popular,1980-1989,top,500,150,3.3333333333333335,Q1740544,1989,Comedia,"Comedy,Mystery,Thriller",3,True,True,1.0,enwiki dump 20260901,https://en.wikipedia.org/w/index.php?oldid=1365507476,Plot,2026-09-29T11:24:36Z,CC BY-SA 4.0,542,ok
tt0089155,popular,1980-1989,top,500,150,3.3333333333333335,Q1428153,1985,Comedia,"Comedy,Crime,Mystery",3,True,True,1.0,enwiki dump 20260901,https://en.wikipedia.org/w/index.php?oldid=1372093789,Plot,2026-09-29T11:24:37Z,CC BY-SA 4.0,587,ok
tt0085794,popular,1980-1989,top,500,150,3.3333333333333335,Q1122281,1982,Comedia,"Comedy,Crime,Drama",3,True,True,1.0,enwiki dump 20260901,https://en.wikipedia.org/w/index.php?oldid=1371421973,Plot,2026-09-29T11:24:37Z,CC BY-SA 4.0,428,ok
tt0093886,popular,1980-1989,top,500,150,3.3333333333333335,Q1787875,1987,Comedia,"Comedy,Romance",3,True,True,1.0,enwiki dump 20260901,https://en.wikipedia.org/w/index.php?oldid=1362144637,Plot,2026-09-29T11:24:37Z,CC BY-SA 4.0,588,ok
tt0092699,popular,1980-1989,top,500,150,3.3333333333333335,Q1539062,1987,Comedia,"Comedy,Drama,Romance",3,True,True,1.0,enwiki dump 20260901,https://en.wikipedia.org/w/index.php?oldid=1371645757,Plot,2026-09-29T11:24:37Z,CC BY-SA 4.0,537,ok
tt0081562,popular,1980-1989,top,500,150,3.3333333333333335,Q232251,1980,Comedia,"Comedy,Crime",3,True,True,1.0,enwiki dump 20260901,https://en.wikipedia.org/w/index.php?oldid=1365569131,Plot,2026-09-29T11:24:38Z,CC BY-SA 4.0,645,ok
tt0087928,popular,1980-1989,top,500,150,3.3333333333333335,Q1248429,1984,Comedia,Comedy,3,True,True,1.0,enwiki dump 20260901,https://en.wikipedia.org/w/index.php?oldid=1367283985,Plot,2026-09-29T11:24:38Z,CC BY-SA 4.0,504,ok
tt0097216,popular,1980-1989,top,500,150,3.3333333333333335,Q1141252,1989,Comedia,"Comedy,Drama",3,True,True,1.0,enwiki dump 20260901,https://en.wikipedia.org/w/index.php?oldid=1372681891,Plot,2026-09-29T11:24:38Z,CC BY-SA 4.0,687,ok
tt0094898,popular,1980-1989,top,500,150,3.3333333333333335,Q493755,1988,Comedia,"Comedy,Romance",3,True,True,1.0,enwiki dump 20260901,https://en.wikipedia.org/w/index.php?oldid=1368247571,Plot,2026-09-29T11:24:38Z,CC BY-SA 4.0,781,ok
tt0093105,popular,1980-1989,top,500,150,3.3333333333333335,Q741878,1987,Comedia,"Biography,Comedy,Drama",3,True,True,1.0,enwiki dump 20260901,https://en.wikipedia.org/w/index.php?oldid=1360930738,Plot,2026-09-29T11:24:38Z,CC BY-SA 4.0,753,ok
tt0084865,popular,1980-1989,top,500,150,3.3333333333333335,Q936037,1982,Comedia,"Comedy,Music,Romance",3,True,False,2.0,enwiki dump 20260901,https://en.wikipedia.org/w/index.php?oldid=1368681514,Plot,2026-09-29T11:24:39Z,CC BY-SA 4.0,683,ok
tt0082926,popular,1980-1989,top,500,150,3.3333333333333335,Q1425404,1981,Comedia,Comedy,3,True,True,1.0,enwiki dump 20260901,https://en.wikipedia.org/w/index.php?oldid=1369989703,Plot,2026-09-29T11:24:39Z,CC BY-SA 4.0,484,ok
tt0088680,popular,1980-1989,top,500,150,3.3333333333333335,Q846209,1985,Comedia,"Comedy,Crime,Drama",3,True,True,1.0,enwiki dump 20260901,https://en.wikipedia.org/w/index.php?oldid=1367517645,Plot,2026-09-29T11:24:39Z,CC BY-SA 4.0,499,ok
tt0082031,popular,1980-1989,top,500,150,3.3333333333333335,Q627438,1981,Comedia,"Comedy,Romance",3,True,True,1.0,enwiki dump 20260901,https://en.wikipedia.org/w/index.php?oldid=1371998881,Plot,2026-09-29T11:24:39Z,CC BY-SA 4.0,393,ok
tt0082517,popular,1980-1989,top,500,150,3.3333333333333335,Q1471230,1981,Comedia,"Comedy,History,Musical",3,True,True,1.0,enwiki dump 20260901,https://en.wikipedia.org/w/index.php?oldid=1369738890,Plot,2026-09-29T11:24:40Z,CC BY-SA 4.0,803,ok
tt0085970,popular,1980-1989,top,500,150,3.3333333333333335,Q1373570,1983,Comedia,"Comedy,Drama",3,True,True,1.0,enwiki dump 20260901,https://en.wikipedia.org/w/index.php?oldid=1369481215,Plot,2026-09-29T11:24:40Z,CC BY-SA 4.0,476,ok
tt0083131,popular,1980-1989,top,500,150,3.3333333333333335,Q174153,1981,Comedia,"Comedy,War",3,True,True,1.0,enwiki dump 20260901,https://en.wikipedia.org/w/index.php?oldid=1367896309,Plot,2026-09-29T11:24:40Z,CC BY-SA 4.0,443,ok
tt0081375,popular,1980-1989,top,500,150,3.3333333333333335,Q83649,1980,Comedia,"Comedy,War",3,True,True,1.0,enwiki dump 20260901,https://en.wikipedia.org/w/index.php?oldid=1367323792,Plot,2026-09-29T11:24:40Z,CC BY-SA 4.0,410,ok
tt0093936,popular,1980-1989,top,500,150,3.3333333333333335,Q496227,1987,Comedia,"Comedy,Romance",3,True,True,1.0,enwiki dump 20260901,https://en.wikipedia.org/w/index.php?oldid=1372081062,Plot,2026-09-29T11:24:41Z,CC BY-SA 4.0,540,ok
tt0084234,popular,1980-1989,top,500,150,3.3333333333333335,Q2363955,1982,Comedia,"Comedy,Drama,Romance",2,True,True,1.0,enwiki dump 20260901,https://en.wikipedia.org/w/index.php?oldid=1372626587,Plot,2026-09-29T11:24:41Z,CC BY-SA 4.0,1036,ok
tt0091877,popular,1980-1989,top,500,150,3.3333333333333335,Q684697,1986,Comedia,"Comedy,Crime",3,True,True,1.0,enwiki dump 20260901,https://en.wikipedia.org/w/index.php?oldid=1371968872,Plot,2026-09-29T11:24:41Z,CC BY-SA 4.0,627,ok
tt0095159,popular,1980-1989,top,500,150,3.3333333333333335,Q466186,1988,Comedia,"Comedy,Crime",3,True,False,2.0,enwiki dump 20260901,https://en.wikipedia.org/w/index.php?oldid=1366335172,Plot,2026-09-29T11:24:41Z,CC BY-SA 4.0,528,ok
tt0082766,popular,1980-1989,top,500,150,3.3333333333333335,Q282827,1981,Drama,"Biography,Drama",3,True,True,1.0,enwiki dump 20260901,https://en.wikipedia.org/w/index.php?oldid=1371114451,Plot,2026-09-29T11:24:41Z,CC BY-SA 4.0,633,ok
tt0096969,popular,1980-1989,top,500,150,3.3333333333333335,Q471159,1989,Drama,"Biography,Drama,War",3,True,True,1.0,enwiki dump 20260901,https://en.wikipedia.org/w/index.php?oldid=1370989861,Plot,2026-09-29T11:24:42Z,CC BY-SA 4.0,646,ok
tt0082846,popular,1980-1989,top,500,150,3.3333333333333335,Q451603,1981,Drama,Drama,3,True,True,1.0,enwiki dump 20260901,https://en.wikipedia.org/w/index.php?oldid=1364724310,Plot,2026-09-29T11:24:42Z,CC BY-SA 4.0,596,ok
tt0080716,popular,1980-1989,top,500,150,3.3333333333333335,Q1351911,1980,Drama,"Drama,Music,Musical",3,True,True,1.0,enwiki dump 20260901,https://en.wikipedia.org/w/index.php?oldid=1369312480,Plot,2026-09-29T11:24:42Z,CC BY-SA 4.0,821,ok
tt0089560,popular,1980-1989,top,500,150,3.3333333333333335,Q929647,1985,Drama,"Biography,Drama",3,True,True,1.0,enwiki dump 20260901,https://en.wikipedia.org/w/index.php?oldid=1370865072,Plot,2026-09-29T11:24:42Z,CC BY-SA 4.0,841,ok
tt0080678,popular,1980-1989,top,500,150,3.3333333333333335,Q272860,1980,Drama,"Biography,Drama",3,True,True,1.0,enwiki dump 20260901,https://en.wikipedia.org/w/index.php?oldid=1372806946,Plot,2026-09-29T11:24:42Z,CC BY-SA 4.0,685,ok
tt0080549,popular,1980-1989,top,500,150,3.3333333333333335,Q1285467,1980,Drama,"Biography,Drama,Music",3,True,True,1.0,enwiki dump 20260901,https://en.wikipedia.org/w/index.php?oldid=1369304642,Plot,2026-09-29T11:24:43Z,CC BY-SA 4.0,492,ok
tt0089767,popular,1980-1989,top,500,150,3.3333333333333335,Q503338,1985,Drama,"Drama,Western",3,True,True,1.0,enwiki dump 20260901,https://en.wikipedia.org/w/index.php?oldid=1367222163,Plot,2026-09-29T11:24:43Z,CC BY-SA 4.0,586,ok
tt0081283,popular,1980-1989,top,500,150,3.3333333333333335,Q503313,1980,Drama,Drama,3,True,True,1.0,enwiki dump 20260901,https://en.wikipedia.org/w/index.php?oldid=1370641403,Plot,2026-09-29T11:24:43Z,CC BY-SA 4.0,507,ok
tt0087781,popular,1980-1989,top,500,150,3.3333333333333335,Q1197684,1984,Drama,"Drama,Sport",3,True,True,1.0,enwiki dump 20260901,https://en.wikipedia.org/w/index.php?oldid=1365993526,Plot,2026-09-29T11:24:43Z,CC BY-SA 4.0,678,ok
tt0089927,popular,1980-1989,top,500,150,3.3333333333333335,Q387638,1985,Drama,"Drama,Sport",3,True,True,1.0,enwiki dump 20260901,https://en.wikipedia.org/w/index.php?oldid=1371641839,Plot,2026-09-29T11:24:43Z,CC BY-SA 4.0,718,ok
tt0084335,popular,1980-1989,top,500,150,3.3333333333333335,Q400985,1982,Drama,"Biography,Drama,History",3,True,True,1.0,enwiki dump 20260901,https://en.wikipedia.org/w/index.php?oldid=1372731953,Plot,2026-09-29T11:24:44Z,CC BY-SA 4.0,300,ok
tt0086216,popular,1980-1989,top,500,150,3.3333333333333335,Q845102,1983,Romance,"Crime,Drama,Romance",3,True,True,1.0,enwiki dump 20260901,https://en.wikipedia.org/w/index.php?oldid=1361301555,Plot,2026-09-29T11:24:44Z,CC BY-SA 4.0,432,ok
tt0096332,popular,1980-1989,top,500,150,3.3333333333333335,Q1122571,1988,Romance,"Drama,Romance",3,True,True,1.0,enwiki dump 20260901,https://en.wikipedia.org/w/index.php?oldid=1370707020,Plot,2026-09-29T11:24:44Z,CC BY-SA 4.0,556,ok
tt0091635,popular,1980-1989,top,500,150,3.3333333333333335,Q644552,1986,Romance,"Drama,Romance",3,True,True,1.0,enwiki dump 20260901,https://en.wikipedia.org/w/index.php?oldid=1370585217,Plot,2026-09-29T11:24:44Z,CC BY-SA 4.0,693,ok
tt0082329,popular,1980-1989,top,500,150,3.3333333333333335,Q388408,1981,Romance,"Drama,Romance",3,True,True,1.0,enwiki dump 20260901,https://en.wikipedia.org/w/index.php?oldid=1369872169,Plot,2026-09-29T11:24:44Z,CC BY-SA 4.0,738,ok
tt0081974,popular,1980-1989,top,500,150,3.3333333333333335,Q1216268,1981,Romance,"Drama,Romance,Thriller",3,True,True,1.0,enwiki dump 20260901,https://en.wikipedia.org/w/index.php?oldid=1366806781,Plot,2026-09-29T11:24:44Z,CC BY-SA 4.0,422,ok
tt0082934,popular,1980-1989,top,500,150,3.3333333333333335,Q36739,1981,Romance,"Crime,Drama,Romance",3,True,True,1.0,enwiki dump 20260901,https://en.wikipedia.org/w/index.php?oldid=1366059515,Plot,2026-09-29T11:24:44Z,CC BY-SA 4.0,326,ok
tt0084434,popular,1980-1989,top,500,150,3.3333333333333335,Q1132575,1982,Romance,"Drama,Romance",3,True,True,1.0,enwiki dump 20260901,https://en.wikipedia.org/w/index.php?oldid=1370828447,Plot,2026-09-29T11:24:45Z,CC BY-SA 4.0,624,ok
tt0094947,popular,1980-1989,top,500,150,3.3333333333333335,Q830553,1988,Romance,"Drama,Romance",3,True,False,2.0,enwiki dump 20260901,https://en.wikipedia.org/w/index.php?oldid=1368125855,Plot,2026-09-29T11:24:45Z,CC BY-SA 4.0,597,ok
tt0095925,popular,1980-1989,top,500,150,3.3333333333333335,Q1168696,1988,Terror,"Fantasy,Horror",3,True,True,1.0,enwiki dump 20260901,https://en.wikipedia.org/w/index.php?oldid=1360697773,Plot,2026-09-29T11:24:45Z,CC BY-SA 4.0,720,ok
tt0082533,popular,1980-1989,top,500,150,3.3333333333333335,Q1170554,1981,Terror,Horror,3,True,True,1.0,enwiki dump 20260901,https://en.wikipedia.org/w/index.php?oldid=1368922646,Plot,2026-09-29T11:24:45Z,CC BY-SA 4.0,581,ok
tt0090021,popular,1980-1989,top,500,150,3.3333333333333335,Q1198033,1985,Terror,Horror,3,True,True,1.0,enwiki dump 20260901,https://en.wikipedia.org/w/index.php?oldid=1371678170,Plot,2026-09-29T11:24:45Z,CC BY-SA 4.0,578,ok
tt0087799,popular,1980-1989,top,500,150,3.3333333333333335,Q743872,1984,Terror,"Comedy,Horror,Sci-Fi",3,True,True,1.0,enwiki dump 20260901,https://en.wikipedia.org/w/index.php?oldid=1367147665,Plot,2026-09-29T11:24:45Z,CC BY-SA 4.0,681,ok
tt0083907,popular,1980-1989,top,500,150,3.3333333333333335,Q327604,1981,Terror,Horror,3,True,True,1.0,enwiki dump 20260901,https://en.wikipedia.org/w/index.php?oldid=1369675400,Plot,2026-09-29T11:24:46Z,CC BY-SA 4.0,662,ok
tt0090887,popular,1980-1989,top,500,150,3.3333333333333335,Q1140566,1986,Terror,"Comedy,Horror,Sci-Fi",3,True,True,1.0,enwiki dump 20260901,https://en.wikipedia.org/w/index.php?oldid=1371244699,Plot,2026-09-29T11:24:46Z,CC BY-SA 4.0,480,ok
tt0080360,popular,1980-1989,top,500,150,3.3333333333333335,Q1194524,1980,Terror,"Horror,Sci-Fi,Thriller",3,True,True,1.0,enwiki dump 20260901,https://en.wikipedia.org/w/index.php?oldid=1369896132,Plot,2026-09-29T11:24:46Z,CC BY-SA 4.0,668,ok
tt0088117,popular,1980-1989,top,500,150,3.3333333333333335,Q1438893,1984,Terror,"Horror,Thriller",3,True,True,1.0,enwiki dump 20260901,https://en.wikipedia.org/w/index.php?oldid=1363258121,Plot,2026-09-29T11:24:47Z,CC BY-SA 4.0,602,ok
tt0096071,popular,1980-1989,top,500,150,3.3333333333333335,Q1216030,1988,Terror,"Fantasy,Horror",3,True,True,1.0,enwiki dump 20260901,https://en.wikipedia.org/w/index.php?oldid=1366478209,Plot,2026-09-29T11:24:47Z,CC BY-SA 4.0,625,ok
tt0085780,popular,1980-1989,top,500,150,3.3333333333333335,Q1754140,1983,Terror,"Drama,Fantasy,Horror",3,True,False,2.0,enwiki dump 20260901,https://en.wikipedia.org/w/index.php?oldid=1372132505,Plot,2026-09-29T11:24:47Z,CC BY-SA 4.0,667,ok
tt0082334,popular,1980-1989,top,500,150,3.3333333333333335,Q2714553,1982,Terror,"Drama,Horror",3,True,True,1.0,enwiki dump 20260901,https://en.wikipedia.org/w/index.php?oldid=1364731042,Plot,2026-09-29T11:24:47Z,CC BY-SA 4.0,731,ok
tt0084899,popular,1980-1989,top,500,150,3.3333333333333335,Q783461,1982,Terror,"Drama,Horror",3,True,True,1.0,enwiki dump 20260901,https://en.wikipedia.org/w/index.php?oldid=1362117104,Plot,2026-09-29T11:24:47Z,CC BY-SA 4.0,329,ok
tt0093605,popular,1980-1989,top,500,150,3.3333333333333335,Q386164,1987,Terror,Horror,3,True,True,1.0,enwiki dump 20260901,https://en.wikipedia.org/w/index.php?oldid=1372145425,Plot,2026-09-29T11:24:47Z,CC BY-SA 4.0,572,ok
tt0093300,popular,1980-1989,top,500,150,3.3333333333333335,Q1199839,1987,Terror,"Adventure,Horror,Thriller",3,True,True,1.0,enwiki dump 20260901,https://en.wikipedia.org/w/index.php?oldid=1371198107,Plot,2026-09-29T11:24:48Z,CC BY-SA 4.0,596,ok
tt0081505,popular,1980-1989,top,500,150,3.3333333333333335,Q186341,1980,Terror,"Drama,Horror",3,True,False,2.0,enwiki dump 20260901,https://en.wikipedia.org/w/index.php?oldid=1371599018,Plot,2026-09-29T11:24:48Z,CC BY-SA 4.0,582,ok
tt0087262,popular,1980-1989,top,500,150,3.3333333333333335,Q848503,1984,Terror,"Action,Horror,Sci-Fi",3,True,True,1.0,enwiki dump 20260901,https://en.wikipedia.org/w/index.php?oldid=1365542589,Plot,2026-09-29T11:24:48Z,CC BY-SA 4.0,638,ok
tt0084745,popular,1980-1989,top,500,150,3.3333333333333335,Q1810512,1982,Terror,"Horror,Sci-Fi",3,True,True,1.0,enwiki dump 20260901,https://en.wikipedia.org/w/index.php?oldid=1368739991,Plot,2026-09-29T11:24:48Z,CC BY-SA 4.0,822,ok
tt0082242,popular,1980-1989,top,500,150,3.3333333333333335,Q1755263,1981,Terror,"Horror,Mystery",3,True,True,1.0,enwiki dump 20260901,https://en.wikipedia.org/w/index.php?oldid=1360695256,Plot,2026-09-29T11:24:48Z,CC BY-SA 4.0,355,ok
tt0086491,popular,1980-1989,top,500,150,3.3333333333333335,Q1330737,1983,Terror,"Horror,Sci-Fi",3,True,True,1.0,enwiki dump 20260901,https://en.wikipedia.org/w/index.php?oldid=1371861120,Plot,2026-09-29T11:24:48Z,CC BY-SA 4.0,1593,ok
tt0082418,popular,1980-1989,top,500,150,3.3333333333333335,Q1243009,1981,Terror,"Horror,Mystery,Thriller",3,True,True,1.0,enwiki dump 20260901,https://en.wikipedia.org/w/index.php?oldid=1370803326,Plot,2026-09-29T11:24:48Z,CC BY-SA 4.0,684,ok
tt0083722,popular,1980-1989,top,500,150,3.3333333333333335,Q1426423,1982,Terror,"Fantasy,Horror,Thriller",3,True,True,1.0,enwiki dump 20260901,https://en.wikipedia.org/w/index.php?oldid=1366072392,Plot,2026-09-29T11:24:49Z,CC BY-SA 4.0,680,ok
tt0095444,popular,1980-1989,top,500,150,3.3333333333333335,Q2171744,1988,Terror,"Comedy,Horror,Sci-Fi",3,True,True,1.0,enwiki dump 20260901,https://en.wikipedia.org/w/index.php?oldid=1369666544,Plot,2026-09-29T11:24:49Z,CC BY-SA 4.0,617,ok
tt0084787,popular,1980-1989,top,500,150,3.3333333333333335,Q210756,1982,Terror,"Horror,Mystery,Sci-Fi",3,True,False,2.0,enwiki dump 20260901,https://en.wikipedia.org/w/index.php?oldid=1371491433,Plot,2026-09-29T11:24:49Z,CC BY-SA 4.0,694,ok
tt0080749,popular,1980-1989,top,500,150,3.3333333333333335,Q500403,1980,Terror,"Horror,Thriller",3,True,True,1.0,enwiki dump 20260901,https://en.wikipedia.org/w/index.php?oldid=1369035079,Plot,2026-09-29T11:24:50Z,CC BY-SA 4.0,638,ok
tt0093773,popular,1980-1989,top,500,150,3.3333333333333335,Q200804,1987,Terror,"Action,Adventure,Horror",3,True,True,1.0,enwiki dump 20260901,https://en.wikipedia.org/w/index.php?oldid=1370723561,Plot,2026-09-29T11:24:50Z,CC BY-SA 4.0,660,ok
tt0082495,popular,1980-1989,top,500,150,3.3333333333333335,Q850312,1981,Terror,Horror,3,True,True,1.0,enwiki dump 20260901,https://en.wikipedia.org/w/index.php?oldid=1371890929,Plot,2026-09-29T11:24:50Z,CC BY-SA 4.0,746,ok
tt0088993,popular,1980-1989,top,500,150,3.3333333333333335,Q219170,1985,Terror,"Horror,Thriller",3,True,True,1.0,enwiki dump 20260901,https://en.wikipedia.org/w/index.php?oldid=1371830550,Plot,2026-09-29T11:24:50Z,CC BY-SA 4.0,951,ok
tt0085694,popular,1980-1989,top,500,150,3.3333333333333335,Q2609757,1982,Terror,"Horror,Mystery,Thriller",3,True,True,1.0,enwiki dump 20260901,https://en.wikipedia.org/w/index.php?oldid=1367327770,Plot,2026-09-29T11:24:50Z,CC BY-SA 4.0,425,ok
tt0087800,popular,1980-1989,top,500,150,3.3333333333333335,Q329434,1984,Terror,Horror,3,True,True,1.0,enwiki dump 20260901,https://en.wikipedia.org/w/index.php?oldid=1370672123,Plot,2026-09-29T11:24:50Z,CC BY-SA 4.0,575,ok
tt0080365,popular,1980-1989,top,500,150,3.3333333333333335,Q692720,1980,Thriller/crimen,"Crime,Drama,Mystery",3,True,True,1.0,enwiki dump 20260901,https://en.wikipedia.org/w/index.php?oldid=1368078073,Plot,2026-09-29T11:24:51Z,CC BY-SA 4.0,575,ok
tt0091886,popular,1980-1989,top,500,150,3.3333333333333335,Q1348423,1986,Thriller/crimen,"Drama,History,Thriller",3,True,False,3.0,enwiki dump 20260901,https://en.wikipedia.org/w/index.php?oldid=1369138903,Plot,2026-09-29T11:24:51Z,CC BY-SA 4.0,453,ok
tt0080661,popular,1980-1989,top,500,150,3.3333333333333335,Q980308,1980,Thriller/crimen,"Crime,Drama,Mystery",3,True,True,1.0,enwiki dump 20260901,https://en.wikipedia.org/w/index.php?oldid=1369800687,Plot,2026-09-29T11:24:51Z,CC BY-SA 4.0,604,ok
tt0088272,popular,1980-1989,top,500,150,3.3333333333333335,Q1125083,1984,Thriller/crimen,"Crime,Mystery,Thriller",3,True,True,1.0,enwiki dump 20260901,https://en.wikipedia.org/w/index.php?oldid=1367255371,Plot,2026-09-29T11:24:51Z,CC BY-SA 4.0,688,ok
tt0094894,popular,1980-1989,top,500,150,3.3333333333333335,Q1111758,1988,Thriller/crimen,"Crime,Drama,Thriller",3,True,True,1.0,enwiki dump 20260901,https://en.wikipedia.org/w/index.php?oldid=1371295278,Plot,2026-09-29T11:24:52Z,CC BY-SA 4.0,595,ok
tt0099763,popular,1980-1989,top,500,150,3.3333333333333335,Q125058,1986,Thriller/crimen,"Biography,Crime,Drama",3,True,True,1.0,enwiki dump 20260901,https://en.wikipedia.org/w/index.php?oldid=1372440071,Plot,2026-09-29T11:24:52Z,CC BY-SA 4.0,783,ok
tt0080474,popular,1980-1989,top,500,150,3.3333333333333335,Q798239,1980,Thriller/crimen,"Crime,Drama",3,True,True,1.0,enwiki dump 20260901,https://en.wikipedia.org/w/index.php?oldid=1372136654,Plot,2026-09-29T11:24:52Z,CC BY-SA 4.0,534,ok
tt0091209,popular,1980-1989,top,500,150,3.3333333333333335,Q1536239,1986,Thriller/crimen,"Mystery,Thriller",3,True,True,1.0,enwiki dump 20260901,https://en.wikipedia.org/w/index.php?oldid=1367137588,Plot,2026-09-29T11:24:52Z,CC BY-SA 4.0,642,ok
tt0093010,popular,1980-1989,top,500,150,3.3333333333333335,Q504157,1987,Thriller/crimen,"Drama,Thriller",3,True,True,1.0,enwiki dump 20260901,https://en.wikipedia.org/w/index.php?oldid=1368887209,Plot,2026-09-29T11:24:52Z,CC BY-SA 4.0,452,ok
tt0086250,popular,1980-1989,top,500,150,3.3333333333333335,Q47075,1983,Thriller/crimen,"Crime,Drama",3,True,True,1.0,enwiki dump 20260901,https://en.wikipedia.org/w/index.php?oldid=1371525401,Plot,2026-09-29T11:24:52Z,CC BY-SA 4.0,715,ok
tt0102798,popular,1990-1999,top,500,150,3.3333333333333335,Q486822,1991,Acción/aventura,"Action,Adventure,Drama",3,True,False,2.0,enwiki dump 20260901,https://en.wikipedia.org/w/index.php?oldid=1371120035,Plot,2026-09-29T11:24:53Z,CC BY-SA 4.0,560,ok
tt0120102,popular,1990-1999,top,500,150,3.3333333333333335,Q844883,1997,Acción/aventura,"Adventure,Biography,Drama",3,True,False,3.0,enwiki dump 20260901,https://en.wikipedia.org/w/index.php?oldid=1370684010,Plot,2026-09-29T11:24:53Z,CC BY-SA 4.0,575,ok
tt0105112,popular,1990-1999,top,500,150,3.3333333333333335,Q855222,1992,Acción/aventura,"Action,Thriller",3,True,True,1.0,enwiki dump 20260901,https://en.wikipedia.org/w/index.php?oldid=1371030659,Plot,2026-09-29T11:24:53Z,CC BY-SA 4.0,652,ok
tt0118655,popular,1990-1999,top,500,150,3.3333333333333335,Q501703,1997,Acción/aventura,"Adventure,Comedy",3,True,True,1.0,enwiki dump 20260901,https://en.wikipedia.org/w/index.php?oldid=1367330230,Plot,2026-09-29T11:24:53Z,CC BY-SA 4.0,486,ok
tt0143145,popular,1990-1999,top,500,150,3.3333333333333335,Q212145,1999,Acción/aventura,"Action,Adventure,Thriller",3,True,False,2.0,enwiki dump 20260901,https://en.wikipedia.org/w/index.php?oldid=1368512535,Plot,2026-09-29T11:24:54Z,CC BY-SA 4.0,774,ok
tt0120188,popular,1990-1999,top,500,150,3.3333333333333335,Q1357016,1999,Acción/aventura,"Action,Adventure,Comedy",3,True,True,1.0,enwiki dump 20260901,https://en.wikipedia.org/w/index.php?oldid=1371944097,Plot,2026-09-29T11:24:54Z,CC BY-SA 4.0,574,ok
tt0101393,popular,1990-1999,top,500,150,3.3333333333333335,Q499371,1991,Acción/aventura,"Action,Drama,Mystery",3,True,True,1.0,enwiki dump 20260901,https://en.wikipedia.org/w/index.php?oldid=1372216075,Plot,2026-09-29T11:24:54Z,CC BY-SA 4.0,694,ok
tt0114069,popular,1990-1999,top,500,150,3.3333333333333335,Q495513,1995,Acción/aventura,"Action,Drama,Thriller",3,True,True,1.0,enwiki dump 20260901,https://en.wikipedia.org/w/index.php?oldid=1367760099,Plot,2026-09-29T11:24:54Z,CC BY-SA 4.0,607,ok
tt0102803,popular,1990-1999,top,500,150,3.3333333333333335,Q1740704,1991,Acción/aventura,"Action,Adventure,Family",3,True,True,1.0,enwiki dump 20260901,https://en.wikipedia.org/w/index.php?oldid=1371512600,Plot,2026-09-29T11:24:55Z,CC BY-SA 4.0,716,ok
tt0104231,popular,1990-1999,top,500,150,3.3333333333333335,Q839341,1992,Acción/aventura,"Adventure,Drama,Romance",3,True,True,1.0,enwiki dump 20260901,https://en.wikipedia.org/w/index.php?oldid=1365913324,Plot,2026-09-29T11:24:55Z,CC BY-SA 4.0,614,ok
tt0104431,popular,1990-1999,top,500,150,3.3333333333333335,Q221202,1992,Acción/aventura,"Adventure,Comedy,Crime",3,True,True,1.0,enwiki dump 20260901,https://en.wikipedia.org/w/index.php?oldid=1372782792,Plot,2026-09-29T11:24:55Z,CC BY-SA 4.0,572,ok
tt0111280,popular,1990-1999,top,500,150,3.3333333333333335,Q723679,1994,Acción/aventura,"Action,Adventure,Mystery",3,True,True,1.0,enwiki dump 20260901,https://en.wikipedia.org/w/index.php?oldid=1372801989,Plot,2026-09-29T11:24:55Z,CC BY-SA 4.0,629,ok
tt0105698,popular,1990-1999,top,500,150,3.3333333333333335,Q640547,1992,Acción/aventura,"Action,Sci-Fi",3,True,True,1.0,enwiki dump 20260901,https://en.wikipedia.org/w/index.php?oldid=1365458547,Plot,2026-09-29T11:24:56Z,CC BY-SA 4.0,628,ok
tt0115759,popular,1990-1999,top,500,150,3.3333333333333335,Q392915,1996,Acción/aventura,"Action,Adventure,Thriller",3,True,True,1.0,enwiki dump 20260901,https://en.wikipedia.org/w/index.php?oldid=1372096464,Plot,2026-09-29T11:24:56Z,CC BY-SA 4.0,688,ok
tt0102685,popular,1990-1999,top,500,150,3.3333333333333335,Q1146552,1991,Acción/aventura,"Action,Crime,Thriller",3,True,False,2.0,enwiki dump 20260901,https://en.wikipedia.org/w/index.php?oldid=1370403257,Plot,2026-09-29T11:24:56Z,CC BY-SA 4.0,678,ok
tt0099423,popular,1990-1999,top,500,150,3.3333333333333335,Q105993,1990,Acción/aventura,"Action,Thriller",3,True,True,1.0,enwiki dump 20260901,https://en.wikipedia.org/w/index.php?oldid=1372308955,Plot,2026-09-29T11:24:56Z,CC BY-SA 4.0,657,ok
tt0111282,popular,1990-1999,top,500,150,3.3333333333333335,Q105801,1994,Acción/aventura,"Action,Adventure,Sci-Fi",3,True,False,2.0,enwiki dump 20260901,https://en.wikipedia.org/w/index.php?oldid=1371530674,Plot,2026-09-29T11:24:57Z,CC BY-SA 4.0,1004,ok
tt0102070,popular,1990-1999,top,500,150,3.3333333333333335,Q518127,1991,Acción/aventura,"Action,Adventure,Comedy",3,True,True,1.0,enwiki dump 20260901,https://en.wikipedia.org/w/index.php?oldid=1370193451,Plot,2026-09-29T11:24:57Z,CC BY-SA 4.0,667,ok
tt0112817,popular,1990-1999,top,500,150,3.3333333333333335,Q547189,1995,Acción/aventura,"Adventure,Drama,Western",3,True,False,3.0,enwiki dump 20260901,https://en.wikipedia.org/w/index.php?oldid=1371854224,Plot,2026-09-29T11:24:57Z,CC BY-SA 4.0,614,ok
tt0118883,popular,1990-1999,top,500,150,3.3333333333333335,Q506661,1997,Acción/aventura,"Action,Crime,Drama",3,True,True,1.0,enwiki dump 20260901,https://en.wikipedia.org/w/index.php?oldid=1372049549,Plot,2026-09-29T11:24:57Z,CC BY-SA 4.0,1049,ok
tt0120784,popular,1990-1999,top,500,150,3.3333333333333335,Q279057,1999,Acción/aventura,"Action,Crime,Drama",3,True,True,1.0,enwiki dump 20260901,https://en.wikipedia.org/w/index.php?oldid=1370239930,Plot,2026-09-29T11:24:58Z,CC BY-SA 4.0,677,ok
tt0115956,popular,1990-1999,top,500,150,3.3333333333333335,Q1339523,1996,Acción/aventura,"Action,Drama,Mystery",3,True,True,1.0,enwiki dump 20260901,https://en.wikipedia.org/w/index.php?oldid=1365492511,Plot,2026-09-29T11:24:58Z,CC BY-SA 4.0,586,ok
tt0119051,popular,1990-1999,top,500,150,3.3333333333333335,Q759333,1997,Acción/aventura,"Action,Adventure,Drama",3,True,True,1.0,enwiki dump 20260901,https://en.wikipedia.org/w/index.php?oldid=1372374164,Plot,2026-09-29T11:24:58Z,CC BY-SA 4.0,614,ok
tt0104691,popular,1990-1999,top,500,150,3.3333333333333335,Q144483,1992,Acción/aventura,"Action,Adventure,Drama",3,True,True,1.0,enwiki dump 20260901,https://en.wikipedia.org/w/index.php?oldid=1371885350,Plot,2026-09-29T11:24:58Z,CC BY-SA 4.0,2032,ok
tt0119654,popular,1990-1999,top,500,150,3.3333333333333335,Q51416,1997,Acción/aventura,"Action,Adventure,Comedy",3,True,True,1.0,enwiki dump 20260901,https://en.wikipedia.org/w/index.php?oldid=1372441586,Plot,2026-09-29T11:24:58Z,CC BY-SA 4.0,540,ok
tt0110657,popular,1990-1999,top,500,150,3.3333333333333335,Q289127,1994,Acción/aventura,"Action,Drama,Family",3,True,True,1.0,enwiki dump 20260901,https://en.wikipedia.org/w/index.php?oldid=1363206013,Plot,2026-09-29T11:24:59Z,CC BY-SA 4.0,667,ok
tt0106697,popular,1990-1999,top,500,150,3.3333333333333335,Q470891,1993,Acción/aventura,"Action,Sci-Fi,Thriller",3,True,True,1.0,enwiki dump 20260901,https://en.wikipedia.org/w/index.php?oldid=1368702623,Plot,2026-09-29T11:24:59Z,CC BY-SA 4.0,632,ok
tt0111255,popular,1990-1999,top,500,150,3.3333333333333335,Q471423,1994,Acción/aventura,"Action,Drama,Thriller",3,True,True,1.0,enwiki dump 20260901,https://en.wikipedia.org/w/index.php?oldid=1370884890,Plot,2026-09-29T11:24:59Z,CC BY-SA 4.0,681,ok
tt0117438,popular,1990-1999,top,500,150,3.3333333333333335,Q752362,1996,Acción/aventura,"Action,Crime,Drama",3,True,True,1.0,enwiki dump 20260901,https://en.wikipedia.org/w/index.php?oldid=1368282718,Plot,2026-09-29T11:24:59Z,CC BY-SA 4.0,550,ok
tt0113277,popular,1990-1999,top,500,150,3.3333333333333335,Q42198,1995,Acción/aventura,"Action,Crime,Drama",3,True,True,1.0,enwiki dump 20260901,https://en.wikipedia.org/w/index.php?oldid=1371160497,Plot,2026-09-29T11:24:59Z,CC BY-SA 4.0,655,ok
tt0100502,popular,1990-1999,top,500,150,3.3333333333333335,Q834021,1990,Acción/aventura,"Action,Crime,Sci-Fi",3,True,True,1.0,enwiki dump 20260901,https://en.wikipedia.org/w/index.php?oldid=1370753613,Plot,2026-09-29T11:25:00Z,CC BY-SA 4.0,565,ok
tt0099810,popular,1990-1999,top,500,150,3.3333333333333335,Q507994,1990,Acción/aventura,"Action,Adventure,Drama",3,True,True,1.0,enwiki dump 20260901,https://en.wikipedia.org/w/index.php?oldid=1371741567,Plot,2026-09-29T11:25:00Z,CC BY-SA 4.0,699,ok
tt0114898,popular,1990-1999,top,500,150,3.3333333333333335,Q272595,1995,Acción/aventura,"Action,Adventure,Sci-Fi",3,True,True,1.0,enwiki dump 20260901,https://en.wikipedia.org/w/index.php?oldid=1369742764,Plot,2026-09-29T11:25:00Z,CC BY-SA 4.0,718,ok
tt0120783,popular,1990-1999,top,500,150,3.3333333333333335,Q729782,1998,Acción/aventura,"Adventure,Comedy,Drama",3,True,False,2.0,enwiki dump 20260901,https://en.wikipedia.org/w/index.php?oldid=1370230737,Plot,2026-09-29T11:25:00Z,CC BY-SA 4.0,617,ok
tt0113189,popular,1990-1999,top,500,150,3.3333333333333335,Q19089,1995,Acción/aventura,"Action,Adventure,Thriller",3,True,False,2.0,enwiki dump 20260901,https://en.wikipedia.org/w/index.php?oldid=1371658220,Plot,2026-09-29T11:25:00Z,CC BY-SA 4.0,776,ok
tt0104714,popular,1990-1999,top,500,150,3.3333333333333335,Q751769,1992,Acción/aventura,"Action,Crime,Thriller",3,True,True,1.0,enwiki dump 20260901,https://en.wikipedia.org/w/index.php?oldid=1372695397,Plot,2026-09-29T11:25:01Z,CC BY-SA 4.0,659,ok
tt0112740,popular,1990-1999,top,500,150,3.3333333333333335,Q1140085,1995,Acción/aventura,"Action,Drama,Thriller",3,True,True,1.0,enwiki dump 20260901,https://en.wikipedia.org/w/index.php?oldid=1368356225,Plot,2026-09-29T11:25:01Z,CC BY-SA 4.0,1839,ok
tt0099422,popular,1990-1999,top,500,150,3.3333333333333335,Q1209853,1990,Acción/aventura,"Action,Comedy,Crime",3,True,True,1.0,enwiki dump 20260901,https://en.wikipedia.org/w/index.php?oldid=1369894625,Plot,2026-09-29T11:25:01Z,CC BY-SA 4.0,625,ok
tt0099005,popular,1990-1999,top,500,150,3.3333333333333335,Q406785,1990,Acción/aventura,"Action,Comedy,War",3,True,True,1.0,enwiki dump 20260901,https://en.wikipedia.org/w/index.php?oldid=1359822363,Plot,2026-09-29T11:25:01Z,CC BY-SA 4.0,617,ok
tt0149261,popular,1990-1999,top,500,150,3.3333333333333335,Q599095,1999,Acción/aventura,"Action,Adventure,Sci-Fi",3,True,False,2.0,enwiki dump 20260901,https://en.wikipedia.org/w/index.php?oldid=1372167223,Plot,2026-09-29T11:25:01Z,CC BY-SA 4.0,790,ok
tt0105477,popular,1990-1999,top,500,150,3.3333333333333335,Q254555,1992,Acción/aventura,"Action,Comedy",3,True,True,1.0,enwiki dump 20260901,https://en.wikipedia.org/w/index.php?oldid=1367767060,Plot,2026-09-29T11:25:01Z,CC BY-SA 4.0,564,ok
tt0120647,popular,1990-1999,top,500,150,3.3333333333333335,Q49498,1998,Acción/aventura,"Action,Drama,Sci-Fi",3,True,True,1.0,enwiki dump 20260901,https://en.wikipedia.org/w/index.php?oldid=1372701182,Plot,2026-09-29T11:25:01Z,CC BY-SA 4.0,692,ok
tt0112401,popular,1990-1999,top,500,150,3.3333333333333335,Q739498,1995,Acción/aventura,"Action,Crime,Thriller",3,True,False,2.0,enwiki dump 20260901,https://en.wikipedia.org/w/index.php?oldid=1370475158,Plot,2026-09-29T11:25:02Z,CC BY-SA 4.0,467,ok
tt0100944,popular,1990-1999,top,500,150,3.3333333333333335,Q1616747,1990,Acción/aventura,"Adventure,Comedy,Family",3,True,False,2.0,enwiki dump 20260901,https://en.wikipedia.org/w/index.php?oldid=1368153285,Plot,2026-09-29T11:25:02Z,CC BY-SA 4.0,702,ok
tt0102614,popular,1990-1999,top,500,150,3.3333333333333335,Q517652,1991,Acción/aventura,"Action,Crime,Drama",3,True,True,1.0,enwiki dump 20260901,https://en.wikipedia.org/w/index.php?oldid=1372156106,Plot,2026-09-29T11:25:02Z,CC BY-SA 4.0,652,ok
tt0105629,popular,1990-1999,top,500,150,3.3333333333333335,Q1849238,1992,Acción/aventura,"Adventure,Comedy,Drama",3,True,True,1.0,enwiki dump 20260901,https://en.wikipedia.org/w/index.php?oldid=1359147484,Plot,2026-09-29T11:25:02Z,CC BY-SA 4.0,336,ok
tt0116225,popular,1990-1999,top,500,150,3.3333333333333335,Q741026,1996,Acción/aventura,"Action,Adventure,Sci-Fi",3,True,True,1.0,enwiki dump 20260901,https://en.wikipedia.org/w/index.php?oldid=1370244159,Plot,2026-09-29T11:25:02Z,CC BY-SA 4.0,721,ok
tt0120616,popular,1990-1999,top,500,150,3.3333333333333335,Q202508,1999,Acción/aventura,"Action,Adventure,Fantasy",3,True,True,1.0,enwiki dump 20260901,https://en.wikipedia.org/w/index.php?oldid=1370239319,Plot,2026-09-29T11:25:02Z,CC BY-SA 4.0,594,ok
tt0118689,popular,1990-1999,top,500,150,3.3333333333333335,Q752103,1997,Acción/aventura,"Adventure,Comedy,Family",3,True,False,2.0,enwiki dump 20260901,https://en.wikipedia.org/w/index.php?oldid=1371084008,Plot,2026-09-29T11:25:03Z,CC BY-SA 4.0,604,ok
tt0103074,popular,1990-1999,top,500,150,3.3333333333333335,Q658041,1991,Acción/aventura,"Adventure,Crime,Drama",3,True,False,3.0,enwiki dump 20260901,https://en.wikipedia.org/w/index.php?oldid=1369717498,Plot,2026-09-29T11:25:03Z,CC BY-SA 4.0,708,ok
tt0109190,popular,1990-1999,top,500,150,3.3333333333333335,Q637884,1994,Acción/aventura,"Adventure,Comedy,Crime",3,True,True,1.0,enwiki dump 20260901,https://en.wikipedia.org/w/index.php?oldid=1363508581,Plot,2026-09-29T11:25:03Z,CC BY-SA 4.0,384,ok
tt0102558,popular,1990-1999,top,500,150,3.3333333333333335,Q646269,1991,Acción/aventura,"Adventure,Comedy",3,True,True,1.0,enwiki dump 20260901,https://en.wikipedia.org/w/index.php?oldid=1368432327,Plot,2026-09-29T11:25:03Z,CC BY-SA 4.0,748,ok
tt0110357,popular,1990-1999,top,500,150,3.3333333333333335,Q36479,1994,Animación,"Adventure,Animation,Drama",3,True,True,1.0,enwiki dump 20260901,https://en.wikipedia.org/w/index.php?oldid=1372116551,Plot,2026-09-29T11:25:04Z,CC BY-SA 4.0,652,ok
tt0120762,popular,1990-1999,top,500,150,3.3333333333333335,Q537407,1998,Animación,"Adventure,Animation,Comedy",3,True,True,1.0,enwiki dump 20260901,https://en.wikipedia.org/w/index.php?oldid=1372658786,Plot,2026-09-29T11:25:04Z,CC BY-SA 4.0,554,ok
tt0106364,popular,1990-1999,top,500,150,3.3333333333333335,Q810858,1993,Animación,"Action,Adventure,Animation",3,True,True,1.0,enwiki dump 20260901,https://en.wikipedia.org/w/index.php?oldid=1369532705,Plot,2026-09-29T11:25:04Z,CC BY-SA 4.0,754,ok
tt0120623,popular,1990-1999,top,500,150,3.3333333333333335,Q216153,1998,Animación,"Adventure,Animation,Comedy",3,True,True,1.0,enwiki dump 20260901,https://en.wikipedia.org/w/index.php?oldid=1368085817,Plot,2026-09-29T11:25:04Z,CC BY-SA 4.0,636,ok
tt0115641,popular,1990-1999,top,500,150,3.3333333333333335,Q616842,1996,Animación,"Adventure,Animation,Comedy",3,True,True,1.0,enwiki dump 20260901,https://en.wikipedia.org/w/index.php?oldid=1372792304,Plot,2026-09-29T11:25:04Z,CC BY-SA 4.0,652,ok
tt0116683,popular,1990-1999,top,500,150,3.3333333333333335,Q1131380,1996,Animación,"Adventure,Animation,Family",3,True,False,2.0,enwiki dump 20260901,https://en.wikipedia.org/w/index.php?oldid=1372720167,Plot,2026-09-29T11:25:05Z,CC BY-SA 4.0,446,ok
tt0158983,popular,1990-1999,top,500,150,3.3333333333333335,Q656118,1999,Animación,"Animation,Comedy,Fantasy",3,True,True,1.0,enwiki dump 20260901,https://en.wikipedia.org/w/index.php?oldid=1372755935,Plot,2026-09-29T11:25:05Z,CC BY-SA 4.0,648,ok
tt0101272,popular,1990-1999,top,500,150,3.3333333333333335,Q1210947,1991,Ciencia ficción/fantasía,"Comedy,Fantasy",3,True,True,1.0,enwiki dump 20260901,https://en.wikipedia.org/w/index.php?oldid=1364348056,Plot,2026-09-29T11:25:05Z,CC BY-SA 4.0,683,ok
tt0109813,popular,1990-1999,top,500,150,3.3333333333333335,Q602094,1994,Ciencia ficción/fantasía,"Comedy,Family,Fantasy",3,True,True,1.0,enwiki dump 20260901,https://en.wikipedia.org/w/index.php?oldid=1372484388,Plot,2026-09-29T11:25:05Z,CC BY-SA 4.0,588,ok
tt0120689,popular,1990-1999,top,500,150,3.3333333333333335,Q208263,1999,Ciencia ficción/fantasía,"Crime,Drama,Fantasy",3,True,True,1.0,enwiki dump 20260901,https://en.wikipedia.org/w/index.php?oldid=1371286315,Plot,2026-09-29T11:25:05Z,CC BY-SA 4.0,630,ok
tt0112642,popular,1990-1999,top,500,150,3.3333333333333335,Q1048166,1995,Ciencia ficción/fantasía,"Comedy,Family,Fantasy",3,True,True,1.0,enwiki dump 20260901,https://en.wikipedia.org/w/index.php?oldid=1369502106,Plot,2026-09-29T11:25:06Z,CC BY-SA 4.0,803,ok
tt0120789,popular,1990-1999,top,500,150,3.3333333333333335,Q729794,1998,Ciencia ficción/fantasía,"Comedy,Drama,Fantasy",3,True,True,1.0,enwiki dump 20260901,https://en.wikipedia.org/w/index.php?oldid=1371892030,Plot,2026-09-29T11:25:06Z,CC BY-SA 4.0,727,ok
tt0104291,popular,1990-1999,top,500,150,3.3333333333333335,Q515218,1992,Ciencia ficción/fantasía,"Drama,Romance,Sci-Fi",3,True,True,1.0,enwiki dump 20260901,https://en.wikipedia.org/w/index.php?oldid=1363493642,Plot,2026-09-29T11:25:06Z,CC BY-SA 4.0,523,ok
tt0106220,popular,1990-1999,top,500,150,3.3333333333333335,Q204725,1993,Ciencia ficción/fantasía,"Comedy,Fantasy",3,True,True,1.0,enwiki dump 20260901,https://en.wikipedia.org/w/index.php?oldid=1368658928,Plot,2026-09-29T11:25:06Z,CC BY-SA 4.0,565,ok
tt0116365,popular,1990-1999,top,500,150,3.3333333333333335,Q1332274,1996,Ciencia ficción/fantasía,"Comedy,Drama,Fantasy",3,True,False,2.0,enwiki dump 20260901,https://en.wikipedia.org/w/index.php?oldid=1371720441,Plot,2026-09-29T11:25:06Z,CC BY-SA 4.0,589,ok
tt0107120,popular,1990-1999,top,500,150,3.3333333333333335,Q431140,1993,Ciencia ficción/fantasía,"Comedy,Family,Fantasy",3,True,True,1.0,enwiki dump 20260901,https://en.wikipedia.org/w/index.php?oldid=1372455997,Plot,2026-09-29T11:25:06Z,CC BY-SA 4.0,747,ok
tt0119177,popular,1990-1999,top,500,150,3.3333333333333335,Q491800,1997,Ciencia ficción/fantasía,"Drama,Sci-Fi,Thriller",3,True,True,1.0,enwiki dump 20260901,https://en.wikipedia.org/w/index.php?oldid=1370888218,Plot,2026-09-29T11:25:07Z,CC BY-SA 4.0,679,ok
tt0119643,popular,1990-1999,top,500,150,3.3333333333333335,Q676513,1998,Ciencia ficción/fantasía,"Drama,Fantasy,Romance",3,True,True,1.0,enwiki dump 20260901,https://en.wikipedia.org/w/index.php?oldid=1371651274,Plot,2026-09-29T11:25:07Z,CC BY-SA 4.0,597,ok
tt0118884,popular,1990-1999,top,500,150,3.3333333333333335,Q270215,1997,Ciencia ficción/fantasía,"Drama,Mystery,Sci-Fi",3,True,True,1.0,enwiki dump 20260901,https://en.wikipedia.org/w/index.php?oldid=1372673241,Plot,2026-09-29T11:25:07Z,CC BY-SA 4.0,659,ok
tt0114558,popular,1990-1999,top,500,150,3.3333333333333335,Q550529,1995,Ciencia ficción/fantasía,"Crime,Drama,Sci-Fi",3,True,True,1.0,enwiki dump 20260901,https://en.wikipedia.org/w/index.php?oldid=1371642959,Plot,2026-09-29T11:25:07Z,CC BY-SA 4.0,808,ok
tt0099892,popular,1990-1999,top,500,150,3.3333333333333335,Q1740645,1990,Comedia,"Comedy,Romance",3,True,True,1.0,enwiki dump 20260901,https://en.wikipedia.org/w/index.php?oldid=1368276914,Plot,2026-09-29T11:25:07Z,CC BY-SA 4.0,627,ok
tt0147800,popular,1990-1999,top,500,150,3.3333333333333335,Q169082,1999,Comedia,"Comedy,Drama,Romance",3,True,True,1.0,enwiki dump 20260901,https://en.wikipedia.org/w/index.php?oldid=1369902452,Plot,2026-09-29T11:25:08Z,CC BY-SA 4.0,607,ok
tt0102510,popular,1990-1999,top,500,150,3.3333333333333335,Q502979,1991,Comedia,"Comedy,Crime",3,True,True,1.0,enwiki dump 20260901,https://en.wikipedia.org/w/index.php?oldid=1352596102,Plot,2026-09-29T11:25:08Z,CC BY-SA 4.0,611,ok
tt0116126,popular,1990-1999,top,500,150,3.3333333333333335,Q1619928,1996,Comedia,"Comedy,Crime",3,True,True,1.0,enwiki dump 20260901,https://en.wikipedia.org/w/index.php?oldid=1371411629,Plot,2026-09-29T11:25:08Z,CC BY-SA 4.0,614,ok
tt0112431,popular,1990-1999,top,500,150,3.3333333333333335,Q720724,1995,Comedia,"Comedy,Drama,Family",3,True,False,2.0,enwiki dump 20260901,https://en.wikipedia.org/w/index.php?oldid=1372721952,Plot,2026-09-29T11:25:08Z,CC BY-SA 4.0,595,ok
tt0128853,popular,1990-1999,top,500,150,3.3333333333333335,Q284229,1998,Comedia,"Comedy,Drama,Romance",3,True,True,1.0,enwiki dump 20260901,https://en.wikipedia.org/w/index.php?oldid=1371540140,Plot,2026-09-29T11:25:08Z,CC BY-SA 4.0,559,ok
tt0101912,popular,1990-1999,top,500,150,3.3333333333333335,Q774004,1991,Comedia,"Comedy,Drama,Romance",3,True,True,1.0,enwiki dump 20260901,https://en.wikipedia.org/w/index.php?oldid=1360147300,Plot,2026-09-29T11:25:09Z,CC BY-SA 4.0,503,ok
tt0115734,popular,1990-1999,top,500,150,3.3333333333333335,Q514565,1996,Comedia,"Comedy,Crime,Drama",3,True,True,1.0,enwiki dump 20260901,https://en.wikipedia.org/w/index.php?oldid=1367162423,Plot,2026-09-29T11:25:09Z,CC BY-SA 4.0,613,ok
tt0105151,popular,1990-1999,top,500,150,3.3333333333333335,Q1551573,1992,Comedia,"Comedy,Crime,Drama",3,True,True,1.0,enwiki dump 20260901,https://en.wikipedia.org/w/index.php?oldid=1364270723,Plot,2026-09-29T11:25:09Z,CC BY-SA 4.0,712,ok
tt0160862,popular,1990-1999,top,500,150,3.3333333333333335,Q464584,1999,Comedia,"Comedy,Romance",3,True,True,1.0,enwiki dump 20260901,https://en.wikipedia.org/w/index.php?oldid=1367296031,Plot,2026-09-29T11:25:09Z,CC BY-SA 4.0,520,ok
tt0110366,popular,1990-1999,top,500,150,3.3333333333333335,Q644634,1994,Comedia,"Comedy,Family,Romance",3,True,True,1.0,enwiki dump 20260901,https://en.wikipedia.org/w/index.php?oldid=1370171077,Plot,2026-09-29T11:25:09Z,CC BY-SA 4.0,600,ok
tt0106387,popular,1990-1999,top,500,150,3.3333333333333335,Q793074,1993,Comedia,"Comedy,Drama,Romance",3,True,True,1.0,enwiki dump 20260901,https://en.wikipedia.org/w/index.php?oldid=1350868034,Plot,2026-09-29T11:25:09Z,CC BY-SA 4.0,782,ok
tt0163651,popular,1990-1999,top,500,150,3.3333333333333335,Q220713,1999,Comedia,Comedy,3,True,True,1.0,enwiki dump 20260901,https://en.wikipedia.org/w/index.php?oldid=1371362226,Plot,2026-09-29T11:25:10Z,CC BY-SA 4.0,636,ok
tt0108525,popular,1990-1999,top,500,150,3.3333333333333335,Q1427730,1993,Comedia,"Comedy,Music",3,True,True,1.0,enwiki dump 20260901,https://en.wikipedia.org/w/index.php?oldid=1365898473,Plot,2026-09-29T11:25:10Z,CC BY-SA 4.0,504,ok
tt0119738,popular,1990-1999,top,500,150,3.3333333333333335,Q918380,1997,Comedia,"Comedy,Drama,Romance",3,True,True,1.0,enwiki dump 20260901,https://en.wikipedia.org/w/index.php?oldid=1363300874,Plot,2026-09-29T11:25:10Z,CC BY-SA 4.0,643,ok
tt0109520,popular,1990-1999,top,500,150,3.3333333333333335,Q598549,1994,Comedia,"Comedy,Drama,Family",3,True,True,1.0,enwiki dump 20260901,https://en.wikipedia.org/w/index.php?oldid=1361666379,Plot,2026-09-29T11:25:11Z,CC BY-SA 4.0,869,ok
tt0104952,popular,1990-1999,top,500,150,3.3333333333333335,Q838154,1992,Comedia,"Comedy,Crime",3,True,True,1.0,enwiki dump 20260901,https://en.wikipedia.org/w/index.php?oldid=1370690802,Plot,2026-09-29T11:25:11Z,CC BY-SA 4.0,657,ok
tt0125439,popular,1990-1999,top,500,150,3.3333333333333335,Q200672,1999,Comedia,"Comedy,Drama,Romance",3,True,False,2.0,enwiki dump 20260901,https://en.wikipedia.org/w/index.php?oldid=1368101895,Plot,2026-09-29T11:25:11Z,CC BY-SA 4.0,694,ok
tt0113749,popular,1990-1999,top,500,150,3.3333333333333335,Q39999,1995,Comedia,"Comedy,Romance",3,True,True,1.0,enwiki dump 20260901,https://en.wikipedia.org/w/index.php?oldid=1372766332,Plot,2026-09-29T11:25:11Z,CC BY-SA 4.0,607,ok
tt0103939,popular,1990-1999,top,500,150,3.3333333333333335,Q556967,1992,Comedia,"Biography,Comedy,Drama",3,True,False,5.0,enwiki dump 20260901,https://en.wikipedia.org/w/index.php?oldid=1363597468,Plot,2026-09-29T11:25:11Z,CC BY-SA 4.0,693,ok
tt0117802,popular,1990-1999,top,500,150,3.3333333333333335,Q2062140,1996,Comedia,"Comedy,Drama",3,True,True,1.0,enwiki dump 20260901,https://en.wikipedia.org/w/index.php?oldid=1365239307,Plot,2026-09-29T11:25:12Z,CC BY-SA 4.0,450,ok
tt0129387,popular,1990-1999,top,500,150,3.3333333333333335,Q177374,1998,Comedia,"Comedy,Romance",3,True,True,1.0,enwiki dump 20260901,https://en.wikipedia.org/w/index.php?oldid=1369867938,Plot,2026-09-29T11:25:12Z,CC BY-SA 4.0,586,ok
tt0109068,popular,1990-1999,top,500,150,3.3333333333333335,Q408725,1994,Comedia,"Comedy,Crime,Music",3,True,True,1.0,enwiki dump 20260901,https://en.wikipedia.org/w/index.php?oldid=1367628146,Plot,2026-09-29T11:25:12Z,CC BY-SA 4.0,671,ok
tt0100436,popular,1990-1999,top,500,150,3.3333333333333335,Q1587058,1990,Comedia,"Comedy,Drama,Music",3,True,False,2.0,enwiki dump 20260901,https://en.wikipedia.org/w/index.php?oldid=1365242449,Plot,2026-09-29T11:25:12Z,CC BY-SA 4.0,540,ok
tt0112950,popular,1990-1999,top,500,150,3.3333333333333335,Q2309994,1995,Comedia,"Comedy,Drama,Music",3,True,True,1.0,enwiki dump 20260901,https://en.wikipedia.org/w/index.php?oldid=1369585349,Plot,2026-09-29T11:25:12Z,CC BY-SA 4.0,654,ok
tt0114924,popular,1990-1999,top,500,150,3.3333333333333335,Q492093,1995,Comedia,"Comedy,Drama,Romance",3,True,True,1.0,enwiki dump 20260901,https://en.wikipedia.org/w/index.php?oldid=1367707111,Plot,2026-09-29T11:25:13Z,CC BY-SA 4.0,740,ok
tt0105417,popular,1990-1999,top,500,150,3.3333333333333335,Q776302,1992,Comedia,"Comedy,Family,Music",3,True,True,1.0,enwiki dump 20260901,https://en.wikipedia.org/w/index.php?oldid=1369490831,Plot,2026-09-29T11:25:13Z,CC BY-SA 4.0,823,ok
tt0102492,popular,1990-1999,top,500,150,3.3333333333333335,Q833299,1991,Comedia,"Comedy,Drama,Family",3,True,True,1.0,enwiki dump 20260901,https://en.wikipedia.org/w/index.php?oldid=1371745826,Plot,2026-09-29T11:25:13Z,CC BY-SA 4.0,606,ok
tt0128445,popular,1990-1999,top,500,150,3.3333333333333335,Q1347393,1998,Comedia,"Comedy,Drama,Romance",3,True,True,1.0,enwiki dump 20260901,https://en.wikipedia.org/w/index.php?oldid=1370998291,Plot,2026-09-29T11:25:13Z,CC BY-SA 4.0,702,ok
tt0104940,popular,1990-1999,top,500,150,3.3333333333333335,Q714721,1992,Comedia,"Comedy,Drama,Family",3,True,True,1.0,enwiki dump 20260901,https://en.wikipedia.org/w/index.php?oldid=1365701089,Plot,2026-09-29T11:25:13Z,CC BY-SA 4.0,569,ok
tt0108052,popular,1990-1999,top,500,150,3.3333333333333335,Q483941,1993,Drama,"Biography,Drama,History",3,True,True,1.0,enwiki dump 20260901,https://en.wikipedia.org/w/index.php?oldid=1370770904,Plot,2026-09-29T11:25:14Z,CC BY-SA 4.0,660,ok
tt0101921,popular,1990-1999,top,500,150,3.3333333333333335,Q118375,1991,Drama,Drama,3,True,True,1.0,enwiki dump 20260901,https://en.wikipedia.org/w/index.php?oldid=1363687371,Plot,2026-09-29T11:25:14Z,CC BY-SA 4.0,647,ok
tt0108002,popular,1990-1999,top,500,150,3.3333333333333335,Q3107519,1993,Drama,"Biography,Drama,Sport",3,True,True,1.0,enwiki dump 20260901,https://en.wikipedia.org/w/index.php?oldid=1367994085,Plot,2026-09-29T11:25:14Z,CC BY-SA 4.0,731,ok
tt0132477,popular,1990-1999,top,500,150,3.3333333333333335,Q1141420,1999,Drama,"Biography,Drama,Family",3,True,True,1.0,enwiki dump 20260901,https://en.wikipedia.org/w/index.php?oldid=1371214212,Plot,2026-09-29T11:25:14Z,CC BY-SA 4.0,526,ok
tt0118607,popular,1990-1999,top,500,150,3.3333333333333335,Q472361,1997,Drama,"Biography,Drama,History",3,True,True,1.0,enwiki dump 20260901,https://en.wikipedia.org/w/index.php?oldid=1370821497,Plot,2026-09-29T11:25:14Z,CC BY-SA 4.0,667,ok
tt0118749,popular,1990-1999,top,500,150,3.3333333333333335,Q291170,1997,Drama,Drama,3,True,True,1.0,enwiki dump 20260901,https://en.wikipedia.org/w/index.php?oldid=1370139785,Plot,2026-09-29T11:25:15Z,CC BY-SA 4.0,722,ok
tt0105046,popular,1990-1999,top,500,150,3.3333333333333335,Q1091172,1992,Drama,"Drama,Western",3,True,True,1.0,enwiki dump 20260901,https://en.wikipedia.org/w/index.php?oldid=1364753642,Plot,2026-09-29T11:25:15Z,CC BY-SA 4.0,528,ok
tt0120863,popular,1990-1999,top,500,150,3.3333333333333335,Q221491,1998,Drama,"Drama,History,War",3,True,True,1.0,enwiki dump 20260901,https://en.wikipedia.org/w/index.php?oldid=1371795223,Plot,2026-09-29T11:25:15Z,CC BY-SA 4.0,680,ok
tt0114436,popular,1990-1999,top,500,150,3.3333333333333335,Q532264,1995,Drama,Drama,3,True,False,2.0,enwiki dump 20260901,https://en.wikipedia.org/w/index.php?oldid=1372166043,Plot,2026-09-29T11:25:15Z,CC BY-SA 4.0,893,ok
tt0110932,popular,1990-1999,top,500,150,3.3333333333333335,Q651722,1994,Drama,"Biography,Drama,History",3,True,True,1.0,enwiki dump 20260901,https://en.wikipedia.org/w/index.php?oldid=1372731844,Plot,2026-09-29T11:25:16Z,CC BY-SA 4.0,596,ok
tt0112579,popular,1990-1999,top,500,150,3.3333333333333335,Q399823,1995,Romance,"Drama,Romance",3,True,True,1.0,enwiki dump 20260901,https://en.wikipedia.org/w/index.php?oldid=1370983149,Plot,2026-09-29T11:25:16Z,CC BY-SA 4.0,416,ok
tt0107211,popular,1990-1999,top,500,150,3.3333333333333335,Q603448,1993,Romance,"Drama,Romance",3,True,True,1.0,enwiki dump 20260901,https://en.wikipedia.org/w/index.php?oldid=1369578000,Plot,2026-09-29T11:25:16Z,CC BY-SA 4.0,560,ok
tt0139134,popular,1990-1999,top,500,150,3.3333333333333335,Q64151,1999,Romance,"Drama,Romance",3,True,True,1.0,enwiki dump 20260901,https://en.wikipedia.org/w/index.php?oldid=1372627652,Plot,2026-09-29T11:25:16Z,CC BY-SA 4.0,643,ok
tt0110322,popular,1990-1999,top,500,150,3.3333333333333335,Q913324,1994,Romance,"Drama,Romance,War",3,True,True,1.0,enwiki dump 20260901,https://en.wikipedia.org/w/index.php?oldid=1362855729,Plot,2026-09-29T11:25:16Z,CC BY-SA 4.0,671,ok
tt0110632,popular,1990-1999,top,500,150,3.3333333333333335,Q748986,1994,Romance,"Crime,Romance",3,True,True,1.0,enwiki dump 20260901,https://en.wikipedia.org/w/index.php?oldid=1372184902,Plot,2026-09-29T11:25:16Z,CC BY-SA 4.0,765,ok
tt0110367,popular,1990-1999,top,500,150,3.3333333333333335,Q850522,1994,Romance,"Drama,Family,Romance",3,True,True,1.0,enwiki dump 20260901,https://en.wikipedia.org/w/index.php?oldid=1369880863,Plot,2026-09-29T11:25:17Z,CC BY-SA 4.0,644,ok
tt0138704,popular,1990-1999,top,500,150,3.3333333333333335,Q937762,1998,Terror,"Drama,Horror,Mystery",3,True,True,1.0,enwiki dump 20260901,https://en.wikipedia.org/w/index.php?oldid=1370393451,Plot,2026-09-29T11:25:17Z,CC BY-SA 4.0,597,ok
tt0185937,popular,1990-1999,top,500,150,3.3333333333333335,Q644554,1999,Terror,"Horror,Mystery",3,True,True,1.0,enwiki dump 20260901,https://en.wikipedia.org/w/index.php?oldid=1370289473,Plot,2026-09-29T11:25:17Z,CC BY-SA 4.0,642,ok
tt0105665,popular,1990-1999,top,500,150,3.3333333333333335,Q1140578,1992,Terror,"Drama,Horror,Mystery",3,True,False,2.0,enwiki dump 20260901,https://en.wikipedia.org/w/index.php?oldid=1372178492,Plot,2026-09-29T11:25:17Z,CC BY-SA 4.0,762,ok
tt0099700,popular,1990-1999,top,500,150,3.3333333333333335,Q505712,1990,Terror,"Comedy,Fantasy,Horror",3,True,True,1.0,enwiki dump 20260901,https://en.wikipedia.org/w/index.php?oldid=1372389921,Plot,2026-09-29T11:25:18Z,CC BY-SA 4.0,496,ok
tt0120611,popular,1990-1999,top,500,150,3.3333333333333335,Q3429263,1998,Terror,"Action,Horror,Sci-Fi",3,True,True,1.0,enwiki dump 20260901,https://en.wikipedia.org/w/index.php?oldid=1370638653,Plot,2026-09-29T11:25:18Z,CC BY-SA 4.0,677,ok
tt0120907,popular,1990-1999,top,500,150,3.3333333333333335,Q1050838,1999,Terror,"Horror,Mystery,Sci-Fi",3,True,False,4.0,enwiki dump 20260901,https://en.wikipedia.org/w/index.php?oldid=1372772553,Plot,2026-09-29T11:25:18Z,CC BY-SA 4.0,670,ok
tt0104409,popular,1990-1999,top,500,150,3.3333333333333335,Q763024,1992,Terror,Horror,3,True,False,2.0,enwiki dump 20260901,https://en.wikipedia.org/w/index.php?oldid=1360698227,Plot,2026-09-29T11:25:18Z,CC BY-SA 4.0,709,ok
tt0104070,popular,1990-1999,top,500,150,3.3333333333333335,Q1160186,1992,Terror,"Comedy,Fantasy,Horror",3,True,True,1.0,enwiki dump 20260901,https://en.wikipedia.org/w/index.php?oldid=1372520228,Plot,2026-09-29T11:25:18Z,CC BY-SA 4.0,567,ok
tt0099052,popular,1990-1999,top,500,150,3.3333333333333335,Q624609,1990,Terror,"Comedy,Horror,Thriller",3,True,True,1.0,enwiki dump 20260901,https://en.wikipedia.org/w/index.php?oldid=1372271045,Plot,2026-09-29T11:25:19Z,CC BY-SA 4.0,692,ok
tt0099582,popular,1990-1999,top,500,150,3.3333333333333335,Q514348,1990,Terror,"Drama,Horror,Sci-Fi",3,True,True,1.0,enwiki dump 20260901,https://en.wikipedia.org/w/index.php?oldid=1360798712,Plot,2026-09-29T11:25:19Z,CC BY-SA 4.0,621,ok
tt0099871,popular,1990-1999,top,500,150,3.3333333333333335,Q482626,1990,Terror,"Drama,Horror,Mystery",3,True,True,1.0,enwiki dump 20260901,https://en.wikipedia.org/w/index.php?oldid=1368757364,Plot,2026-09-29T11:25:19Z,CC BY-SA 4.0,657,ok
tt0115963,popular,1990-1999,top,500,150,3.3333333333333335,Q937005,1996,Terror,"Drama,Fantasy,Horror",3,True,True,1.0,enwiki dump 20260901,https://en.wikipedia.org/w/index.php?oldid=1372452082,Plot,2026-09-29T11:25:19Z,CC BY-SA 4.0,577,ok
tt0100258,popular,1990-1999,top,500,150,3.3333333333333335,Q545417,1990,Terror,Horror,3,True,True,1.0,enwiki dump 20260901,https://en.wikipedia.org/w/index.php?oldid=1366315056,Plot,2026-09-29T11:25:19Z,CC BY-SA 4.0,594,ok
tt0120832,popular,1990-1999,top,500,150,3.3333333333333335,Q1423334,1998,Thriller/crimen,"Crime,Mystery,Thriller",3,True,True,1.0,enwiki dump 20260901,https://en.wikipedia.org/w/index.php?oldid=1370440187,Plot,2026-09-29T11:25:19Z,CC BY-SA 4.0,500,ok
tt0109635,popular,1990-1999,top,500,150,3.3333333333333335,Q1330619,1994,Thriller/crimen,"Drama,Thriller",3,True,True,1.0,enwiki dump 20260901,https://en.wikipedia.org/w/index.php?oldid=1370834626,Plot,2026-09-29T11:25:20Z,CC BY-SA 4.0,673,ok
tt0128442,popular,1990-1999,top,500,150,3.3333333333333335,Q832728,1998,Thriller/crimen,"Crime,Drama",3,True,True,1.0,enwiki dump 20260901,https://en.wikipedia.org/w/index.php?oldid=1371607317,Plot,2026-09-29T11:25:20Z,CC BY-SA 4.0,701,ok
tt0119978,popular,1990-1999,top,500,150,3.3333333333333335,Q785351,1997,Thriller/crimen,"Crime,Drama,Thriller",3,True,True,1.0,enwiki dump 20260901,https://en.wikipedia.org/w/index.php?oldid=1368360796,Plot,2026-09-29T11:25:20Z,CC BY-SA 4.0,699,ok
tt0112722,popular,1990-1999,top,500,150,3.3333333333333335,Q498990,1995,Thriller/crimen,"Drama,Mystery,Thriller",3,True,True,1.0,enwiki dump 20260901,https://en.wikipedia.org/w/index.php?oldid=1372184917,Plot,2026-09-29T11:25:20Z,CC BY-SA 4.0,524,ok
tt0114369,popular,1990-1999,top,500,150,3.3333333333333335,Q190908,1995,Thriller/crimen,"Crime,Drama,Mystery",3,True,True,1.0,enwiki dump 20260901,https://en.wikipedia.org/w/index.php?oldid=1370917102,Plot,2026-09-29T11:25:20Z,CC BY-SA 4.0,674,ok
tt0119468,popular,1990-1999,top,500,150,3.3333333333333335,Q60016,1997,Thriller/crimen,"Crime,Drama,Mystery",3,True,True,1.0,enwiki dump 20260901,https://en.wikipedia.org/w/index.php?oldid=1364226116,Plot,2026-09-29T11:25:21Z,CC BY-SA 4.0,626,ok
tt0100935,popular,1990-1999,top,500,150,3.3333333333333335,Q751382,1990,Thriller/crimen,"Crime,Drama,Thriller",3,True,True,1.0,enwiki dump 20260901,https://en.wikipedia.org/w/index.php?oldid=1372685752,Plot,2026-09-29T11:25:21Z,CC BY-SA 4.0,705,ok
tt0101516,popular,1990-1999,top,500,150,3.3333333333333335,Q241085,1991,Thriller/crimen,"Biography,Crime,Drama",3,True,True,1.0,enwiki dump 20260901,https://en.wikipedia.org/w/index.php?oldid=1368282673,Plot,2026-09-29T11:25:21Z,CC BY-SA 4.0,569,ok
tt0107798,popular,1990-1999,top,500,150,3.3333333333333335,Q728404,1993,Thriller/crimen,"Crime,Drama,Mystery",3,True,True,1.0,enwiki dump 20260901,https://en.wikipedia.org/w/index.php?oldid=1371484574,Plot,2026-09-29T11:25:21Z,CC BY-SA 4.0,512,ok
tt0104257,popular,1990-1999,top,500,150,3.3333333333333335,Q108946,1992,Thriller/crimen,"Drama,Thriller",3,True,True,1.0,enwiki dump 20260901,https://en.wikipedia.org/w/index.php?oldid=1370820262,Plot,2026-09-29T11:25:21Z,CC BY-SA 4.0,696,ok
tt0119008,popular,1990-1999,top,500,150,3.3333333333333335,Q738456,1997,Thriller/crimen,"Biography,Crime,Drama",3,True,True,1.0,enwiki dump 20260901,https://en.wikipedia.org/w/index.php?oldid=1371446792,Plot,2026-09-29T11:25:21Z,CC BY-SA 4.0,630,ok
tt0119488,popular,1990-1999,top,500,150,3.3333333333333335,Q339876,1997,Thriller/crimen,"Crime,Drama,Mystery",3,True,True,1.0,enwiki dump 20260901,https://en.wikipedia.org/w/index.php?oldid=1371781514,Plot,2026-09-29T11:25:22Z,CC BY-SA 4.0,594,ok
tt0106519,popular,1990-1999,top,500,150,3.3333333333333335,Q939176,1993,Thriller/crimen,"Crime,Drama,Thriller",3,True,True,1.0,enwiki dump 20260901,https://en.wikipedia.org/w/index.php?oldid=1370869197,Plot,2026-09-29T11:25:22Z,CC BY-SA 4.0,674,ok
tt0101540,popular,1990-1999,top,500,150,3.3333333333333335,Q501995,1991,Thriller/crimen,"Crime,Drama,Thriller",3,True,True,1.0,enwiki dump 20260901,https://en.wikipedia.org/w/index.php?oldid=1370828082,Plot,2026-09-29T11:25:22Z,CC BY-SA 4.0,669,ok
tt0117381,popular,1990-1999,top,500,150,3.3333333333333335,Q822057,1996,Thriller/crimen,"Crime,Drama,Mystery",3,True,True,1.0,enwiki dump 20260901,https://en.wikipedia.org/w/index.php?oldid=1369757435,Plot,2026-09-29T11:25:22Z,CC BY-SA 4.0,687,ok
tt0104348,popular,1990-1999,top,500,150,3.3333333333333335,Q844068,1992,Thriller/crimen,"Crime,Drama,Mystery",3,True,True,1.0,enwiki dump 20260901,https://en.wikipedia.org/w/index.php?oldid=1371229835,Plot,2026-09-29T11:25:22Z,CC BY-SA 4.0,786,ok
tt0137523,popular,1990-1999,top,500,150,3.3333333333333335,Q190050,1999,Thriller/crimen,"Crime,Drama,Thriller",3,True,False,2.0,enwiki dump 20260901,https://en.wikipedia.org/w/index.php?oldid=1371982519,Plot,2026-09-29T11:25:23Z,CC BY-SA 4.0,546,ok
tt0112818,popular,1990-1999,top,500,150,3.3333333333333335,Q587891,1995,Thriller/crimen,"Crime,Drama",3,True,True,1.0,enwiki dump 20260901,https://en.wikipedia.org/w/index.php?oldid=1358531076,Plot,2026-09-29T11:25:23Z,CC BY-SA 4.0,294,ok
tt0381849,popular,2000-2009,top,500,150,3.3333333333333335,Q746029,2007,Acción/aventura,"Action,Crime,Drama",3,True,True,1.0,enwiki dump 20260901,https://en.wikipedia.org/w/index.php?oldid=1372569228,Plot,2026-09-29T11:25:23Z,CC BY-SA 4.0,806,ok
tt0383574,popular,2000-2009,top,500,150,3.3333333333333335,Q161087,2006,Acción/aventura,"Action,Adventure,Fantasy",3,True,True,1.0,enwiki dump 20260901,https://en.wikipedia.org/w/index.php?oldid=1372328589,Plot,2026-09-29T11:25:23Z,CC BY-SA 4.0,592,ok
tt0373889,popular,2000-2009,top,500,150,3.3333333333333335,Q102235,2007,Acción/aventura,"Adventure,Family,Fantasy",3,True,False,2.0,enwiki dump 20260901,https://en.wikipedia.org/w/index.php?oldid=1369954668,Plot,2026-09-29T11:25:23Z,CC BY-SA 4.0,653,ok
tt0498380,popular,2000-2009,top,500,150,3.3333333333333335,Q275187,2006,Acción/aventura,"Action,Adventure,Drama",3,True,True,1.0,enwiki dump 20260901,https://en.wikipedia.org/w/index.php?oldid=1368771796,Plot,2026-09-29T11:25:24Z,CC BY-SA 4.0,596,ok
tt0800080,popular,2000-2009,top,500,150,3.3333333333333335,Q466611,2008,Acción/aventura,"Action,Sci-Fi",3,True,True,1.0,enwiki dump 20260901,https://en.wikipedia.org/w/index.php?oldid=1372190023,Plot,2026-09-29T11:25:24Z,CC BY-SA 4.0,610,ok
tt0172495,popular,2000-2009,top,500,150,3.3333333333333335,Q128518,2000,Acción/aventura,"Action,Adventure,Drama",3,True,False,2.0,enwiki dump 20260901,https://en.wikipedia.org/w/index.php?oldid=1369384042,Plot,2026-09-29T11:25:24Z,CC BY-SA 4.0,700,ok
tt0296572,popular,2000-2009,top,500,150,3.3333333333333335,Q471976,2004,Acción/aventura,"Action,Adventure,Sci-Fi",3,True,True,1.0,enwiki dump 20260901,https://en.wikipedia.org/w/index.php?oldid=1369449534,Plot,2026-09-29T11:25:24Z,CC BY-SA 4.0,620,ok
tt0339291,popular,2000-2009,top,500,150,3.3333333333333335,Q116905,2004,Acción/aventura,"Adventure,Comedy,Family",3,True,False,2.0,enwiki dump 20260901,https://en.wikipedia.org/w/index.php?oldid=1372502264,Plot,2026-09-29T11:25:24Z,CC BY-SA 4.0,692,ok
tt0453467,popular,2000-2009,top,500,150,3.3333333333333335,Q252409,2006,Acción/aventura,"Action,Crime,Sci-Fi",3,True,False,2.0,enwiki dump 20260901,https://en.wikipedia.org/w/index.php?oldid=1371294546,Plot,2026-09-29T11:25:25Z,CC BY-SA 4.0,568,ok
tt0238380,popular,2000-2009,top,500,150,3.3333333333333335,Q507461,2002,Acción/aventura,"Action,Drama,Sci-Fi",3,True,True,1.0,enwiki dump 20260901,https://en.wikipedia.org/w/index.php?oldid=1369934318,Plot,2026-09-29T11:25:25Z,CC BY-SA 4.0,659,ok
tt0409459,popular,2000-2009,top,500,150,3.3333333333333335,Q162182,2009,Acción/aventura,"Action,Drama,Mystery",3,True,True,1.0,enwiki dump 20260901,https://en.wikipedia.org/w/index.php?oldid=1371530328,Plot,2026-09-29T11:25:25Z,CC BY-SA 4.0,706,ok
tt0277434,popular,2000-2009,top,500,150,3.3333333333333335,Q623502,2002,Acción/aventura,"Action,Drama,History",3,True,False,2.0,enwiki dump 20260901,https://en.wikipedia.org/w/index.php?oldid=1372424157,Plot,2026-09-29T11:25:25Z,CC BY-SA 4.0,684,ok
tt0316654,popular,2000-2009,top,500,150,3.3333333333333335,Q190145,2004,Acción/aventura,"Action,Adventure,Sci-Fi",3,True,True,1.0,enwiki dump 20260901,https://en.wikipedia.org/w/index.php?oldid=1372540480,Plot,2026-09-29T11:25:25Z,CC BY-SA 4.0,598,ok
tt0311429,popular,2000-2009,top,500,150,3.3333333333333335,Q567577,2003,Acción/aventura,"Action,Adventure,Fantasy",3,True,False,4.0,enwiki dump 20260901,https://en.wikipedia.org/w/index.php?oldid=1369815132,Plot,2026-09-29T11:25:26Z,CC BY-SA 4.0,677,ok
tt0120667,popular,2000-2009,top,500,150,3.3333333333333335,Q224130,2005,Acción/aventura,"Action,Adventure,Fantasy",3,True,False,2.0,enwiki dump 20260901,https://en.wikipedia.org/w/index.php?oldid=1368221504,Plot,2026-09-29T11:25:26Z,CC BY-SA 4.0,610,ok
tt0287978,popular,2000-2009,top,500,150,3.3333333333333335,Q751805,2003,Acción/aventura,"Action,Crime,Drama",3,True,True,1.0,enwiki dump 20260901,https://en.wikipedia.org/w/index.php?oldid=1372697748,Plot,2026-09-29T11:25:26Z,CC BY-SA 4.0,655,ok
tt1013752,popular,2000-2009,top,500,150,3.3333333333333335,Q380996,2009,Acción/aventura,"Action,Thriller",3,True,False,2.0,enwiki dump 20260901,https://en.wikipedia.org/w/index.php?oldid=1371507107,Plot,2026-09-29T11:25:26Z,CC BY-SA 4.0,666,ok
tt0177971,popular,2000-2009,top,500,150,3.3333333333333335,Q508349,2000,Acción/aventura,"Action,Adventure,Drama",3,True,True,1.0,enwiki dump 20260901,https://en.wikipedia.org/w/index.php?oldid=1370032727,Plot,2026-09-29T11:25:26Z,CC BY-SA 4.0,534,ok
tt0319343,popular,2000-2009,top,500,150,3.3333333333333335,Q949879,2003,Acción/aventura,"Adventure,Comedy,Family",3,True,True,1.0,enwiki dump 20260901,https://en.wikipedia.org/w/index.php?oldid=1370264029,Plot,2026-09-29T11:25:26Z,CC BY-SA 4.0,528,ok
tt0277296,popular,2000-2009,top,500,150,3.3333333333333335,Q461682,2002,Acción/aventura,"Action,Adventure,Fantasy",3,True,False,3.0,enwiki dump 20260901,https://en.wikipedia.org/w/index.php?oldid=1369429707,Plot,2026-09-29T11:25:27Z,CC BY-SA 4.0,599,ok
tt1032755,popular,2000-2009,top,500,150,3.3333333333333335,Q898461,2008,Acción/aventura,"Action,Crime,Thriller",3,True,False,3.0,enwiki dump 20260901,https://en.wikipedia.org/w/index.php?oldid=1371189769,Plot,2026-09-29T11:25:27Z,CC BY-SA 4.0,659,ok
tt0486655,popular,2000-2009,top,500,150,3.3333333333333335,Q244398,2007,Acción/aventura,"Adventure,Fantasy,Romance",3,True,False,2.0,enwiki dump 20260901,https://en.wikipedia.org/w/index.php?oldid=1372691160,Plot,2026-09-29T11:25:27Z,CC BY-SA 4.0,711,ok
tt0440963,popular,2000-2009,top,500,150,3.3333333333333335,Q107226,2007,Acción/aventura,"Action,Mystery,Thriller",3,True,False,2.0,enwiki dump 20260901,https://en.wikipedia.org/w/index.php?oldid=1371531004,Plot,2026-09-29T11:25:27Z,CC BY-SA 4.0,617,ok
tt0245844,popular,2000-2009,top,500,150,3.3333333333333335,Q839596,2002,Acción/aventura,"Action,Adventure,Drama",3,True,False,3.0,enwiki dump 20260901,https://en.wikipedia.org/w/index.php?oldid=1365492245,Plot,2026-09-29T11:25:27Z,CC BY-SA 4.0,736,ok
tt0181689,popular,2000-2009,top,500,150,3.3333333333333335,Q244604,2002,Acción/aventura,"Action,Crime,Mystery",3,True,True,1.0,enwiki dump 20260901,https://en.wikipedia.org/w/index.php?oldid=1371861353,Plot,2026-09-29T11:25:27Z,CC BY-SA 4.0,678,ok
tt0190332,popular,2000-2009,top,500,150,3.3333333333333335,Q273978,2000,Acción/aventura,"Action,Adventure,Drama",3,True,False,4.0,enwiki dump 20260901,https://en.wikipedia.org/w/index.php?oldid=1372735864,Plot,2026-09-29T11:25:28Z,CC BY-SA 4.0,961,ok
tt0146316,popular,2000-2009,top,500,150,3.3333333333333335,Q464014,2001,Acción/aventura,"Action,Adventure,Fantasy",3,True,False,4.0,enwiki dump 20260901,https://en.wikipedia.org/w/index.php?oldid=1368819421,Plot,2026-09-29T11:25:28Z,CC BY-SA 4.0,620,ok
tt0472043,popular,2000-2009,top,500,150,3.3333333333333335,Q188035,2006,Acción/aventura,"Action,Adventure,Drama",3,True,False,2.0,enwiki dump 20260901,https://en.wikipedia.org/w/index.php?oldid=1368975644,Plot,2026-09-29T11:25:28Z,CC BY-SA 4.0,627,ok
tt0293564,popular,2000-2009,top,500,150,3.3333333333333335,Q498109,2007,Acción/aventura,"Action,Comedy,Crime",3,True,False,3.0,enwiki dump 20260901,https://en.wikipedia.org/w/index.php?oldid=1369300979,Plot,2026-09-29T11:25:28Z,CC BY-SA 4.0,692,ok
tt0250687,popular,2000-2009,top,500,150,3.3333333333333335,Q1140605,2001,Acción/aventura,"Action,Adventure,Comedy",3,True,False,2.0,enwiki dump 20260901,https://en.wikipedia.org/w/index.php?oldid=1372331411,Plot,2026-09-29T11:25:29Z,CC BY-SA 4.0,840,ok
tt0330373,popular,2000-2009,top,500,150,3.3333333333333335,Q102225,2005,Acción/aventura,"Adventure,Family,Fantasy",3,True,False,2.0,enwiki dump 20260901,https://en.wikipedia.org/w/index.php?oldid=1370154842,Plot,2026-09-29T11:25:29Z,CC BY-SA 4.0,701,ok
tt0286716,popular,2000-2009,top,500,150,3.3333333333333335,Q696042,2003,Acción/aventura,"Action,Sci-Fi",3,True,True,1.0,enwiki dump 20260901,https://en.wikipedia.org/w/index.php?oldid=1372729170,Plot,2026-09-29T11:25:29Z,CC BY-SA 4.0,761,ok
tt0758774,popular,2000-2009,top,500,150,3.3333333333333335,Q578312,2008,Acción/aventura,"Action,Drama,Thriller",3,True,True,1.0,enwiki dump 20260901,https://en.wikipedia.org/w/index.php?oldid=1368928321,Plot,2026-09-29T11:25:29Z,CC BY-SA 4.0,636,ok
tt0266697,popular,2000-2009,top,500,150,3.3333333333333335,Q165325,2003,Acción/aventura,"Action,Crime,Thriller",3,True,True,1.0,enwiki dump 20260901,https://en.wikipedia.org/w/index.php?oldid=1371353655,Plot,2026-09-29T11:25:29Z,CC BY-SA 4.0,426,ok
tt0160127,popular,2000-2009,top,500,150,3.3333333333333335,Q229599,2000,Acción/aventura,"Action,Adventure,Comedy",3,True,True,1.0,enwiki dump 20260901,https://en.wikipedia.org/w/index.php?oldid=1371557380,Plot,2026-09-29T11:25:29Z,CC BY-SA 4.0,589,ok
tt0162222,popular,2000-2009,top,500,150,3.3333333333333335,Q213411,2000,Acción/aventura,"Adventure,Drama,Romance",3,True,True,1.0,enwiki dump 20260901,https://en.wikipedia.org/w/index.php?oldid=1372679534,Plot,2026-09-29T11:25:30Z,CC BY-SA 4.0,809,ok
tt0399146,popular,2000-2009,top,500,150,3.3333333333333335,Q300439,2005,Acción/aventura,"Action,Crime,Drama",3,True,False,2.0,enwiki dump 20260901,https://en.wikipedia.org/w/index.php?oldid=1368973442,Plot,2026-09-29T11:25:30Z,CC BY-SA 4.0,457,ok
tt0407304,popular,2000-2009,top,500,150,3.3333333333333335,Q202028,2005,Acción/aventura,"Action,Adventure,Sci-Fi",3,True,True,1.0,enwiki dump 20260901,https://en.wikipedia.org/w/index.php?oldid=1372317396,Plot,2026-09-29T11:25:30Z,CC BY-SA 4.0,756,ok
tt0246460,popular,2000-2009,top,500,150,3.3333333333333335,Q30931,2002,Acción/aventura,"Action,Adventure,Thriller",3,True,False,2.0,enwiki dump 20260901,https://en.wikipedia.org/w/index.php?oldid=1372693361,Plot,2026-09-29T11:25:30Z,CC BY-SA 4.0,716,ok
tt0448157,popular,2000-2009,top,500,150,3.3333333333333335,Q220376,2008,Acción/aventura,"Action,Comedy,Drama",3,True,True,1.0,enwiki dump 20260901,https://en.wikipedia.org/w/index.php?oldid=1370211121,Plot,2026-09-29T11:25:31Z,CC BY-SA 4.0,685,ok
tt0399201,popular,2000-2009,top,500,150,3.3333333333333335,Q224069,2005,Acción/aventura,"Action,Sci-Fi,Thriller",3,True,True,1.0,enwiki dump 20260901,https://en.wikipedia.org/w/index.php?oldid=1365788341,Plot,2026-09-29T11:25:31Z,CC BY-SA 4.0,685,ok
tt0293662,popular,2000-2009,top,500,150,3.3333333333333335,Q819972,2002,Acción/aventura,"Action,Crime,Thriller",3,True,False,2.0,enwiki dump 20260901,https://en.wikipedia.org/w/index.php?oldid=1366433865,Plot,2026-09-29T11:25:31Z,CC BY-SA 4.0,536,ok
tt0417148,popular,2000-2009,top,500,150,3.3333333333333335,Q822660,2006,Acción/aventura,"Action,Adventure,Crime",3,True,True,1.0,enwiki dump 20260901,https://en.wikipedia.org/w/index.php?oldid=1370212089,Plot,2026-09-29T11:25:31Z,CC BY-SA 4.0,693,ok
tt1046173,popular,2000-2009,top,500,150,3.3333333333333335,Q288645,2009,Acción/aventura,"Action,Adventure,Sci-Fi",3,True,True,1.0,enwiki dump 20260901,https://en.wikipedia.org/w/index.php?oldid=1372466934,Plot,2026-09-29T11:25:31Z,CC BY-SA 4.0,452,ok
tt0328107,popular,2000-2009,top,500,150,3.3333333333333335,Q258009,2004,Acción/aventura,"Action,Crime,Drama",3,True,True,1.0,enwiki dump 20260901,https://en.wikipedia.org/w/index.php?oldid=1369479439,Plot,2026-09-29T11:25:31Z,CC BY-SA 4.0,616,ok
tt0325703,popular,2000-2009,top,500,150,3.3333333333333335,Q1125253,2003,Acción/aventura,"Action,Adventure,Fantasy",3,True,False,4.0,enwiki dump 20260901,https://en.wikipedia.org/w/index.php?oldid=1363053715,Plot,2026-09-29T11:25:32Z,CC BY-SA 4.0,715,ok
tt0465494,popular,2000-2009,top,500,150,3.3333333333333335,Q691916,2007,Acción/aventura,"Action,Crime,Thriller",3,True,False,2.0,enwiki dump 20260901,https://en.wikipedia.org/w/index.php?oldid=1361399629,Plot,2026-09-29T11:25:32Z,CC BY-SA 4.0,623,ok
tt0292506,popular,2000-2009,top,500,150,3.3333333333333335,Q1141116,2003,Acción/aventura,"Action,Thriller",3,True,True,1.0,enwiki dump 20260901,https://en.wikipedia.org/w/index.php?oldid=1361724978,Plot,2026-09-29T11:25:32Z,CC BY-SA 4.0,607,ok
tt0388482,popular,2000-2009,top,500,150,3.3333333333333335,Q841114,2005,Acción/aventura,"Action,Thriller",3,True,False,2.0,enwiki dump 20260901,https://en.wikipedia.org/w/index.php?oldid=1369920516,Plot,2026-09-29T11:25:32Z,CC BY-SA 4.0,525,ok
tt0362270,popular,2000-2009,top,500,150,3.3333333333333335,Q1151947,2004,Acción/aventura,"Action,Adventure,Comedy",3,True,True,1.0,enwiki dump 20260901,https://en.wikipedia.org/w/index.php?oldid=1360991990,Plot,2026-09-29T11:25:32Z,CC BY-SA 4.0,519,ok
tt0187393,popular,2000-2009,top,500,150,3.3333333333333335,Q646633,2000,Acción/aventura,"Action,Drama,War",3,True,False,2.0,enwiki dump 20260901,https://en.wikipedia.org/w/index.php?oldid=1371197544,Plot,2026-09-29T11:25:32Z,CC BY-SA 4.0,639,ok
tt0356910,popular,2000-2009,top,500,150,3.3333333333333335,Q191040,2005,Acción/aventura,"Action,Comedy,Crime",3,True,True,1.0,enwiki dump 20260901,https://en.wikipedia.org/w/index.php?oldid=1368820488,Plot,2026-09-29T11:25:33Z,CC BY-SA 4.0,521,ok
tt0363771,popular,2000-2009,top,500,150,3.3333333333333335,Q485803,2005,Acción/aventura,"Adventure,Family,Fantasy",3,True,False,2.0,enwiki dump 20260901,https://en.wikipedia.org/w/index.php?oldid=1370207296,Plot,2026-09-29T11:25:33Z,CC BY-SA 4.0,696,ok
tt0266987,popular,2000-2009,top,500,150,3.3333333333333335,Q1049139,2001,Acción/aventura,"Action,Crime,Thriller",3,True,True,1.0,enwiki dump 20260901,https://en.wikipedia.org/w/index.php?oldid=1369536864,Plot,2026-09-29T11:25:33Z,CC BY-SA 4.0,723,ok
tt0181875,popular,2000-2009,top,500,150,3.3333333333333335,Q726294,2000,Acción/aventura,"Adventure,Comedy,Drama",3,True,True,1.0,enwiki dump 20260901,https://en.wikipedia.org/w/index.php?oldid=1370404684,Plot,2026-09-29T11:25:33Z,CC BY-SA 4.0,617,ok
tt0265086,popular,2000-2009,top,500,150,3.3333333333333335,Q221384,2001,Acción/aventura,"Action,Drama,History",3,True,True,1.0,enwiki dump 20260901,https://en.wikipedia.org/w/index.php?oldid=1371276300,Plot,2026-09-29T11:25:33Z,CC BY-SA 4.0,655,ok
tt0328880,popular,2000-2009,top,500,150,3.3333333333333335,Q215365,2003,Animación,"Adventure,Animation,Comedy",3,True,True,1.0,enwiki dump 20260901,https://en.wikipedia.org/w/index.php?oldid=1370522818,Plot,2026-09-29T11:25:33Z,CC BY-SA 4.0,587,ok
tt0358082,popular,2000-2009,top,500,150,3.3333333333333335,Q756238,2005,Animación,"Adventure,Animation,Comedy",3,True,True,1.0,enwiki dump 20260901,https://en.wikipedia.org/w/index.php?oldid=1372773104,Plot,2026-09-29T11:25:34Z,CC BY-SA 4.0,473,ok
tt0312004,popular,2000-2009,top,500,150,3.3333333333333335,Q318428,2005,Animación,"Adventure,Animation,Comedy",3,True,False,2.0,enwiki dump 20260901,https://en.wikipedia.org/w/index.php?oldid=1372665931,Plot,2026-09-29T11:25:34Z,CC BY-SA 4.0,513,ok
tt0397892,popular,2000-2009,top,500,150,3.3333333333333335,Q212792,2008,Animación,"Adventure,Animation,Comedy",3,True,True,1.0,enwiki dump 20260901,https://en.wikipedia.org/w/index.php?oldid=1370812999,Plot,2026-09-29T11:25:34Z,CC BY-SA 4.0,667,ok
tt0317219,popular,2000-2009,top,500,150,3.3333333333333335,Q182153,2006,Animación,"Adventure,Animation,Comedy",3,True,True,1.0,enwiki dump 20260901,https://en.wikipedia.org/w/index.php?oldid=1372637929,Plot,2026-09-29T11:25:34Z,CC BY-SA 4.0,589,ok
tt0198781,popular,2000-2009,top,500,150,3.3333333333333335,Q187726,2001,Animación,"Adventure,Animation,Comedy",3,True,True,1.0,enwiki dump 20260901,https://en.wikipedia.org/w/index.php?oldid=1372084234,Plot,2026-09-29T11:25:34Z,CC BY-SA 4.0,593,ok
tt0389790,popular,2000-2009,top,500,150,3.3333333333333335,Q275167,2007,Animación,"Adventure,Animation,Comedy",3,True,True,1.0,enwiki dump 20260901,https://en.wikipedia.org/w/index.php?oldid=1369949948,Plot,2026-09-29T11:25:35Z,CC BY-SA 4.0,666,ok
tt0327084,popular,2000-2009,top,500,150,3.3333333333333335,Q245366,2006,Animación,"Adventure,Animation,Comedy",3,True,True,1.0,enwiki dump 20260901,https://en.wikipedia.org/w/index.php?oldid=1372955763,Plot,2026-09-29T11:25:35Z,CC BY-SA 4.0,591,ok
tt0892782,popular,2000-2009,top,500,150,3.3333333333333335,Q681918,2009,Animación,"Action,Adventure,Animation",3,True,True,1.0,enwiki dump 20260901,https://en.wikipedia.org/w/index.php?oldid=1370722348,Plot,2026-09-29T11:25:35Z,CC BY-SA 4.0,706,ok
tt0910970,popular,2000-2009,top,500,150,3.3333333333333335,Q104905,2008,Animación,"Adventure,Animation,Family",3,True,True,1.0,enwiki dump 20260901,https://en.wikipedia.org/w/index.php?oldid=1371816610,Plot,2026-09-29T11:25:35Z,CC BY-SA 4.0,667,ok
tt0479952,popular,2000-2009,top,500,150,3.3333333333333335,Q188474,2008,Animación,"Adventure,Animation,Comedy",3,True,True,1.0,enwiki dump 20260901,https://en.wikipedia.org/w/index.php?oldid=1372540935,Plot,2026-09-29T11:25:36Z,CC BY-SA 4.0,811,ok
tt0441773,popular,2000-2009,top,500,150,3.3333333333333335,Q129193,2008,Animación,"Action,Adventure,Animation",3,True,True,1.0,enwiki dump 20260901,https://en.wikipedia.org/w/index.php?oldid=1372631815,Plot,2026-09-29T11:25:36Z,CC BY-SA 4.0,590,ok
tt0246578,popular,2000-2009,top,500,150,3.3333333333333335,Q426828,2001,Ciencia ficción/fantasía,"Drama,Mystery,Sci-Fi",3,True,True,1.0,enwiki dump 20260901,https://en.wikipedia.org/w/index.php?oldid=1371415272,Plot,2026-09-29T11:25:36Z,CC BY-SA 4.0,692,ok
tt0217869,popular,2000-2009,top,500,150,3.3333333333333335,Q650613,2000,Ciencia ficción/fantasía,"Drama,Mystery,Sci-Fi",3,True,True,1.0,enwiki dump 20260901,https://en.wikipedia.org/w/index.php?oldid=1368544409,Plot,2026-09-29T11:25:36Z,CC BY-SA 4.0,544,ok
tt0756683,popular,2000-2009,top,500,150,3.3333333333333335,Q93701,2007,Ciencia ficción/fantasía,"Drama,Fantasy,Mystery",3,True,True,1.0,enwiki dump 20260901,https://en.wikipedia.org/w/index.php?oldid=1372184041,Plot,2026-09-29T11:25:37Z,CC BY-SA 4.0,724,ok
tt0207201,popular,2000-2009,top,500,150,3.3333333333333335,Q156394,2000,Ciencia ficción/fantasía,"Comedy,Fantasy,Romance",3,True,True,1.0,enwiki dump 20260901,https://en.wikipedia.org/w/index.php?oldid=1371751794,Plot,2026-09-29T11:25:37Z,CC BY-SA 4.0,400,ok
tt0443543,popular,2000-2009,top,500,150,3.3333333333333335,Q645735,2006,Ciencia ficción/fantasía,"Drama,Fantasy,Mystery",3,True,False,2.0,enwiki dump 20260901,https://en.wikipedia.org/w/index.php?oldid=1366789102,Plot,2026-09-29T11:25:37Z,CC BY-SA 4.0,657,ok
tt0448134,popular,2000-2009,top,500,150,3.3333333333333335,Q478212,2007,Ciencia ficción/fantasía,"Sci-Fi,Thriller",3,True,False,2.0,enwiki dump 20260901,https://en.wikipedia.org/w/index.php?oldid=1372614938,Plot,2026-09-29T11:25:37Z,CC BY-SA 4.0,5837,ok
tt0398808,popular,2000-2009,top,500,150,3.3333333333333335,Q279274,2007,Ciencia ficción/fantasía,"Drama,Family,Fantasy",3,True,True,1.0,enwiki dump 20260901,https://en.wikipedia.org/w/index.php?oldid=1369817668,Plot,2026-09-29T11:25:37Z,CC BY-SA 4.0,660,ok
tt0251075,popular,2000-2009,top,500,150,3.3333333333333335,Q500460,2001,Ciencia ficción/fantasía,"Comedy,Sci-Fi",3,True,True,1.0,enwiki dump 20260901,https://en.wikipedia.org/w/index.php?oldid=1367850350,Plot,2026-09-29T11:25:38Z,CC BY-SA 4.0,434,ok
tt0289879,popular,2000-2009,top,500,150,3.3333333333333335,Q221109,2004,Ciencia ficción/fantasía,"Drama,Sci-Fi,Thriller",3,True,True,1.0,enwiki dump 20260901,https://en.wikipedia.org/w/index.php?oldid=1369243418,Plot,2026-09-29T11:25:38Z,CC BY-SA 4.0,751,ok
tt0242423,popular,2000-2009,top,500,150,3.3333333333333335,Q933798,2000,Ciencia ficción/fantasía,"Comedy,Mystery,Sci-Fi",3,True,True,1.0,enwiki dump 20260901,https://en.wikipedia.org/w/index.php?oldid=1368501370,Plot,2026-09-29T11:25:38Z,CC BY-SA 4.0,688,ok
tt0305224,popular,2000-2009,top,500,150,3.3333333333333335,Q591556,2003,Comedia,Comedy,3,True,True,1.0,enwiki dump 20260901,https://en.wikipedia.org/w/index.php?oldid=1369969799,Plot,2026-09-29T11:25:38Z,CC BY-SA 4.0,459,ok
tt0357413,popular,2000-2009,top,500,150,3.3333333333333335,Q467076,2004,Comedia,Comedy,3,True,True,1.0,enwiki dump 20260901,https://en.wikipedia.org/w/index.php?oldid=1370843795,Plot,2026-09-29T11:25:38Z,CC BY-SA 4.0,670,ok
tt0283111,popular,2000-2009,top,500,150,3.3333333333333335,Q18967,2002,Comedia,"Comedy,Romance",3,True,False,2.0,enwiki dump 20260901,https://en.wikipedia.org/w/index.php?oldid=1368774103,Plot,2026-09-29T11:25:38Z,CC BY-SA 4.0,650,ok
tt0375063,popular,2000-2009,top,500,150,3.3333333333333335,Q675937,2004,Comedia,"Comedy,Drama,Romance",3,True,True,1.0,enwiki dump 20260901,https://en.wikipedia.org/w/index.php?oldid=1370534473,Plot,2026-09-29T11:25:39Z,CC BY-SA 4.0,663,ok
tt1193138,popular,2000-2009,top,500,150,3.3333333333333335,Q211429,2009,Comedia,"Comedy,Drama,Romance",3,True,True,1.0,enwiki dump 20260901,https://en.wikipedia.org/w/index.php?oldid=1368443950,Plot,2026-09-29T11:25:39Z,CC BY-SA 4.0,578,ok
tt0290002,popular,2000-2009,top,500,150,3.3333333333333335,Q740489,2004,Comedia,"Comedy,Romance",3,True,True,1.0,enwiki dump 20260901,https://en.wikipedia.org/w/index.php?oldid=1372473642,Plot,2026-09-29T11:25:39Z,CC BY-SA 4.0,676,ok
tt0362227,popular,2000-2009,top,500,150,3.3333333333333335,Q318766,2004,Comedia,"Comedy,Drama,Romance",3,True,True,1.0,enwiki dump 20260901,https://en.wikipedia.org/w/index.php?oldid=1372438614,Plot,2026-09-29T11:25:39Z,CC BY-SA 4.0,643,ok
tt0286499,popular,2000-2009,top,500,150,3.3333333333333335,Q369492,2002,Comedia,"Comedy,Drama,Romance",3,True,False,3.0,enwiki dump 20260901,https://en.wikipedia.org/w/index.php?oldid=1368830254,Plot,2026-09-29T11:25:39Z,CC BY-SA 4.0,692,ok
tt0343660,popular,2000-2009,top,500,150,3.3333333333333335,Q241482,2004,Comedia,"Comedy,Drama,Romance",3,True,True,1.0,enwiki dump 20260901,https://en.wikipedia.org/w/index.php?oldid=1372830277,Plot,2026-09-29T11:25:39Z,CC BY-SA 4.0,787,ok
tt0240890,popular,2000-2009,top,500,150,3.3333333333333335,Q971468,2001,Comedia,"Comedy,Romance",3,True,True,1.0,enwiki dump 20260901,https://en.wikipedia.org/w/index.php?oldid=1371533508,Plot,2026-09-29T11:25:40Z,CC BY-SA 4.0,682,ok
tt0265208,popular,2000-2009,top,500,150,3.3333333333333335,Q740020,2004,Comedia,"Comedy,Drama,Romance",3,True,True,1.0,enwiki dump 20260901,https://en.wikipedia.org/w/index.php?oldid=1370077995,Plot,2026-09-29T11:25:40Z,CC BY-SA 4.0,415,ok
tt0251127,popular,2000-2009,top,500,150,3.3333333333333335,Q1327370,2003,Comedia,"Comedy,Romance",3,True,False,2.0,enwiki dump 20260901,https://en.wikipedia.org/w/index.php?oldid=1372108049,Plot,2026-09-29T11:25:40Z,CC BY-SA 4.0,585,ok
tt0431308,popular,2000-2009,top,500,150,3.3333333333333335,Q593726,2007,Comedia,"Comedy,Drama,Romance",3,True,True,1.0,enwiki dump 20260901,https://en.wikipedia.org/w/index.php?oldid=1372196322,Plot,2026-09-29T11:25:40Z,CC BY-SA 4.0,550,ok
tt0215129,popular,2000-2009,top,500,150,3.3333333333333335,Q841515,2000,Comedia,Comedy,3,True,True,1.0,enwiki dump 20260901,https://en.wikipedia.org/w/index.php?oldid=1372065768,Plot,2026-09-29T11:25:40Z,CC BY-SA 4.0,599,ok
tt0272338,popular,2000-2009,top,500,150,3.3333333333333335,Q580716,2002,Comedia,"Comedy,Drama,Romance",3,True,True,1.0,enwiki dump 20260901,https://en.wikipedia.org/w/index.php?oldid=1370448208,Plot,2026-09-29T11:25:41Z,CC BY-SA 4.0,407,ok
tt0256415,popular,2000-2009,top,500,150,3.3333333333333335,Q749688,2002,Comedia,"Comedy,Romance",3,True,True,1.0,enwiki dump 20260901,https://en.wikipedia.org/w/index.php?oldid=1361752353,Plot,2026-09-29T11:25:41Z,CC BY-SA 4.0,496,ok
tt0386588,popular,2000-2009,top,500,150,3.3333333333333335,Q943338,2005,Comedia,"Comedy,Romance",3,True,True,1.0,enwiki dump 20260901,https://en.wikipedia.org/w/index.php?oldid=1372198134,Plot,2026-09-29T11:25:41Z,CC BY-SA 4.0,437,ok
tt0243155,popular,2000-2009,top,500,150,3.3333333333333335,Q752313,2001,Comedia,"Comedy,Drama,Romance",3,True,False,3.0,enwiki dump 20260901,https://en.wikipedia.org/w/index.php?oldid=1371811108,Plot,2026-09-29T11:25:41Z,CC BY-SA 4.0,728,ok
tt0780536,popular,2000-2009,top,500,150,3.3333333333333335,Q244931,2008,Comedia,"Comedy,Crime,Drama",3,True,False,2.0,enwiki dump 20260901,https://en.wikipedia.org/w/index.php?oldid=1370285946,Plot,2026-09-29T11:25:41Z,CC BY-SA 4.0,756,ok
tt1068680,popular,2000-2009,top,500,150,3.3333333333333335,Q269887,2008,Comedia,"Comedy,Romance",3,True,False,2.0,enwiki dump 20260901,https://en.wikipedia.org/w/index.php?oldid=1365897473,Plot,2026-09-29T11:25:42Z,CC BY-SA 4.0,663,ok
tt0337741,popular,2000-2009,top,500,150,3.3333333333333335,Q584766,2003,Comedia,"Comedy,Drama,Romance",3,True,True,1.0,enwiki dump 20260901,https://en.wikipedia.org/w/index.php?oldid=1372127540,Plot,2026-09-29T11:25:42Z,CC BY-SA 4.0,613,ok
tt0252866,popular,2000-2009,top,500,150,3.3333333333333335,Q329127,2001,Comedia,Comedy,3,True,True,1.0,enwiki dump 20260901,https://en.wikipedia.org/w/index.php?oldid=1368282671,Plot,2026-09-29T11:25:42Z,CC BY-SA 4.0,570,ok
tt0373469,popular,2000-2009,top,500,150,3.3333333333333335,Q1423695,2005,Comedia,"Comedy,Crime,Mystery",3,True,True,1.0,enwiki dump 20260901,https://en.wikipedia.org/w/index.php?oldid=1359823747,Plot,2026-09-29T11:25:42Z,CC BY-SA 4.0,758,ok
tt0497465,popular,2000-2009,top,500,150,3.3333333333333335,Q212123,2008,Comedia,"Comedy,Drama,Romance",3,True,False,2.0,enwiki dump 20260901,https://en.wikipedia.org/w/index.php?oldid=1363474787,Plot,2026-09-29T11:25:42Z,CC BY-SA 4.0,680,ok
tt1007028,popular,2000-2009,top,500,150,3.3333333333333335,Q139927,2008,Comedia,"Comedy,Romance",3,True,True,1.0,enwiki dump 20260901,https://en.wikipedia.org/w/index.php?oldid=1369290940,Plot,2026-09-29T11:25:43Z,CC BY-SA 4.0,642,ok
tt0210945,popular,2000-2009,top,500,150,3.3333333333333335,Q117696,2000,Comedia,"Biography,Comedy,Drama",3,True,True,1.0,enwiki dump 20260901,https://en.wikipedia.org/w/index.php?oldid=1371387496,Plot,2026-09-29T11:25:43Z,CC BY-SA 4.0,807,ok
tt0424345,popular,2000-2009,top,500,150,3.3333333333333335,Q784514,2006,Comedia,Comedy,3,True,True,1.0,enwiki dump 20260901,https://en.wikipedia.org/w/index.php?oldid=1371024366,Plot,2026-09-29T11:25:43Z,CC BY-SA 4.0,637,ok
tt0298203,popular,2000-2009,top,500,150,3.3333333333333335,Q196665,2002,Drama,"Drama,Music",3,True,False,2.0,enwiki dump 20260901,https://en.wikipedia.org/w/index.php?oldid=1372309031,Plot,2026-09-29T11:25:43Z,CC BY-SA 4.0,699,ok
tt0358273,popular,2000-2009,top,500,150,3.3333333333333335,Q154077,2005,Drama,"Biography,Drama,Music",3,True,False,2.0,enwiki dump 20260901,https://en.wikipedia.org/w/index.php?oldid=1370891871,Plot,2026-09-29T11:25:43Z,CC BY-SA 4.0,606,ok
tt0195685,popular,2000-2009,top,500,150,3.3333333333333335,Q220955,2000,Drama,"Biography,Drama",3,True,True,1.0,enwiki dump 20260901,https://en.wikipedia.org/w/index.php?oldid=1370963624,Plot,2026-09-29T11:25:43Z,CC BY-SA 4.0,531,ok
tt0454921,popular,2000-2009,top,500,150,3.3333333333333335,Q220515,2006,Drama,"Biography,Drama",3,True,True,1.0,enwiki dump 20260901,https://en.wikipedia.org/w/index.php?oldid=1366390098,Plot,2026-09-29T11:25:44Z,CC BY-SA 4.0,697,ok
tt1028532,popular,2000-2009,top,500,150,3.3333333333333335,Q59249,2009,Drama,"Biography,Drama,Family",3,True,False,2.0,enwiki dump 20260901,https://en.wikipedia.org/w/index.php?oldid=1356298612,Plot,2026-09-29T11:25:44Z,CC BY-SA 4.0,643,ok
tt1057500,popular,2000-2009,top,500,150,3.3333333333333335,Q689842,2009,Drama,"Biography,Drama,History",3,True,False,2.0,enwiki dump 20260901,https://en.wikipedia.org/w/index.php?oldid=1370332638,Plot,2026-09-29T11:25:44Z,CC BY-SA 4.0,605,ok
tt0180093,popular,2000-2009,top,500,150,3.3333333333333335,Q487181,2000,Drama,Drama,3,True,True,1.0,enwiki dump 20260901,https://en.wikipedia.org/w/index.php?oldid=1367622530,Plot,2026-09-29T11:25:44Z,CC BY-SA 4.0,609,ok
tt0914798,popular,2000-2009,top,500,150,3.3333333333333335,Q157556,2008,Drama,"Drama,War",3,True,False,2.0,enwiki dump 20260901,https://en.wikipedia.org/w/index.php?oldid=1369252359,Plot,2026-09-29T11:25:44Z,CC BY-SA 4.0,500,ok
tt0203009,popular,2000-2009,top,500,150,3.3333333333333335,Q193573,2001,Romance,"Drama,Musical,Romance",3,True,False,2.0,enwiki dump 20260901,https://en.wikipedia.org/w/index.php?oldid=1370374962,Plot,2026-09-29T11:25:45Z,CC BY-SA 4.0,715,ok
tt0381681,popular,2000-2009,top,500,150,3.3333333333333335,Q652186,2004,Romance,"Drama,Romance",3,True,True,1.0,enwiki dump 20260901,https://en.wikipedia.org/w/index.php?oldid=1359218993,Plot,2026-09-29T11:25:45Z,CC BY-SA 4.0,599,ok
tt0959337,popular,2000-2009,top,500,150,3.3333333333333335,Q276299,2008,Romance,"Drama,Romance",3,True,False,2.0,enwiki dump 20260901,https://en.wikipedia.org/w/index.php?oldid=1356062348,Plot,2026-09-29T11:25:45Z,CC BY-SA 4.0,576,ok
tt0241303,popular,2000-2009,top,500,150,3.3333333333333335,Q220423,2000,Romance,"Drama,Romance",3,True,False,2.0,enwiki dump 20260901,https://en.wikipedia.org/w/index.php?oldid=1365094140,Plot,2026-09-29T11:25:45Z,CC BY-SA 4.0,684,ok
tt0209958,popular,2000-2009,top,500,150,3.3333333333333335,Q221104,2000,Terror,"Crime,Horror,Sci-Fi",3,True,False,2.0,enwiki dump 20260901,https://en.wikipedia.org/w/index.php?oldid=1361003618,Plot,2026-09-29T11:25:45Z,CC BY-SA 4.0,681,ok
tt0144084,popular,2000-2009,top,500,150,3.3333333333333335,Q1405126,2000,Terror,"Crime,Drama,Horror",3,True,False,2.0,enwiki dump 20260901,https://en.wikipedia.org/w/index.php?oldid=1372754034,Plot,2026-09-29T11:25:45Z,CC BY-SA 4.0,566,ok
tt0295700,popular,2000-2009,top,500,150,3.3333333333333335,Q388944,2003,Terror,"Horror,Thriller",3,True,False,3.0,enwiki dump 20260901,https://en.wikipedia.org/w/index.php?oldid=1372177836,Plot,2026-09-29T11:25:46Z,CC BY-SA 4.0,610,ok
tt1148204,popular,2000-2009,top,500,150,3.3333333333333335,Q387414,2009,Terror,"Horror,Mystery,Thriller",3,True,False,4.0,enwiki dump 20260901,https://en.wikipedia.org/w/index.php?oldid=1372335201,Plot,2026-09-29T11:25:46Z,CC BY-SA 4.0,890,ok
tt0884328,popular,2000-2009,top,500,150,3.3333333333333335,Q695209,2007,Terror,"Horror,Sci-Fi,Thriller",3,True,True,1.0,enwiki dump 20260901,https://en.wikipedia.org/w/index.php?oldid=1371718978,Plot,2026-09-29T11:25:46Z,CC BY-SA 4.0,615,ok
tt0120681,popular,2000-2009,top,500,150,3.3333333333333335,Q470771,2001,Terror,"Crime,Horror,Mystery",3,True,False,3.0,enwiki dump 20260901,https://en.wikipedia.org/w/index.php?oldid=1372506136,Plot,2026-09-29T11:25:46Z,CC BY-SA 4.0,644,ok
tt0454841,popular,2000-2009,top,500,150,3.3333333333333335,Q1141519,2006,Terror,"Horror,Thriller",3,True,False,3.0,enwiki dump 20260901,https://en.wikipedia.org/w/index.php?oldid=1370719216,Plot,2026-09-29T11:25:46Z,CC BY-SA 4.0,587,ok
tt0387564,popular,2000-2009,top,500,150,3.3333333333333335,Q486239,2004,Terror,"Horror,Mystery,Thriller",3,True,True,1.0,enwiki dump 20260901,https://en.wikipedia.org/w/index.php?oldid=1365417650,Plot,2026-09-29T11:25:46Z,CC BY-SA 4.0,691,ok
tt0318627,popular,2000-2009,top,500,150,3.3333333333333335,Q161400,2004,Terror,"Action,Horror,Sci-Fi",3,True,False,5.0,enwiki dump 20260901,https://en.wikipedia.org/w/index.php?oldid=1369623077,Plot,2026-09-29T11:25:46Z,CC BY-SA 4.0,574,ok
tt0257106,popular,2000-2009,top,500,150,3.3333333333333335,Q642501,2001,Terror,"Comedy,Horror",3,True,True,1.0,enwiki dump 20260901,https://en.wikipedia.org/w/index.php?oldid=1372234540,Plot,2026-09-29T11:25:47Z,CC BY-SA 4.0,661,ok
tt0489270,popular,2000-2009,top,500,150,3.3333333333333335,Q276392,2006,Terror,"Horror,Mystery,Thriller",3,True,True,1.0,enwiki dump 20260901,https://en.wikipedia.org/w/index.php?oldid=1370265324,Plot,2026-09-29T11:25:47Z,CC BY-SA 4.0,628,ok
tt0298130,popular,2000-2009,top,500,150,3.3333333333333335,Q212804,2002,Terror,"Horror,Mystery",3,True,True,1.0,enwiki dump 20260901,https://en.wikipedia.org/w/index.php?oldid=1372758734,Plot,2026-09-29T11:25:47Z,CC BY-SA 4.0,503,ok
tt0404032,popular,2000-2009,top,500,150,3.3333333333333335,Q845204,2005,Terror,"Drama,Horror,Thriller",3,True,True,1.0,enwiki dump 20260901,https://en.wikipedia.org/w/index.php?oldid=1366117715,Plot,2026-09-29T11:25:47Z,CC BY-SA 4.0,583,ok
tt0258000,popular,2000-2009,top,500,150,3.3333333333333335,Q741042,2002,Thriller/crimen,"Crime,Drama,Thriller",3,True,True,1.0,enwiki dump 20260901,https://en.wikipedia.org/w/index.php?oldid=1372705941,Plot,2026-09-29T11:25:47Z,CC BY-SA 4.0,504,ok
tt0824747,popular,2000-2009,top,500,150,3.3333333333333335,Q275553,2008,Thriller/crimen,"Biography,Crime,Drama",3,True,True,1.0,enwiki dump 20260901,https://en.wikipedia.org/w/index.php?oldid=1367571558,Plot,2026-09-29T11:25:47Z,CC BY-SA 4.0,661,ok
tt0481369,popular,2000-2009,top,500,150,3.3333333333333335,Q1123479,2007,Thriller/crimen,"Crime,Mystery,Thriller",3,True,False,2.0,enwiki dump 20260901,https://en.wikipedia.org/w/index.php?oldid=1365306554,Plot,2026-09-29T11:25:48Z,CC BY-SA 4.0,682,ok
tt0379725,popular,2000-2009,top,500,150,3.3333333333333335,Q463615,2005,Thriller/crimen,"Biography,Crime,Drama",3,True,False,2.0,enwiki dump 20260901,https://en.wikipedia.org/w/index.php?oldid=1372456366,Plot,2026-09-29T11:25:48Z,CC BY-SA 4.0,628,ok
tt0278504,popular,2000-2009,top,500,150,3.3333333333333335,Q429969,2002,Thriller/crimen,"Drama,Mystery,Thriller",3,True,True,1.0,enwiki dump 20260901,https://en.wikipedia.org/w/index.php?oldid=1370335877,Plot,2026-09-29T11:25:48Z,CC BY-SA 4.0,835,ok
tt0443706,popular,2000-2009,top,500,150,3.3333333333333335,Q218172,2007,Thriller/crimen,"Crime,Drama,Mystery",3,True,True,1.0,enwiki dump 20260901,https://en.wikipedia.org/w/index.php?oldid=1371671439,Plot,2026-09-29T11:25:48Z,CC BY-SA 4.0,724,ok
tt0452623,popular,2000-2009,top,500,150,3.3333333333333335,Q247182,2007,Thriller/crimen,"Crime,Drama,Mystery",3,True,True,1.0,enwiki dump 20260901,https://en.wikipedia.org/w/index.php?oldid=1372035734,Plot,2026-09-29T11:25:48Z,CC BY-SA 4.0,736,ok
tt0221027,popular,2000-2009,top,500,150,3.3333333333333335,Q631515,2001,Thriller/crimen,"Biography,Crime,Drama",3,True,True,1.0,enwiki dump 20260901,https://en.wikipedia.org/w/index.php?oldid=1370580121,Plot,2026-09-29T11:25:48Z,CC BY-SA 4.0,727,ok
tt0217505,popular,2000-2009,top,500,150,3.3333333333333335,Q154581,2002,Thriller/crimen,"Crime,Drama",3,True,False,5.0,enwiki dump 20260901,https://en.wikipedia.org/w/index.php?oldid=1370643312,Plot,2026-09-29T11:25:49Z,CC BY-SA 4.0,856,ok
tt0486822,popular,2000-2009,top,500,150,3.3333333333333335,Q592445,2007,Thriller/crimen,"Crime,Drama,Mystery",3,True,True,1.0,enwiki dump 20260901,https://en.wikipedia.org/w/index.php?oldid=1371356850,Plot,2026-09-29T11:25:49Z,CC BY-SA 4.0,647,ok
tt0212985,popular,2000-2009,top,500,150,3.3333333333333335,Q722682,2001,Thriller/crimen,"Crime,Drama,Thriller",3,True,False,3.0,enwiki dump 20260901,https://en.wikipedia.org/w/index.php?oldid=1367622106,Plot,2026-09-29T11:25:49Z,CC BY-SA 4.0,532,ok
tt0251160,popular,2000-2009,top,500,150,3.3333333333333335,Q1141457,2002,Thriller/crimen,"Crime,Drama,Thriller",3,True,True,1.0,enwiki dump 20260901,https://en.wikipedia.org/w/index.php?oldid=1371779539,Plot,2026-09-29T11:25:49Z,CC BY-SA 4.0,758,ok
tt0408306,popular,2000-2009,top,500,150,3.3333333333333335,Q152456,2005,Thriller/crimen,"Drama,History,Thriller",3,True,False,3.0,enwiki dump 20260901,https://en.wikipedia.org/w/index.php?oldid=1372706839,Plot,2026-09-29T11:25:50Z,CC BY-SA 4.0,664,ok
tt0363988,popular,2000-2009,top,500,150,3.3333333333333335,Q472165,2004,Thriller/crimen,"Drama,Mystery,Thriller",3,True,True,1.0,enwiki dump 20260901,https://en.wikipedia.org/w/index.php?oldid=1371608897,Plot,2026-09-29T11:25:50Z,CC BY-SA 4.0,609,ok
tt0814314,popular,2000-2009,top,500,150,3.3333333333333335,Q635924,2008,Thriller/crimen,"Drama,Mystery,Thriller",3,True,True,1.0,enwiki dump 20260901,https://en.wikipedia.org/w/index.php?oldid=1372363062,Plot,2026-09-29T11:25:50Z,CC BY-SA 4.0,407,ok
tt0139654,popular,2000-2009,top,500,150,3.3333333333333335,Q308929,2001,Thriller/crimen,"Crime,Drama,Thriller",3,True,True,1.0,enwiki dump 20260901,https://en.wikipedia.org/w/index.php?oldid=1371328069,Plot,2026-09-29T11:25:50Z,CC BY-SA 4.0,744,ok
tt0240772,popular,2000-2009,top,500,150,3.3333333333333335,Q205447,2001,Thriller/crimen,"Crime,Thriller",3,True,False,2.0,enwiki dump 20260901,https://en.wikipedia.org/w/index.php?oldid=1371961154,Plot,2026-09-29T11:25:51Z,CC BY-SA 4.0,644,ok
tt0496806,popular,2000-2009,top,500,150,3.3333333333333335,Q635632,2007,Thriller/crimen,"Crime,Thriller",3,True,True,1.0,enwiki dump 20260901,https://en.wikipedia.org/w/index.php?oldid=1368282722,Plot,2026-09-29T11:25:51Z,CC BY-SA 4.0,663,ok
tt0372784,popular,2000-2009,top,500,150,3.3333333333333335,Q166262,2005,Thriller/crimen,Crime,3,True,False,2.0,enwiki dump 20260901,https://en.wikipedia.org/w/index.php?oldid=1372683244,Plot,2026-09-29T11:25:51Z,CC BY-SA 4.0,618,ok
tt0268978,popular,2000-2009,top,500,150,3.3333333333333335,Q164103,2001,Thriller/crimen,"Biography,Drama,Mystery",3,True,True,1.0,enwiki dump 20260901,https://en.wikipedia.org/w/index.php?oldid=1369602081,Plot,2026-09-29T11:25:51Z,CC BY-SA 4.0,585,ok
tt1091191,popular,2010-2019,top,500,150,3.3333333333333335,Q3258993,2013,Acción/aventura,"Action,Biography,Drama",3,True,True,1.0,enwiki dump 20260901,https://en.wikipedia.org/w/index.php?oldid=1372145988,Plot,2026-09-29T11:25:52Z,CC BY-SA 4.0,434,ok
tt8367814,popular,2010-2019,top,500,150,3.3333333333333335,Q60614686,2019,Acción/aventura,"Action,Comedy,Crime",3,True,False,2.0,enwiki dump 20260901,https://en.wikipedia.org/w/index.php?oldid=1371278967,Plot,2026-09-29T11:25:52Z,CC BY-SA 4.0,608,ok
tt1155076,popular,2010-2019,top,500,150,3.3333333333333335,Q327685,2010,Acción/aventura,"Action,Drama,Family",3,True,False,2.0,enwiki dump 20260901,https://en.wikipedia.org/w/index.php?oldid=1372342730,Plot,2026-09-29T11:25:52Z,CC BY-SA 4.0,525,ok
tt1515091,popular,2010-2019,top,500,150,3.3333333333333335,Q243643,2011,Acción/aventura,"Action,Adventure,Mystery",3,True,False,3.0,enwiki dump 20260901,https://en.wikipedia.org/w/index.php?oldid=1366044100,Plot,2026-09-29T11:25:52Z,CC BY-SA 4.0,669,ok
tt1677720,popular,2010-2019,top,500,150,3.3333333333333335,Q22000542,2018,Acción/aventura,"Action,Adventure,Sci-Fi",3,True,True,1.0,enwiki dump 20260901,https://en.wikipedia.org/w/index.php?oldid=1372098303,Plot,2026-09-29T11:25:52Z,CC BY-SA 4.0,687,ok
tt2935510,popular,2010-2019,top,500,150,3.3333333333333335,Q38774788,2019,Acción/aventura,"Adventure,Drama,Mystery",3,True,True,1.0,enwiki dump 20260901,https://en.wikipedia.org/w/index.php?oldid=1372869787,Plot,2026-09-29T11:25:53Z,CC BY-SA 4.0,705,ok
tt0848228,popular,2010-2019,top,500,150,3.3333333333333335,Q182218,2012,Acción/aventura,"Action,Sci-Fi",3,True,True,1.0,enwiki dump 20260901,https://en.wikipedia.org/w/index.php?oldid=1372770280,Plot,2026-09-29T11:25:53Z,CC BY-SA 4.0,496,ok
tt1392170,popular,2010-2019,top,500,150,3.3333333333333335,Q212965,2012,Acción/aventura,"Action,Adventure,Sci-Fi",3,True,True,1.0,enwiki dump 20260901,https://en.wikipedia.org/w/index.php?oldid=1372693985,Plot,2026-09-29T11:25:53Z,CC BY-SA 4.0,716,ok
tt1318514,popular,2010-2019,top,500,150,3.3333333333333335,Q243983,2011,Acción/aventura,"Action,Drama,Sci-Fi",3,True,True,1.0,enwiki dump 20260901,https://en.wikipedia.org/w/index.php?oldid=1370703936,Plot,2026-09-29T11:25:53Z,CC BY-SA 4.0,572,ok
tt3315342,popular,2010-2019,top,500,150,3.3333333333333335,Q24053263,2017,Acción/aventura,"Action,Drama,Sci-Fi",3,True,True,1.0,enwiki dump 20260901,https://en.wikipedia.org/w/index.php?oldid=1372943733,Plot,2026-09-29T11:25:53Z,CC BY-SA 4.0,684,ok
tt0401729,popular,2010-2019,top,500,150,3.3333333333333335,Q235347,2012,Acción/aventura,"Action,Adventure,Sci-Fi",3,True,True,1.0,enwiki dump 20260901,https://en.wikipedia.org/w/index.php?oldid=1372675362,Plot,2026-09-29T11:25:54Z,CC BY-SA 4.0,645,ok
tt1877832,popular,2010-2019,top,500,150,3.3333333333333335,Q4985891,2014,Acción/aventura,"Action,Adventure,Sci-Fi",3,True,False,2.0,enwiki dump 20260901,https://en.wikipedia.org/w/index.php?oldid=1372863037,Plot,2026-09-29T11:25:54Z,CC BY-SA 4.0,713,ok
tt3731562,popular,2010-2019,top,500,150,3.3333333333333335,Q21203766,2017,Acción/aventura,"Action,Adventure,Fantasy",3,True,True,1.0,enwiki dump 20260901,https://en.wikipedia.org/w/index.php?oldid=1368742852,Plot,2026-09-29T11:25:54Z,CC BY-SA 4.0,614,ok
tt0448115,popular,2010-2019,top,500,150,3.3333333333333335,Q23685878,2019,Acción/aventura,"Action,Adventure,Comedy",3,True,True,1.0,enwiki dump 20260901,https://en.wikipedia.org/w/index.php?oldid=1367962604,Plot,2026-09-29T11:25:54Z,CC BY-SA 4.0,719,ok
tt1375666,popular,2010-2019,top,500,150,3.3333333333333335,Q25188,2010,Acción/aventura,"Adventure,Sci-Fi,Thriller",3,True,False,2.0,enwiki dump 20260901,https://en.wikipedia.org/w/index.php?oldid=1372793384,Plot,2026-09-29T11:25:54Z,CC BY-SA 4.0,669,ok
tt1325004,popular,2010-2019,top,500,150,3.3333333333333335,Q217010,2010,Acción/aventura,"Action,Adventure,Drama",3,True,True,1.0,enwiki dump 20260901,https://en.wikipedia.org/w/index.php?oldid=1372867628,Plot,2026-09-29T11:25:54Z,CC BY-SA 4.0,646,ok
tt1905041,popular,2010-2019,top,500,150,3.3333333333333335,Q5516100,2013,Acción/aventura,"Action,Adventure,Crime",3,True,False,3.0,enwiki dump 20260901,https://en.wikipedia.org/w/index.php?oldid=1369105052,Plot,2026-09-29T11:25:54Z,CC BY-SA 4.0,472,ok
tt1606378,popular,2010-2019,top,500,150,3.3333333333333335,Q72276,2013,Acción/aventura,"Action,Thriller",3,True,True,1.0,enwiki dump 20260901,https://en.wikipedia.org/w/index.php?oldid=1369601917,Plot,2026-09-29T11:25:55Z,CC BY-SA 4.0,647,ok
tt0451279,popular,2010-2019,top,500,150,3.3333333333333335,Q20502242,2017,Acción/aventura,"Action,Adventure,Fantasy",3,True,True,1.0,enwiki dump 20260901,https://en.wikipedia.org/w/index.php?oldid=1372884312,Plot,2026-09-29T11:25:55Z,CC BY-SA 4.0,679,ok
tt1959563,popular,2010-2019,top,500,150,3.3333333333333335,Q23796644,2017,Acción/aventura,"Action,Comedy,Crime",3,True,True,1.0,enwiki dump 20260901,https://en.wikipedia.org/w/index.php?oldid=1372021071,Plot,2026-09-29T11:25:55Z,CC BY-SA 4.0,543,ok
tt1663202,popular,2010-2019,top,500,150,3.3333333333333335,Q18002795,2015,Acción/aventura,"Action,Drama,Western",3,True,True,1.0,enwiki dump 20260901,https://en.wikipedia.org/w/index.php?oldid=1372861224,Plot,2026-09-29T11:25:55Z,CC BY-SA 4.0,679,ok
tt1424381,popular,2010-2019,top,500,150,3.3333333333333335,Q380667,2010,Acción/aventura,"Action,Adventure,Sci-Fi",3,True,True,1.0,enwiki dump 20260901,https://en.wikipedia.org/w/index.php?oldid=1371783553,Plot,2026-09-29T11:25:55Z,CC BY-SA 4.0,565,ok
tt0437086,popular,2010-2019,top,500,150,3.3333333333333335,Q24053265,2019,Acción/aventura,"Action,Adventure,Sci-Fi",3,True,True,1.0,enwiki dump 20260901,https://en.wikipedia.org/w/index.php?oldid=1369192812,Plot,2026-09-29T11:25:55Z,CC BY-SA 4.0,575,ok
tt1951265,popular,2010-2019,top,500,150,3.3333333333333335,Q4142083,2014,Acción/aventura,"Action,Adventure,Sci-Fi",3,True,True,1.0,enwiki dump 20260901,https://en.wikipedia.org/w/index.php?oldid=1371471754,Plot,2026-09-29T11:25:56Z,CC BY-SA 4.0,570,ok
tt1464540,popular,2010-2019,top,500,150,3.3333333333333335,Q470407,2011,Acción/aventura,"Action,Adventure,Sci-Fi",3,True,True,1.0,enwiki dump 20260901,https://en.wikipedia.org/w/index.php?oldid=1367620809,Plot,2026-09-29T11:25:56Z,CC BY-SA 4.0,631,ok
tt0938283,popular,2010-2019,top,500,150,3.3333333333333335,Q11593,2010,Acción/aventura,"Action,Adventure,Family",3,True,True,1.0,enwiki dump 20260901,https://en.wikipedia.org/w/index.php?oldid=1372737386,Plot,2026-09-29T11:25:56Z,CC BY-SA 4.0,618,ok
tt0458339,popular,2010-2019,top,500,150,3.3333333333333335,Q275120,2011,Acción/aventura,"Action,Adventure,Sci-Fi",3,True,True,1.0,enwiki dump 20260901,https://en.wikipedia.org/w/index.php?oldid=1372475445,Plot,2026-09-29T11:25:56Z,CC BY-SA 4.0,673,ok
tt5013056,popular,2010-2019,top,500,150,3.3333333333333335,Q21935651,2017,Acción/aventura,"Action,Drama,History",3,True,False,4.0,enwiki dump 20260901,https://en.wikipedia.org/w/index.php?oldid=1372968583,Plot,2026-09-29T11:25:56Z,CC BY-SA 4.0,983,ok
tt5095030,popular,2010-2019,top,500,150,3.3333333333333335,Q22957393,2018,Acción/aventura,"Action,Adventure,Comedy",3,True,True,1.0,enwiki dump 20260901,https://en.wikipedia.org/w/index.php?oldid=1368655722,Plot,2026-09-29T11:25:56Z,CC BY-SA 4.0,644,ok
tt1488606,popular,2010-2019,top,500,150,3.3333333333333335,Q51260526,2019,Acción/aventura,"Action,Adventure,Thriller",3,True,True,1.0,enwiki dump 20260901,https://en.wikipedia.org/w/index.php?oldid=1356158820,Plot,2026-09-29T11:25:57Z,CC BY-SA 4.0,622,ok
tt4701182,popular,2010-2019,top,500,150,3.3333333333333335,Q34220038,2018,Acción/aventura,"Action,Adventure,Sci-Fi",3,True,True,1.0,enwiki dump 20260901,https://en.wikipedia.org/w/index.php?oldid=1370022152,Plot,2026-09-29T11:25:57Z,CC BY-SA 4.0,683,ok
tt2179136,popular,2010-2019,top,500,150,3.3333333333333335,Q16970789,2014,Acción/aventura,"Action,Biography,Drama",3,True,True,1.0,enwiki dump 20260901,https://en.wikipedia.org/w/index.php?oldid=1371864277,Plot,2026-09-29T11:25:57Z,CC BY-SA 4.0,596,ok
tt2283336,popular,2010-2019,top,500,150,3.3333333333333335,Q55439830,2019,Acción/aventura,"Action,Adventure,Comedy",3,True,True,1.0,enwiki dump 20260901,https://en.wikipedia.org/w/index.php?oldid=1372492917,Plot,2026-09-29T11:25:57Z,CC BY-SA 4.0,710,ok
tt3076658,popular,2010-2019,top,500,150,3.3333333333333335,Q18822138,2015,Acción/aventura,"Action,Drama,Sport",3,True,True,1.0,enwiki dump 20260901,https://en.wikipedia.org/w/index.php?oldid=1370244129,Plot,2026-09-29T11:25:57Z,CC BY-SA 4.0,728,ok
tt6450804,popular,2010-2019,top,500,150,3.3333333333333335,Q39072454,2019,Acción/aventura,"Action,Adventure,Sci-Fi",3,True,True,1.0,enwiki dump 20260901,https://en.wikipedia.org/w/index.php?oldid=1372362359,Plot,2026-09-29T11:25:57Z,CC BY-SA 4.0,575,ok
tt1650554,popular,2010-2019,top,500,150,3.3333333333333335,Q1758468,2013,Acción/aventura,"Action,Comedy,Crime",3,True,False,2.0,enwiki dump 20260901,https://en.wikipedia.org/w/index.php?oldid=1369921315,Plot,2026-09-29T11:25:58Z,CC BY-SA 4.0,624,ok
tt1291584,popular,2010-2019,top,500,150,3.3333333333333335,Q1415964,2011,Acción/aventura,"Action,Drama,Sport",3,True,True,1.0,enwiki dump 20260901,https://en.wikipedia.org/w/index.php?oldid=1371034814,Plot,2026-09-29T11:25:58Z,CC BY-SA 4.0,689,ok
tt1300854,popular,2010-2019,top,500,150,3.3333333333333335,Q209538,2013,Acción/aventura,"Action,Adventure,Sci-Fi",3,True,True,1.0,enwiki dump 20260901,https://en.wikipedia.org/w/index.php?oldid=1372770781,Plot,2026-09-29T11:25:58Z,CC BY-SA 4.0,670,ok
tt1259528,popular,2010-2019,top,500,150,3.3333333333333335,Q28860130,2018,Acción/aventura,"Action,Crime,Drama",3,True,True,1.0,enwiki dump 20260901,https://en.wikipedia.org/w/index.php?oldid=1357663864,Plot,2026-09-29T11:25:58Z,CC BY-SA 4.0,613,ok
tt2334879,popular,2010-2019,top,500,150,3.3333333333333335,Q2350772,2013,Acción/aventura,"Action,Drama,Thriller",3,True,True,1.0,enwiki dump 20260901,https://en.wikipedia.org/w/index.php?oldid=1372020780,Plot,2026-09-29T11:25:58Z,CC BY-SA 4.0,719,ok
tt4123430,popular,2010-2019,top,500,150,3.3333333333333335,Q18199331,2018,Acción/aventura,"Adventure,Family,Fantasy",3,True,False,2.0,enwiki dump 20260901,https://en.wikipedia.org/w/index.php?oldid=1358995272,Plot,2026-09-29T11:25:58Z,CC BY-SA 4.0,685,ok
tt0978764,popular,2010-2019,top,500,150,3.3333333333333335,Q621587,2011,Acción/aventura,"Action,Adventure,Fantasy",3,True,True,1.0,enwiki dump 20260901,https://en.wikipedia.org/w/index.php?oldid=1372335631,Plot,2026-09-29T11:25:58Z,CC BY-SA 4.0,478,ok
tt1950186,popular,2010-2019,top,500,150,3.3333333333333335,Q55081822,2019,Acción/aventura,"Action,Biography,Drama",3,True,False,2.0,enwiki dump 20260901,https://en.wikipedia.org/w/index.php?oldid=1372315062,Plot,2026-09-29T11:25:58Z,CC BY-SA 4.0,713,ok
tt3110958,popular,2010-2019,top,500,150,3.3333333333333335,Q18703028,2016,Acción/aventura,"Action,Adventure,Comedy",3,True,False,2.0,enwiki dump 20260901,https://en.wikipedia.org/w/index.php?oldid=1371518593,Plot,2026-09-29T11:25:59Z,CC BY-SA 4.0,586,ok
tt1320253,popular,2010-2019,top,500,150,3.3333333333333335,Q206374,2010,Acción/aventura,"Action,Adventure,Thriller",3,True,True,1.0,enwiki dump 20260901,https://en.wikipedia.org/w/index.php?oldid=1372842507,Plot,2026-09-29T11:25:59Z,CC BY-SA 4.0,595,ok
tt1599348,popular,2010-2019,top,500,150,3.3333333333333335,Q934739,2012,Acción/aventura,"Action,Thriller",3,True,False,3.0,enwiki dump 20260901,https://en.wikipedia.org/w/index.php?oldid=1365916288,Plot,2026-09-29T11:25:59Z,CC BY-SA 4.0,794,ok
tt2283362,popular,2010-2019,top,500,150,3.3333333333333335,Q20762680,2017,Acción/aventura,"Action,Adventure,Comedy",3,True,True,1.0,enwiki dump 20260901,https://en.wikipedia.org/w/index.php?oldid=1372668755,Plot,2026-09-29T11:25:59Z,CC BY-SA 4.0,504,ok
tt3741700,popular,2010-2019,top,500,150,3.3333333333333335,Q17501972,2019,Acción/aventura,"Action,Adventure,Fantasy",3,True,False,5.0,enwiki dump 20260901,https://en.wikipedia.org/w/index.php?oldid=1370278527,Plot,2026-09-29T11:25:59Z,CC BY-SA 4.0,691,ok
tt1170358,popular,2010-2019,top,500,150,3.3333333333333335,Q719915,2013,Acción/aventura,"Adventure,Fantasy",3,True,False,2.0,enwiki dump 20260901,https://en.wikipedia.org/w/index.php?oldid=1372136756,Plot,2026-09-29T11:25:59Z,CC BY-SA 4.0,584,ok
tt2406566,popular,2010-2019,top,500,150,3.3333333333333335,Q21528112,2017,Acción/aventura,"Action,Adventure,Thriller",3,True,True,1.0,enwiki dump 20260901,https://en.wikipedia.org/w/index.php?oldid=1367690827,Plot,2026-09-29T11:25:59Z,CC BY-SA 4.0,570,ok
tt0903624,popular,2010-2019,top,500,150,3.3333333333333335,Q80379,2012,Acción/aventura,"Adventure,Fantasy",3,True,False,2.0,enwiki dump 20260901,https://en.wikipedia.org/w/index.php?oldid=1372135390,Plot,2026-09-29T11:26:00Z,CC BY-SA 4.0,596,ok
tt0780504,popular,2010-2019,top,500,150,3.3333333333333335,Q732960,2011,Acción/aventura,"Action,Drama",3,True,True,1.0,enwiki dump 20260901,https://en.wikipedia.org/w/index.php?oldid=1372894853,Plot,2026-09-29T11:26:00Z,CC BY-SA 4.0,566,ok
tt0814255,popular,2010-2019,top,500,150,3.3333333333333335,Q244333,2010,Acción/aventura,"Adventure,Family,Fantasy",3,True,False,2.0,enwiki dump 20260901,https://en.wikipedia.org/w/index.php?oldid=1372201556,Plot,2026-09-29T11:26:00Z,CC BY-SA 4.0,729,ok
tt1365519,popular,2010-2019,top,500,150,3.3333333333333335,Q28489891,2018,Acción/aventura,"Action,Adventure,Fantasy",3,True,False,2.0,enwiki dump 20260901,https://en.wikipedia.org/w/index.php?oldid=1371167689,Plot,2026-09-29T11:26:00Z,CC BY-SA 4.0,669,ok
tt1219827,popular,2010-2019,top,500,150,3.3333333333333335,Q22575835,2017,Acción/aventura,"Action,Crime,Drama",3,True,False,2.0,enwiki dump 20260901,https://en.wikipedia.org/w/index.php?oldid=1371561557,Plot,2026-09-29T11:26:00Z,CC BY-SA 4.0,648,ok
tt1074638,popular,2010-2019,top,500,150,3.3333333333333335,Q4941,2012,Acción/aventura,"Action,Adventure,Thriller",3,True,False,2.0,enwiki dump 20260901,https://en.wikipedia.org/w/index.php?oldid=1372798156,Plot,2026-09-29T11:26:00Z,CC BY-SA 4.0,688,ok
tt2908446,popular,2010-2019,top,500,150,3.3333333333333335,Q16997069,2015,Acción/aventura,"Action,Adventure,Romance",3,True,True,1.0,enwiki dump 20260901,https://en.wikipedia.org/w/index.php?oldid=1371723402,Plot,2026-09-29T11:26:00Z,CC BY-SA 4.0,618,ok
tt2395427,popular,2010-2019,top,500,150,3.3333333333333335,Q14171368,2015,Acción/aventura,"Action,Adventure,Sci-Fi",3,True,True,1.0,enwiki dump 20260901,https://en.wikipedia.org/w/index.php?oldid=1370066511,Plot,2026-09-29T11:26:01Z,CC BY-SA 4.0,608,ok
tt1401152,popular,2010-2019,top,500,150,3.3333333333333335,Q158759,2011,Acción/aventura,"Action,Mystery,Thriller",3,True,False,5.0,enwiki dump 20260901,https://en.wikipedia.org/w/index.php?oldid=1364661396,Plot,2026-09-29T11:26:01Z,CC BY-SA 4.0,689,ok
tt1706620,popular,2010-2019,top,500,150,3.3333333333333335,Q492908,2013,Acción/aventura,"Action,Drama,Sci-Fi",3,True,False,4.0,enwiki dump 20260901,https://en.wikipedia.org/w/index.php?oldid=1371531385,Plot,2026-09-29T11:26:01Z,CC BY-SA 4.0,707,ok
tt6343314,popular,2010-2019,top,500,150,3.3333333333333335,Q50233658,2018,Acción/aventura,"Action,Drama,Sport",3,True,True,1.0,enwiki dump 20260901,https://en.wikipedia.org/w/index.php?oldid=1370246074,Plot,2026-09-29T11:26:01Z,CC BY-SA 4.0,734,ok
tt2527338,popular,2010-2019,top,500,150,3.3333333333333335,Q20977110,2019,Acción/aventura,"Action,Adventure,Fantasy",3,True,True,1.0,enwiki dump 20260901,https://en.wikipedia.org/w/index.php?oldid=1371623813,Plot,2026-09-29T11:26:01Z,CC BY-SA 4.0,666,ok
tt1446714,popular,2010-2019,top,500,150,3.3333333333333335,Q192686,2012,Acción/aventura,"Adventure,Sci-Fi",3,True,False,2.0,enwiki dump 20260901,https://en.wikipedia.org/w/index.php?oldid=1372931214,Plot,2026-09-29T11:26:01Z,CC BY-SA 4.0,685,ok
tt1272878,popular,2010-2019,top,500,150,3.3333333333333335,Q3598715,2013,Acción/aventura,"Action,Comedy,Crime",3,True,True,1.0,enwiki dump 20260901,https://en.wikipedia.org/w/index.php?oldid=1369458909,Plot,2026-09-29T11:26:02Z,CC BY-SA 4.0,626,ok
tt5519340,popular,2010-2019,top,500,150,3.3333333333333335,Q27825886,2017,Acción/aventura,"Action,Fantasy,Thriller",3,True,True,1.0,enwiki dump 20260901,https://en.wikipedia.org/w/index.php?oldid=1371884151,Plot,2026-09-29T11:26:02Z,CC BY-SA 4.0,740,ok
tt1245526,popular,2010-2019,top,500,150,3.3333333333333335,Q858842,2010,Acción/aventura,"Action,Comedy,Crime",3,True,True,1.0,enwiki dump 20260901,https://en.wikipedia.org/w/index.php?oldid=1369721793,Plot,2026-09-29T11:26:02Z,CC BY-SA 4.0,609,ok
tt1748122,popular,2010-2019,top,500,150,3.3333333333333335,Q217112,2012,Acción/aventura,"Adventure,Comedy,Drama",3,True,True,1.0,enwiki dump 20260901,https://en.wikipedia.org/w/index.php?oldid=1372274762,Plot,2026-09-29T11:26:02Z,CC BY-SA 4.0,650,ok
tt0455944,popular,2010-2019,top,500,150,3.3333333333333335,Q13562643,2014,Acción/aventura,"Action,Crime,Thriller",3,True,True,1.0,enwiki dump 20260901,https://en.wikipedia.org/w/index.php?oldid=1372030177,Plot,2026-09-29T11:26:02Z,CC BY-SA 4.0,557,ok
tt2294449,popular,2010-2019,top,500,150,3.3333333333333335,Q15040917,2014,Acción/aventura,"Action,Comedy,Crime",3,True,True,1.0,enwiki dump 20260901,https://en.wikipedia.org/w/index.php?oldid=1372885332,Plot,2026-09-29T11:26:02Z,CC BY-SA 4.0,713,ok
tt2713180,popular,2010-2019,top,500,150,3.3333333333333335,Q14786561,2014,Acción/aventura,"Action,Drama,War",3,True,False,3.0,enwiki dump 20260901,https://en.wikipedia.org/w/index.php?oldid=1371727135,Plot,2026-09-29T11:26:02Z,CC BY-SA 4.0,2347,ok
tt1964418,popular,2010-2019,top,500,150,3.3333333333333335,Q7820305,2015,Acción/aventura,"Action,Adventure,Family",3,True,True,1.0,enwiki dump 20260901,https://en.wikipedia.org/w/index.php?oldid=1370704156,Plot,2026-09-29T11:26:02Z,CC BY-SA 4.0,523,ok
tt3896198,popular,2010-2019,top,500,150,3.3333333333333335,Q20001199,2017,Acción/aventura,"Action,Adventure,Comedy",3,True,True,1.0,enwiki dump 20260901,https://en.wikipedia.org/w/index.php?oldid=1371507400,Plot,2026-09-29T11:26:03Z,CC BY-SA 4.0,687,ok
tt1823672,popular,2010-2019,top,500,150,3.3333333333333335,Q15209986,2015,Acción/aventura,"Action,Crime,Drama",3,True,False,3.0,enwiki dump 20260901,https://en.wikipedia.org/w/index.php?oldid=1358068085,Plot,2026-09-29T11:26:03Z,CC BY-SA 4.0,699,ok
tt1289401,popular,2010-2019,top,500,150,3.3333333333333335,Q20120108,2016,Acción/aventura,"Action,Comedy,Fantasy",3,True,True,1.0,enwiki dump 20260901,https://en.wikipedia.org/w/index.php?oldid=1371786592,Plot,2026-09-29T11:26:03Z,CC BY-SA 4.0,650,ok
tt2788710,popular,2010-2019,top,500,150,3.3333333333333335,Q15524911,2014,Acción/aventura,"Action,Adventure,Comedy",3,True,True,1.0,enwiki dump 20260901,https://en.wikipedia.org/w/index.php?oldid=1371693992,Plot,2026-09-29T11:26:03Z,CC BY-SA 4.0,639,ok
tt1490017,popular,2010-2019,top,500,150,3.3333333333333335,Q2608065,2014,Animación,"Action,Adventure,Animation",3,True,False,3.0,enwiki dump 20260901,https://en.wikipedia.org/w/index.php?oldid=1372133282,Plot,2026-09-29T11:26:03Z,CC BY-SA 4.0,576,ok
tt1979376,popular,2010-2019,top,500,150,3.3333333333333335,Q18517638,2019,Animación,"Adventure,Animation,Comedy",3,True,True,1.0,enwiki dump 20260901,https://en.wikipedia.org/w/index.php?oldid=1372687169,Plot,2026-09-29T11:26:03Z,CC BY-SA 4.0,570,ok
tt3469046,popular,2010-2019,top,500,150,3.3333333333333335,Q22997984,2017,Animación,"Adventure,Animation,Comedy",3,True,True,1.0,enwiki dump 20260901,https://en.wikipedia.org/w/index.php?oldid=1370078420,Plot,2026-09-29T11:26:04Z,CC BY-SA 4.0,588,ok
tt0892769,popular,2010-2019,top,500,150,3.3333333333333335,Q373096,2010,Animación,"Action,Adventure,Animation",3,True,True,1.0,enwiki dump 20260901,https://en.wikipedia.org/w/index.php?oldid=1372767731,Plot,2026-09-29T11:26:04Z,CC BY-SA 4.0,648,ok
tt1291150,popular,2010-2019,top,500,150,3.3333333333333335,Q9653404,2014,Animación,"Action,Adventure,Animation",3,True,True,1.0,enwiki dump 20260901,https://en.wikipedia.org/w/index.php?oldid=1372606501,Plot,2026-09-29T11:26:04Z,CC BY-SA 4.0,692,ok
tt2120120,popular,2010-2019,top,500,150,3.3333333333333335,Q17182905,2015,Animación,"Action,Adventure,Animation",3,True,True,1.0,enwiki dump 20260901,https://en.wikipedia.org/w/index.php?oldid=1372301098,Plot,2026-09-29T11:26:04Z,CC BY-SA 4.0,528,ok
tt6105098,popular,2010-2019,top,500,150,3.3333333333333335,Q27044293,2019,Animación,"Adventure,Animation,Drama",3,True,True,1.0,enwiki dump 20260901,https://en.wikipedia.org/w/index.php?oldid=1372115422,Plot,2026-09-29T11:26:04Z,CC BY-SA 4.0,643,ok
tt1323594,popular,2010-2019,top,500,150,3.3333333333333335,Q4447,2010,Animación,"Adventure,Animation,Comedy",3,True,False,2.0,enwiki dump 20260901,https://en.wikipedia.org/w/index.php?oldid=1372849819,Plot,2026-09-29T11:26:04Z,CC BY-SA 4.0,450,ok
tt3521164,popular,2010-2019,top,500,150,3.3333333333333335,Q18647981,2016,Animación,"Adventure,Animation,Comedy",3,True,True,1.0,enwiki dump 20260901,https://en.wikipedia.org/w/index.php?oldid=1372756369,Plot,2026-09-29T11:26:04Z,CC BY-SA 4.0,715,ok
tt2267968,popular,2010-2019,top,500,150,3.3333333333333335,Q15055043,2016,Animación,"Action,Adventure,Animation",3,True,False,2.0,enwiki dump 20260901,https://en.wikipedia.org/w/index.php?oldid=1371715759,Plot,2026-09-29T11:26:05Z,CC BY-SA 4.0,724,ok
tt4520988,popular,2010-2019,top,500,150,3.3333333333333335,Q24733929,2019,Animación,"Adventure,Animation,Comedy",3,True,True,1.0,enwiki dump 20260901,https://en.wikipedia.org/w/index.php?oldid=1371301658,Plot,2026-09-29T11:26:05Z,CC BY-SA 4.0,603,ok
tt1446192,popular,2010-2019,top,500,150,3.3333333333333335,Q136625,2012,Animación,"Action,Adventure,Animation",3,True,True,1.0,enwiki dump 20260901,https://en.wikipedia.org/w/index.php?oldid=1371266477,Plot,2026-09-29T11:26:05Z,CC BY-SA 4.0,480,ok
tt0398286,popular,2010-2019,top,500,150,3.3333333333333335,Q188439,2010,Animación,"Adventure,Animation,Comedy",3,True,True,1.0,enwiki dump 20260901,https://en.wikipedia.org/w/index.php?oldid=1372608272,Plot,2026-09-29T11:26:05Z,CC BY-SA 4.0,780,ok
tt1646971,popular,2010-2019,top,500,150,3.3333333333333335,Q10298666,2014,Animación,"Action,Adventure,Animation",3,True,True,1.0,enwiki dump 20260901,https://en.wikipedia.org/w/index.php?oldid=1368955924,Plot,2026-09-29T11:26:06Z,CC BY-SA 4.0,611,ok
tt2293640,popular,2010-2019,top,500,150,3.3333333333333335,Q13619743,2015,Animación,"Adventure,Animation,Comedy",3,True,True,1.0,enwiki dump 20260901,https://en.wikipedia.org/w/index.php?oldid=1372301544,Plot,2026-09-29T11:26:06Z,CC BY-SA 4.0,621,ok
tt1231587,popular,2010-2019,top,500,150,3.3333333333333335,Q925072,2010,Ciencia ficción/fantasía,"Comedy,Sci-Fi",3,True,True,1.0,enwiki dump 20260901,https://en.wikipedia.org/w/index.php?oldid=1360518524,Plot,2026-09-29T11:26:06Z,CC BY-SA 4.0,627,ok
tt1454468,popular,2010-2019,top,500,150,3.3333333333333335,Q2579784,2013,Ciencia ficción/fantasía,"Drama,Sci-Fi,Thriller",3,True,False,2.0,enwiki dump 20260901,https://en.wikipedia.org/w/index.php?oldid=1372907374,Plot,2026-09-29T11:26:06Z,CC BY-SA 4.0,541,ok
tt0974015,popular,2010-2019,top,500,150,3.3333333333333335,Q20501835,2017,Ciencia ficción/fantasía,Sci-Fi,3,True,True,1.0,enwiki dump 20260901,https://en.wikipedia.org/w/index.php?oldid=1371996809,Plot,2026-09-29T11:26:06Z,CC BY-SA 4.0,450,ok
tt1355644,popular,2010-2019,top,500,150,3.3333333333333335,Q20962283,2016,Ciencia ficción/fantasía,"Drama,Romance,Sci-Fi",3,True,False,2.0,enwiki dump 20260901,https://en.wikipedia.org/w/index.php?oldid=1372482098,Plot,2026-09-29T11:26:06Z,CC BY-SA 4.0,653,ok
tt3104988,popular,2010-2019,top,500,150,3.3333333333333335,Q29588623,2018,Comedia,"Comedy,Drama,Romance",3,True,True,1.0,enwiki dump 20260901,https://en.wikipedia.org/w/index.php?oldid=1372874415,Plot,2026-09-29T11:26:06Z,CC BY-SA 4.0,715,ok
tt2848292,popular,2010-2019,top,500,150,3.3333333333333335,Q16619265,2015,Comedia,"Comedy,Music",3,True,True,1.0,enwiki dump 20260901,https://en.wikipedia.org/w/index.php?oldid=1371731822,Plot,2026-09-29T11:26:07Z,CC BY-SA 4.0,538,ok
tt7131622,popular,2010-2019,top,500,150,3.3333333333333335,Q47300912,2019,Comedia,"Comedy,Drama",3,True,False,2.0,enwiki dump 20260901,https://en.wikipedia.org/w/index.php?oldid=1371760497,Plot,2026-09-29T11:26:07Z,CC BY-SA 4.0,603,ok
tt1632708,popular,2010-2019,top,500,150,3.3333333333333335,Q629596,2011,Comedia,"Comedy,Romance",3,True,True,1.0,enwiki dump 20260901,https://en.wikipedia.org/w/index.php?oldid=1372571786,Plot,2026-09-29T11:26:07Z,CC BY-SA 4.0,442,ok
tt5083738,popular,2010-2019,top,500,150,3.3333333333333335,Q22001133,2018,Comedia,"Biography,Comedy,Drama",3,True,False,3.0,enwiki dump 20260901,https://en.wikipedia.org/w/index.php?oldid=1372431417,Plot,2026-09-29T11:26:07Z,CC BY-SA 4.0,470,ok
tt1478338,popular,2010-2019,top,500,150,3.3333333333333335,Q837264,2011,Comedia,Comedy,3,True,True,1.0,enwiki dump 20260901,https://en.wikipedia.org/w/index.php?oldid=1372862288,Plot,2026-09-29T11:26:08Z,CC BY-SA 4.0,753,ok
tt1636826,popular,2010-2019,top,500,150,3.3333333333333335,Q249215,2012,Comedia,"Comedy,Thriller",3,True,True,1.0,enwiki dump 20260901,https://en.wikipedia.org/w/index.php?oldid=1369921272,Plot,2026-09-29T11:26:08Z,CC BY-SA 4.0,778,ok
tt1723121,popular,2010-2019,top,500,150,3.3333333333333335,Q3566895,2013,Comedia,"Comedy,Crime",3,True,False,2.0,enwiki dump 20260901,https://en.wikipedia.org/w/index.php?oldid=1370112531,Plot,2026-09-29T11:26:08Z,CC BY-SA 4.0,631,ok
tt1596363,popular,2010-2019,top,500,150,3.3333333333333335,Q19850715,2015,Comedia,"Biography,Comedy,Drama",3,True,True,1.0,enwiki dump 20260901,https://en.wikipedia.org/w/index.php?oldid=1372731488,Plot,2026-09-29T11:26:08Z,CC BY-SA 4.0,837,ok
tt1033575,popular,2010-2019,top,500,150,3.3333333333333335,Q273686,2011,Comedia,"Comedy,Drama",3,True,True,1.0,enwiki dump 20260901,https://en.wikipedia.org/w/index.php?oldid=1372710336,Plot,2026-09-29T11:26:08Z,CC BY-SA 4.0,586,ok
tt1951261,popular,2010-2019,top,500,150,3.3333333333333335,Q2708940,2013,Comedia,"Comedy,Crime",3,True,True,1.0,enwiki dump 20260901,https://en.wikipedia.org/w/index.php?oldid=1368638306,Plot,2026-09-29T11:26:08Z,CC BY-SA 4.0,713,ok
tt7349662,popular,2010-2019,top,500,150,3.3333333333333335,Q43370948,2018,Comedia,"Biography,Comedy,Crime",3,True,True,1.0,enwiki dump 20260901,https://en.wikipedia.org/w/index.php?oldid=1364596864,Plot,2026-09-29T11:26:08Z,CC BY-SA 4.0,667,ok
tt2170439,popular,2010-2019,top,500,150,3.3333333333333335,Q15275703,2014,Comedia,"Comedy,Crime",3,True,True,1.0,enwiki dump 20260901,https://en.wikipedia.org/w/index.php?oldid=1372015573,Plot,2026-09-29T11:26:08Z,CC BY-SA 4.0,721,ok
tt0758752,popular,2010-2019,top,500,150,3.3333333333333335,Q733722,2010,Comedia,"Comedy,Drama,Romance",3,True,True,1.0,enwiki dump 20260901,https://en.wikipedia.org/w/index.php?oldid=1371131420,Plot,2026-09-29T11:26:09Z,CC BY-SA 4.0,550,ok
tt1411238,popular,2010-2019,top,500,150,3.3333333333333335,Q474087,2011,Comedia,"Comedy,Romance",3,True,True,1.0,enwiki dump 20260901,https://en.wikipedia.org/w/index.php?oldid=1345948003,Plot,2026-09-29T11:26:09Z,CC BY-SA 4.0,401,ok
tt1570728,popular,2010-2019,top,500,150,3.3333333333333335,Q519490,2011,Comedia,"Comedy,Drama,Romance",3,True,True,1.0,enwiki dump 20260901,https://en.wikipedia.org/w/index.php?oldid=1360182376,Plot,2026-09-29T11:26:09Z,CC BY-SA 4.0,719,ok
tt3402236,popular,2010-2019,top,500,150,3.3333333333333335,Q27689100,2017,Comedia,"Comedy,Crime,Drama",3,True,False,2.0,enwiki dump 20260901,https://en.wikipedia.org/w/index.php?oldid=1372944023,Plot,2026-09-29T11:26:09Z,CC BY-SA 4.0,624,ok
tt5363618,popular,2010-2019,top,500,150,3.3333333333333335,Q65158549,2019,Drama,"Drama,Music",3,True,True,1.0,enwiki dump 20260901,https://en.wikipedia.org/w/index.php?oldid=1368116472,Plot,2026-09-29T11:26:09Z,CC BY-SA 4.0,549,ok
tt3741834,popular,2010-2019,top,500,150,3.3333333333333335,Q23013699,2016,Drama,"Biography,Drama",3,True,False,3.0,enwiki dump 20260901,https://en.wikipedia.org/w/index.php?oldid=1369003815,Plot,2026-09-29T11:26:09Z,CC BY-SA 4.0,594,ok
tt3263904,popular,2010-2019,top,500,150,3.3333333333333335,Q21062112,2016,Drama,"Biography,Drama,History",3,True,False,3.0,enwiki dump 20260901,https://en.wikipedia.org/w/index.php?oldid=1359787869,Plot,2026-09-29T11:26:09Z,CC BY-SA 4.0,503,ok
tt1403865,popular,2010-2019,top,500,150,3.3333333333333335,Q326114,2010,Drama,"Drama,Western",3,True,True,1.0,enwiki dump 20260901,https://en.wikipedia.org/w/index.php?oldid=1367527804,Plot,2026-09-29T11:26:10Z,CC BY-SA 4.0,740,ok
tt2119532,popular,2010-2019,top,500,150,3.3333333333333335,Q21010856,2016,Drama,"Biography,Drama,History",3,True,False,2.0,enwiki dump 20260901,https://en.wikipedia.org/w/index.php?oldid=1371555319,Plot,2026-09-29T11:26:10Z,CC BY-SA 4.0,618,ok
tt1454029,popular,2010-2019,top,500,150,3.3333333333333335,Q204374,2011,Drama,Drama,3,True,True,1.0,enwiki dump 20260901,https://en.wikipedia.org/w/index.php?oldid=1368134187,Plot,2026-09-29T11:26:10Z,CC BY-SA 4.0,706,ok
tt6294822,popular,2010-2019,top,500,150,3.3333333333333335,Q30203425,2017,Drama,"Biography,Drama,History",3,True,True,1.0,enwiki dump 20260901,https://en.wikipedia.org/w/index.php?oldid=1366117632,Plot,2026-09-29T11:26:10Z,CC BY-SA 4.0,604,ok
tt1485796,popular,2010-2019,top,500,150,3.3333333333333335,Q27942936,2017,Drama,"Biography,Drama,Musical",3,True,True,1.0,enwiki dump 20260901,https://en.wikipedia.org/w/index.php?oldid=1372234694,Plot,2026-09-29T11:26:10Z,CC BY-SA 4.0,637,ok
tt6155172,popular,2010-2019,top,500,150,3.3333333333333335,Q27959455,2018,Drama,Drama,3,True,False,2.0,enwiki dump 20260901,https://en.wikipedia.org/w/index.php?oldid=1371527803,Plot,2026-09-29T11:26:10Z,CC BY-SA 4.0,487,ok
tt1210166,popular,2010-2019,top,500,150,3.3333333333333335,Q221820,2011,Drama,"Biography,Drama,Sport",3,True,True,1.0,enwiki dump 20260901,https://en.wikipedia.org/w/index.php?oldid=1370039657,Plot,2026-09-29T11:26:10Z,CC BY-SA 4.0,646,ok
tt1659337,popular,2010-2019,top,500,150,3.3333333333333335,Q675468,2012,Drama,Drama,3,True,True,1.0,enwiki dump 20260901,https://en.wikipedia.org/w/index.php?oldid=1372414691,Plot,2026-09-29T11:26:11Z,CC BY-SA 4.0,707,ok
tt1045658,popular,2010-2019,top,500,150,3.3333333333333335,Q116845,2012,Romance,"Drama,Romance",3,True,True,1.0,enwiki dump 20260901,https://en.wikipedia.org/w/index.php?oldid=1370946740,Plot,2026-09-29T11:26:11Z,CC BY-SA 4.0,701,ok
tt1707386,popular,2010-2019,top,500,150,3.3333333333333335,Q28234,2012,Romance,"Drama,Musical,Romance",3,True,False,2.0,enwiki dump 20260901,https://en.wikipedia.org/w/index.php?oldid=1367715464,Plot,2026-09-29T11:26:11Z,CC BY-SA 4.0,661,ok
tt2322441,popular,2010-2019,top,500,150,3.3333333333333335,Q14566553,2015,Romance,"Drama,Romance,Thriller",3,True,True,1.0,enwiki dump 20260901,https://en.wikipedia.org/w/index.php?oldid=1372161609,Plot,2026-09-29T11:26:11Z,CC BY-SA 4.0,696,ok
tt7653254,popular,2010-2019,top,500,150,3.3333333333333335,Q48671199,2019,Romance,"Drama,Romance",3,True,False,2.0,enwiki dump 20260901,https://en.wikipedia.org/w/index.php?oldid=1364201947,Plot,2026-09-29T11:26:11Z,CC BY-SA 4.0,691,ok
tt5109784,popular,2010-2019,top,500,150,3.3333333333333335,Q25339558,2017,Terror,"Drama,Horror,Mystery",3,True,True,1.0,enwiki dump 20260901,https://en.wikipedia.org/w/index.php?oldid=1370607216,Plot,2026-09-29T11:26:11Z,CC BY-SA 4.0,656,ok
tt3065204,popular,2010-2019,top,500,150,3.3333333333333335,Q21001651,2016,Terror,"Horror,Mystery,Thriller",3,True,True,1.0,enwiki dump 20260901,https://en.wikipedia.org/w/index.php?oldid=1367600645,Plot,2026-09-29T11:26:12Z,CC BY-SA 4.0,412,ok
tt7784604,popular,2010-2019,top,500,150,3.3333333333333335,Q47524071,2018,Terror,"Drama,Horror,Mystery",3,True,True,1.0,enwiki dump 20260901,https://en.wikipedia.org/w/index.php?oldid=1372207595,Plot,2026-09-29T11:26:12Z,CC BY-SA 4.0,741,ok
tt8772262,popular,2010-2019,top,500,150,3.3333333333333335,Q55907451,2019,Terror,"Drama,Horror,Mystery",3,True,False,2.0,enwiki dump 20260901,https://en.wikipedia.org/w/index.php?oldid=1371502376,Plot,2026-09-29T11:26:12Z,CC BY-SA 4.0,670,ok
tt1396484,popular,2010-2019,top,500,150,3.3333333333333335,Q25136484,2017,Terror,Horror,3,True,True,1.0,enwiki dump 20260901,https://en.wikipedia.org/w/index.php?oldid=1372116036,Plot,2026-09-29T11:26:12Z,CC BY-SA 4.0,616,ok
tt2798920,popular,2010-2019,top,500,150,3.3333333333333335,Q25136228,2018,Terror,"Adventure,Drama,Horror",3,True,False,2.0,enwiki dump 20260901,https://en.wikipedia.org/w/index.php?oldid=1372350859,Plot,2026-09-29T11:26:12Z,CC BY-SA 4.0,584,ok
tt5308322,popular,2010-2019,top,500,150,3.3333333333333335,Q29514884,2017,Terror,"Comedy,Horror,Mystery",3,True,True,1.0,enwiki dump 20260901,https://en.wikipedia.org/w/index.php?oldid=1369922219,Plot,2026-09-29T11:26:13Z,CC BY-SA 4.0,599,ok
tt5814060,popular,2010-2019,top,500,150,3.3333333333333335,Q29841731,2018,Terror,"Horror,Mystery,Thriller",3,True,True,1.0,enwiki dump 20260901,https://en.wikipedia.org/w/index.php?oldid=1369955414,Plot,2026-09-29T11:26:13Z,CC BY-SA 4.0,567,ok
tt5606664,popular,2010-2019,top,500,150,3.3333333333333335,Q56881169,2019,Terror,"Drama,Fantasy,Horror",3,True,True,1.0,enwiki dump 20260901,https://en.wikipedia.org/w/index.php?oldid=1368776216,Plot,2026-09-29T11:26:13Z,CC BY-SA 4.0,484,ok
tt1077368,popular,2010-2019,top,500,150,3.3333333333333335,Q323318,2012,Terror,"Comedy,Fantasy,Horror",3,True,False,2.0,enwiki dump 20260901,https://en.wikipedia.org/w/index.php?oldid=1371947652,Plot,2026-09-29T11:26:13Z,CC BY-SA 4.0,766,ok
tt7984734,popular,2010-2019,top,500,150,3.3333333333333335,Q55402791,2019,Terror,"Drama,Fantasy,Horror",3,True,False,2.0,enwiki dump 20260901,https://en.wikipedia.org/w/index.php?oldid=1370036588,Plot,2026-09-29T11:26:13Z,CC BY-SA 4.0,680,ok
tt3567288,popular,2010-2019,top,500,150,3.3333333333333335,Q18386312,2015,Terror,"Horror,Mystery,Thriller",3,True,True,1.0,enwiki dump 20260901,https://en.wikipedia.org/w/index.php?oldid=1368021501,Plot,2026-09-29T11:26:13Z,CC BY-SA 4.0,581,ok
tt4160708,popular,2010-2019,top,500,150,3.3333333333333335,Q21450470,2016,Terror,"Crime,Horror,Thriller",3,True,True,1.0,enwiki dump 20260901,https://en.wikipedia.org/w/index.php?oldid=1370292387,Plot,2026-09-29T11:26:14Z,CC BY-SA 4.0,594,ok
tt1800241,popular,2010-2019,top,500,150,3.3333333333333335,Q9013673,2013,Thriller/crimen,"Crime,Drama",3,True,True,1.0,enwiki dump 20260901,https://en.wikipedia.org/w/index.php?oldid=1371490937,Plot,2026-09-29T11:26:14Z,CC BY-SA 4.0,654,ok
tt1130884,popular,2010-2019,top,500,150,3.3333333333333335,Q210364,2010,Thriller/crimen,"Mystery,Thriller",3,True,True,1.0,enwiki dump 20260901,https://en.wikipedia.org/w/index.php?oldid=1372879838,Plot,2026-09-29T11:26:14Z,CC BY-SA 4.0,618,ok
tt3460252,popular,2010-2019,top,500,150,3.3333333333333335,Q18225084,2015,Thriller/crimen,"Crime,Drama,Mystery",3,True,True,1.0,enwiki dump 20260901,https://en.wikipedia.org/w/index.php?oldid=1372113656,Plot,2026-09-29T11:26:14Z,CC BY-SA 4.0,672,ok
tt1355683,popular,2010-2019,top,500,150,3.3333333333333335,Q16971610,2015,Thriller/crimen,"Biography,Crime,Drama",3,True,False,2.0,enwiki dump 20260901,https://en.wikipedia.org/w/index.php?oldid=1372204613,Plot,2026-09-29T11:26:14Z,CC BY-SA 4.0,653,ok
tt1385826,popular,2010-2019,top,500,150,3.3333333333333335,Q492089,2011,Thriller/crimen,"Crime,Drama,Mystery",3,True,True,1.0,enwiki dump 20260901,https://en.wikipedia.org/w/index.php?oldid=1371169785,Plot,2026-09-29T11:26:14Z,CC BY-SA 4.0,697,ok
tt1212450,popular,2010-2019,top,500,150,3.3333333333333335,Q253901,2012,Thriller/crimen,"Biography,Crime,Drama",3,True,True,1.0,enwiki dump 20260901,https://en.wikipedia.org/w/index.php?oldid=1365536354,Plot,2026-09-29T11:26:14Z,CC BY-SA 4.0,718,ok
tt4209788,popular,2010-2019,top,500,150,3.3333333333333335,Q27888445,2017,Thriller/crimen,"Biography,Crime,Drama",3,True,True,1.0,enwiki dump 20260901,https://en.wikipedia.org/w/index.php?oldid=1365126668,Plot,2026-09-29T11:26:15Z,CC BY-SA 4.0,611,ok
tt1189340,popular,2010-2019,top,500,150,3.3333333333333335,Q287748,2011,Thriller/crimen,"Crime,Drama,Mystery",3,True,True,1.0,enwiki dump 20260901,https://en.wikipedia.org/w/index.php?oldid=1371992006,Plot,2026-09-29T11:26:15Z,CC BY-SA 4.0,535,ok
tt2267998,popular,2010-2019,top,500,150,3.3333333333333335,Q14920425,2014,Thriller/crimen,"Drama,Mystery,Thriller",3,True,True,1.0,enwiki dump 20260901,https://en.wikipedia.org/w/index.php?oldid=1370650083,Plot,2026-09-29T11:26:15Z,CC BY-SA 4.0,670,ok
tt1790885,popular,2010-2019,top,500,150,3.3333333333333335,Q152531,2012,Thriller/crimen,"Drama,History,Thriller",3,True,True,1.0,enwiki dump 20260901,https://en.wikipedia.org/w/index.php?oldid=1369744830,Plot,2026-09-29T11:26:15Z,CC BY-SA 4.0,510,ok
tt3682448,popular,2010-2019,top,500,150,3.3333333333333335,Q18067135,2015,Thriller/crimen,"Drama,History,Thriller",3,True,False,3.0,enwiki dump 20260901,https://en.wikipedia.org/w/index.php?oldid=1371714469,Plot,2026-09-29T11:26:15Z,CC BY-SA 4.0,541,ok
tt11057302,popular,2020-2024,top,250,150,1.6666666666666667,Q111677117,2024,Acción/aventura,"Action,Thriller",3,True,True,1.0,enwiki dump 20260901,https://en.wikipedia.org/w/index.php?oldid=1372229371,Plot,2026-09-29T11:26:15Z,CC BY-SA 4.0,575,ok
tt9214772,popular,2020-2024,top,250,150,1.6666666666666667,Q105952623,2024,Acción/aventura,"Action,Crime,Thriller",3,True,False,4.0,enwiki dump 20260901,https://en.wikipedia.org/w/index.php?oldid=1367527824,Plot,2026-09-29T11:26:15Z,CC BY-SA 4.0,527,ok
tt5971474,popular,2020-2024,top,250,150,1.6666666666666667,Q24357415,2023,Acción/aventura,"Adventure,Family,Fantasy",3,True,True,1.0,enwiki dump 20260901,https://en.wikipedia.org/w/index.php?oldid=1372115376,Plot,2026-09-29T11:26:15Z,CC BY-SA 4.0,732,ok
tt6264654,popular,2020-2024,top,250,150,1.6666666666666667,Q38685497,2021,Acción/aventura,"Action,Adventure,Comedy",3,True,True,1.0,enwiki dump 20260901,https://en.wikipedia.org/w/index.php?oldid=1366345108,Plot,2026-09-29T11:26:16Z,CC BY-SA 4.0,700,ok
tt4123432,popular,2020-2024,top,250,150,1.6666666666666667,Q18199332,2022,Acción/aventura,"Adventure,Fantasy",3,True,False,2.0,enwiki dump 20260901,https://en.wikipedia.org/w/index.php?oldid=1370132813,Plot,2026-09-29T11:26:16Z,CC BY-SA 4.0,668,ok
tt7556122,popular,2020-2024,top,250,150,1.6666666666666667,Q65065595,2020,Acción/aventura,"Action,Fantasy,Thriller",3,True,True,1.0,enwiki dump 20260901,https://en.wikipedia.org/w/index.php?oldid=1369720059,Plot,2026-09-29T11:26:16Z,CC BY-SA 4.0,678,ok
tt3228774,popular,2020-2024,top,250,150,1.6666666666666667,Q24284363,2021,Acción/aventura,"Adventure,Comedy,Crime",3,True,False,2.0,enwiki dump 20260901,https://en.wikipedia.org/w/index.php?oldid=1372402504,Plot,2026-09-29T11:26:16Z,CC BY-SA 4.0,668,ok
tt7846844,popular,2020-2024,top,250,150,1.6666666666666667,Q65032692,2020,Acción/aventura,"Adventure,Crime,Drama",3,True,False,2.0,enwiki dump 20260901,https://en.wikipedia.org/w/index.php?oldid=1367035987,Plot,2026-09-29T11:26:16Z,CC BY-SA 4.0,533,ok
tt7991608,popular,2020-2024,top,250,150,1.6666666666666667,Q58815001,2021,Acción/aventura,"Action,Comedy,Thriller",3,True,True,1.0,enwiki dump 20260901,https://en.wikipedia.org/w/index.php?oldid=1367555147,Plot,2026-09-29T11:26:16Z,CC BY-SA 4.0,507,ok
tt11083552,popular,2020-2024,top,250,150,1.6666666666666667,Q74190990,2021,Acción/aventura,"Action,Crime,Thriller",3,True,False,2.0,enwiki dump 20260901,https://en.wikipedia.org/w/index.php?oldid=1366596828,Plot,2026-09-29T11:26:17Z,CC BY-SA 4.0,598,ok
tt5090568,popular,2020-2024,top,250,150,1.6666666666666667,Q107174193,2023,Acción/aventura,"Action,Adventure,Sci-Fi",3,True,False,2.0,enwiki dump 20260901,https://en.wikipedia.org/w/index.php?oldid=1372941992,Plot,2026-09-29T11:26:17Z,CC BY-SA 4.0,671,ok
tt9376612,popular,2020-2024,top,250,150,1.6666666666666667,Q65768589,2021,Acción/aventura,"Action,Adventure,Fantasy",3,True,True,1.0,enwiki dump 20260901,https://en.wikipedia.org/w/index.php?oldid=1372842911,Plot,2026-09-29T11:26:17Z,CC BY-SA 4.0,681,ok
tt16277242,popular,2020-2024,top,250,150,1.6666666666666667,Q112252419,2023,Acción/aventura,"Adventure,Biography,Drama",3,True,False,3.0,enwiki dump 20260901,https://en.wikipedia.org/w/index.php?oldid=1372561958,Plot,2026-09-29T11:26:17Z,CC BY-SA 4.0,135,ok
tt9663764,popular,2020-2024,top,250,150,1.6666666666666667,Q91226161,2023,Acción/aventura,"Action,Adventure,Fantasy",3,True,True,1.0,enwiki dump 20260901,https://en.wikipedia.org/w/index.php?oldid=1372897278,Plot,2026-09-29T11:26:17Z,CC BY-SA 4.0,496,ok
tt10539608,popular,2020-2024,top,250,150,1.6666666666666667,Q71767482,2020,Acción/aventura,"Adventure,Drama,Sci-Fi",3,True,True,1.0,enwiki dump 20260901,https://en.wikipedia.org/w/index.php?oldid=1359094475,Plot,2026-09-29T11:26:18Z,CC BY-SA 4.0,1166,ok
tt7638348,popular,2020-2024,top,250,150,1.6666666666666667,Q54894945,2020,Acción/aventura,"Action,Adventure,Comedy",3,True,True,1.0,enwiki dump 20260901,https://en.wikipedia.org/w/index.php?oldid=1354702777,Plot,2026-09-29T11:26:18Z,CC BY-SA 4.0,703,ok
tt10676048,popular,2020-2024,top,250,150,1.6666666666666667,Q89474225,2023,Acción/aventura,"Action,Adventure,Sci-Fi",3,True,True,1.0,enwiki dump 20260901,https://en.wikipedia.org/w/index.php?oldid=1372885527,Plot,2026-09-29T11:26:18Z,CC BY-SA 4.0,528,ok
tt6263850,popular,2020-2024,top,250,150,1.6666666666666667,Q102180106,2024,Acción/aventura,"Action,Adventure,Comedy",3,True,True,1.0,enwiki dump 20260901,https://en.wikipedia.org/w/index.php?oldid=1371870066,Plot,2026-09-29T11:26:18Z,CC BY-SA 4.0,650,ok
tt6475714,popular,2020-2024,top,250,150,1.6666666666666667,Q56906869,2020,Acción/aventura,"Action,Adventure,Fantasy",3,True,False,3.0,enwiki dump 20260901,https://en.wikipedia.org/w/index.php?oldid=1372280069,Plot,2026-09-29T11:26:18Z,CC BY-SA 4.0,527,ok
tt9603212,popular,2020-2024,top,250,150,1.6666666666666667,Q61876370,2023,Acción/aventura,"Action,Adventure,Thriller",3,True,True,1.0,enwiki dump 20260901,https://en.wikipedia.org/w/index.php?oldid=1369908808,Plot,2026-09-29T11:26:19Z,CC BY-SA 4.0,671,ok
tt9218128,popular,2020-2024,top,250,150,1.6666666666666667,Q115789958,2024,Acción/aventura,"Adventure,Drama",3,True,False,2.0,enwiki dump 20260901,https://en.wikipedia.org/w/index.php?oldid=1372671532,Plot,2026-09-29T11:26:19Z,CC BY-SA 4.0,717,ok
tt12003946,popular,2020-2024,top,250,150,1.6666666666666667,Q111170246,2022,Acción/aventura,"Action,Comedy,Thriller",3,True,True,1.0,enwiki dump 20260901,https://en.wikipedia.org/w/index.php?oldid=1369663165,Plot,2026-09-29T11:26:19Z,CC BY-SA 4.0,509,ok
tt9419884,popular,2020-2024,top,250,150,1.6666666666666667,Q64211112,2022,Acción/aventura,"Action,Adventure,Fantasy",3,True,True,1.0,enwiki dump 20260901,https://en.wikipedia.org/w/index.php?oldid=1372271664,Plot,2026-09-29T11:26:19Z,CC BY-SA 4.0,576,ok
tt9114286,popular,2020-2024,top,250,150,1.6666666666666667,Q54860489,2022,Acción/aventura,"Action,Adventure,Drama",3,True,True,1.0,enwiki dump 20260901,https://en.wikipedia.org/w/index.php?oldid=1371916878,Plot,2026-09-29T11:26:20Z,CC BY-SA 4.0,639,ok
tt7126948,popular,2020-2024,top,250,150,1.6666666666666667,Q33408623,2020,Acción/aventura,"Action,Adventure,Fantasy",3,True,True,1.0,enwiki dump 20260901,https://en.wikipedia.org/w/index.php?oldid=1372862257,Plot,2026-09-29T11:26:20Z,CC BY-SA 4.0,597,ok
tt5433140,popular,2020-2024,top,250,150,1.6666666666666667,Q31271369,2023,Acción/aventura,"Action,Adventure,Crime",3,True,True,1.0,enwiki dump 20260901,https://en.wikipedia.org/w/index.php?oldid=1372009172,Plot,2026-09-29T11:26:20Z,CC BY-SA 4.0,523,ok
tt12584954,popular,2020-2024,top,250,150,1.6666666666666667,Q115932556,2024,Acción/aventura,"Action,Adventure,Thriller",3,True,True,1.0,enwiki dump 20260901,https://en.wikipedia.org/w/index.php?oldid=1371181763,Plot,2026-09-29T11:26:20Z,CC BY-SA 4.0,700,ok
tt21382296,popular,2020-2024,top,250,150,1.6666666666666667,Q115917655,2024,Acción/aventura,"Action,Crime,Thriller",3,True,True,1.0,enwiki dump 20260901,https://en.wikipedia.org/w/index.php?oldid=1365604270,Plot,2026-09-29T11:26:20Z,CC BY-SA 4.0,667,ok
tt10059518,popular,2020-2024,top,250,150,1.6666666666666667,Q85811980,2020,Acción/aventura,"Action,Thriller",3,True,True,1.0,enwiki dump 20260901,https://en.wikipedia.org/w/index.php?oldid=1367524105,Plot,2026-09-29T11:26:20Z,CC BY-SA 4.0,840,ok
tt7550000,popular,2020-2024,top,250,150,1.6666666666666667,Q57246586,2020,Acción/aventura,"Action,Crime,Sci-Fi",3,True,True,1.0,enwiki dump 20260901,https://en.wikipedia.org/w/index.php?oldid=1359865347,Plot,2026-09-29T11:26:21Z,CC BY-SA 4.0,513,ok
tt9032400,popular,2020-2024,top,250,150,1.6666666666666667,Q23894629,2021,Acción/aventura,"Action,Adventure,Fantasy",3,True,True,1.0,enwiki dump 20260901,https://en.wikipedia.org/w/index.php?oldid=1372790108,Plot,2026-09-29T11:26:21Z,CC BY-SA 4.0,628,ok
tt2382320,popular,2020-2024,top,250,150,1.6666666666666667,Q21534241,2021,Acción/aventura,"Action,Adventure,Thriller",3,True,False,2.0,enwiki dump 20260901,https://en.wikipedia.org/w/index.php?oldid=1370450997,Plot,2026-09-29T11:26:21Z,CC BY-SA 4.0,702,ok
tt6856242,popular,2020-2024,top,250,150,1.6666666666666667,Q61633664,2021,Acción/aventura,"Action,Adventure,Thriller",3,True,False,2.0,enwiki dump 20260901,https://en.wikipedia.org/w/index.php?oldid=1371379192,Plot,2026-09-29T11:26:21Z,CC BY-SA 4.0,689,ok
tt15314262,popular,2020-2024,top,250,150,1.6666666666666667,Q115766625,2024,Acción/aventura,"Action,Crime,Thriller",3,True,True,1.0,enwiki dump 20260901,https://en.wikipedia.org/w/index.php?oldid=1369043860,Plot,2026-09-29T11:26:21Z,CC BY-SA 4.0,540,ok
tt8936646,popular,2020-2024,top,250,150,1.6666666666666667,Q58814616,2020,Acción/aventura,"Action,Crime,Thriller",3,True,True,1.0,enwiki dump 20260901,https://en.wikipedia.org/w/index.php?oldid=1369460133,Plot,2026-09-29T11:26:21Z,CC BY-SA 4.0,538,ok
tt6710474,popular,2020-2024,top,250,150,1.6666666666666667,Q83808444,2022,Acción/aventura,"Action,Adventure,Comedy",3,True,True,1.0,enwiki dump 20260901,https://en.wikipedia.org/w/index.php?oldid=1372944158,Plot,2026-09-29T11:26:21Z,CC BY-SA 4.0,710,ok
tt1517268,popular,2020-2024,top,250,150,1.6666666666666667,Q55436290,2023,Acción/aventura,"Adventure,Comedy,Fantasy",3,True,False,2.0,enwiki dump 20260901,https://en.wikipedia.org/w/index.php?oldid=1370777409,Plot,2026-09-29T11:26:22Z,CC BY-SA 4.0,590,ok
tt11858890,popular,2020-2024,top,250,150,1.6666666666666667,Q110617876,2023,Acción/aventura,"Action,Adventure,Drama",3,True,True,1.0,enwiki dump 20260901,https://en.wikipedia.org/w/index.php?oldid=1367632628,Plot,2026-09-29T11:26:22Z,CC BY-SA 4.0,570,ok
tt27489557,popular,2020-2024,top,250,150,1.6666666666666667,Q120758628,2024,Acción/aventura,"Action,Comedy,Crime",3,True,True,1.0,enwiki dump 20260901,https://en.wikipedia.org/w/index.php?oldid=1371955589,Plot,2026-09-29T11:26:22Z,CC BY-SA 4.0,555,ok
tt1684562,popular,2020-2024,top,250,150,1.6666666666666667,Q113671585,2024,Acción/aventura,"Action,Comedy,Drama",3,True,True,1.0,enwiki dump 20260901,https://en.wikipedia.org/w/index.php?oldid=1370358199,Plot,2026-09-29T11:26:22Z,CC BY-SA 4.0,666,ok
tt4919268,popular,2020-2024,top,250,150,1.6666666666666667,Q31271357,2024,Acción/aventura,"Action,Adventure,Comedy",3,True,True,1.0,enwiki dump 20260901,https://en.wikipedia.org/w/index.php?oldid=1371177601,Plot,2026-09-29T11:26:22Z,CC BY-SA 4.0,694,ok
tt10954600,popular,2020-2024,top,250,150,1.6666666666666667,Q105359456,2023,Acción/aventura,"Action,Adventure,Comedy",3,True,True,1.0,enwiki dump 20260901,https://en.wikipedia.org/w/index.php?oldid=1369862046,Plot,2026-09-29T11:26:22Z,CC BY-SA 4.0,614,ok
tt14998742,popular,2020-2024,top,250,150,1.6666666666666667,Q111629600,2023,Acción/aventura,"Action,Adventure,Drama",3,True,True,1.0,enwiki dump 20260901,https://en.wikipedia.org/w/index.php?oldid=1367785917,Plot,2026-09-29T11:26:23Z,CC BY-SA 4.0,620,ok
tt7713068,popular,2020-2024,top,250,150,1.6666666666666667,Q57177410,2020,Acción/aventura,"Action,Comedy,Crime",3,True,True,1.0,enwiki dump 20260901,https://en.wikipedia.org/w/index.php?oldid=1372868956,Plot,2026-09-29T11:26:23Z,CC BY-SA 4.0,672,ok
tt8629748,popular,2020-2024,top,250,150,1.6666666666666667,Q58814558,2020,Acción/aventura,"Action,Comedy,Crime",3,True,True,1.0,enwiki dump 20260901,https://en.wikipedia.org/w/index.php?oldid=1368421611,Plot,2026-09-29T11:26:23Z,CC BY-SA 4.0,649,ok
tt10151854,popular,2020-2024,top,250,150,1.6666666666666667,Q84712809,2023,Acción/aventura,"Action,Adventure,Comedy",3,True,True,1.0,enwiki dump 20260901,https://en.wikipedia.org/w/index.php?oldid=1369923019,Plot,2026-09-29T11:26:23Z,CC BY-SA 4.0,749,ok
tt6673612,popular,2020-2024,top,250,150,1.6666666666666667,Q38689704,2020,Acción/aventura,"Adventure,Comedy,Family",3,True,True,1.0,enwiki dump 20260901,https://en.wikipedia.org/w/index.php?oldid=1372298307,Plot,2026-09-29T11:26:23Z,CC BY-SA 4.0,492,ok
tt13452446,popular,2020-2024,top,250,150,1.6666666666666667,Q112811482,2024,Acción/aventura,"Action,Adventure,Fantasy",3,True,True,1.0,enwiki dump 20260901,https://en.wikipedia.org/w/index.php?oldid=1350631417,Plot,2026-09-29T11:26:24Z,CC BY-SA 4.0,576,ok
tt6048922,popular,2020-2024,top,250,150,1.6666666666666667,Q50404285,2020,Acción/aventura,"Action,Drama,History",3,True,True,1.0,enwiki dump 20260901,https://en.wikipedia.org/w/index.php?oldid=1368673808,Plot,2026-09-29T11:26:24Z,CC BY-SA 4.0,522,ok
tt13320622,popular,2020-2024,top,250,150,1.6666666666666667,Q107040798,2022,Acción/aventura,"Action,Adventure,Comedy",3,True,True,1.0,enwiki dump 20260901,https://en.wikipedia.org/w/index.php?oldid=1372885905,Plot,2026-09-29T11:26:24Z,CC BY-SA 4.0,460,ok
tt3480822,popular,2020-2024,top,250,150,1.6666666666666667,Q23894626,2021,Acción/aventura,"Action,Adventure,Sci-Fi",3,True,True,1.0,enwiki dump 20260901,https://en.wikipedia.org/w/index.php?oldid=1371422673,Plot,2026-09-29T11:26:24Z,CC BY-SA 4.0,581,ok
tt15325794,popular,2020-2024,top,250,150,1.6666666666666667,Q113470320,2022,Acción/aventura,"Action,Thriller",3,True,False,2.0,enwiki dump 20260901,https://en.wikipedia.org/w/index.php?oldid=1372964029,Plot,2026-09-29T11:26:24Z,CC BY-SA 4.0,618,ok
tt4495098,popular,2020-2024,top,250,150,1.6666666666666667,Q112909147,2023,Acción/aventura,"Action,Adventure,Drama",3,True,False,3.0,enwiki dump 20260901,https://en.wikipedia.org/w/index.php?oldid=1368195954,Plot,2026-09-29T11:26:24Z,CC BY-SA 4.0,584,ok
tt0870154,popular,2020-2024,top,250,150,1.6666666666666667,Q24285605,2021,Acción/aventura,"Action,Adventure,Comedy",3,True,True,1.0,enwiki dump 20260901,https://en.wikipedia.org/w/index.php?oldid=1371950294,Plot,2026-09-29T11:26:25Z,CC BY-SA 4.0,698,ok
tt1136617,popular,2020-2024,top,250,150,1.6666666666666667,Q111008873,2023,Acción/aventura,"Action,Adventure,Crime",3,True,True,1.0,enwiki dump 20260901,https://en.wikipedia.org/w/index.php?oldid=1372901946,Plot,2026-09-29T11:26:25Z,CC BY-SA 4.0,690,ok
tt17024450,popular,2020-2024,top,250,150,1.6666666666666667,Q114818951,2023,Acción/aventura,"Action,Crime,Thriller",3,True,True,1.0,enwiki dump 20260901,https://en.wikipedia.org/w/index.php?oldid=1371162414,Plot,2026-09-29T11:26:25Z,CC BY-SA 4.0,604,ok
tt4566758,popular,2020-2024,top,250,150,1.6666666666666667,Q24284283,2020,Acción/aventura,"Action,Adventure,Drama",3,True,True,1.0,enwiki dump 20260901,https://en.wikipedia.org/w/index.php?oldid=1371486182,Plot,2026-09-29T11:26:25Z,CC BY-SA 4.0,621,ok
tt1630029,popular,2020-2024,top,250,150,1.6666666666666667,Q3604746,2022,Acción/aventura,"Action,Adventure,Fantasy",3,True,True,1.0,enwiki dump 20260901,https://en.wikipedia.org/w/index.php?oldid=1372832898,Plot,2026-09-29T11:26:25Z,CC BY-SA 4.0,652,ok
tt14539740,popular,2020-2024,top,250,150,1.6666666666666667,Q113360912,2024,Acción/aventura,"Action,Adventure,Fantasy",3,True,False,2.0,enwiki dump 20260901,https://en.wikipedia.org/w/index.php?oldid=1367690065,Plot,2026-09-29T11:26:26Z,CC BY-SA 4.0,680,ok
tt12263384,popular,2020-2024,top,250,150,1.6666666666666667,Q108690659,2023,Acción/aventura,"Action,Crime,Thriller",3,True,True,1.0,enwiki dump 20260901,https://en.wikipedia.org/w/index.php?oldid=1369460180,Plot,2026-09-29T11:26:26Z,CC BY-SA 4.0,517,ok
tt1649418,popular,2020-2024,top,250,150,1.6666666666666667,Q104891260,2022,Acción/aventura,"Action,Mystery,Thriller",3,True,True,1.0,enwiki dump 20260901,https://en.wikipedia.org/w/index.php?oldid=1369065549,Plot,2026-09-29T11:26:26Z,CC BY-SA 4.0,702,ok
tt1877830,popular,2020-2024,top,250,150,1.6666666666666667,Q61117344,2022,Acción/aventura,"Action,Crime,Mystery",3,True,True,1.0,enwiki dump 20260901,https://en.wikipedia.org/w/index.php?oldid=1372444564,Plot,2026-09-29T11:26:26Z,CC BY-SA 4.0,629,ok
tt6791350,popular,2020-2024,top,250,150,1.6666666666666667,Q29226331,2023,Acción/aventura,"Action,Adventure,Comedy",3,True,True,1.0,enwiki dump 20260901,https://en.wikipedia.org/w/index.php?oldid=1370036636,Plot,2026-09-29T11:26:26Z,CC BY-SA 4.0,696,ok
tt8041270,popular,2020-2024,top,250,150,1.6666666666666667,Q55178974,2022,Acción/aventura,"Action,Adventure,Sci-Fi",3,True,True,1.0,enwiki dump 20260901,https://en.wikipedia.org/w/index.php?oldid=1371375930,Plot,2026-09-29T11:26:27Z,CC BY-SA 4.0,743,ok
tt0439572,popular,2020-2024,top,250,150,1.6666666666666667,Q23562553,2023,Acción/aventura,"Action,Adventure,Fantasy",3,True,True,1.0,enwiki dump 20260901,https://en.wikipedia.org/w/index.php?oldid=1368280024,Plot,2026-09-29T11:26:27Z,CC BY-SA 4.0,644,ok
tt5177120,popular,2020-2024,top,250,150,1.6666666666666667,Q115860236,2024,Acción/aventura,"Action,Comedy,War",3,True,False,2.0,enwiki dump 20260901,https://en.wikipedia.org/w/index.php?oldid=1372558680,Plot,2026-09-29T11:26:27Z,CC BY-SA 4.0,390,ok
tt10545296,popular,2020-2024,top,250,150,1.6666666666666667,Q96377121,2023,Acción/aventura,"Action,Adventure,Sci-Fi",3,True,True,1.0,enwiki dump 20260901,https://en.wikipedia.org/w/index.php?oldid=1372299868,Plot,2026-09-29T11:26:27Z,CC BY-SA 4.0,851,ok
tt4873118,popular,2020-2024,top,250,150,1.6666666666666667,Q110819073,2023,Acción/aventura,"Action,Drama,Thriller",3,True,True,1.0,enwiki dump 20260901,https://en.wikipedia.org/w/index.php?oldid=1369367916,Plot,2026-09-29T11:26:27Z,CC BY-SA 4.0,612,ok
tt1462764,popular,2020-2024,top,250,150,1.6666666666666667,Q24278982,2023,Acción/aventura,"Action,Adventure,Sci-Fi",3,True,True,1.0,enwiki dump 20260901,https://en.wikipedia.org/w/index.php?oldid=1371949962,Plot,2026-09-29T11:26:27Z,CC BY-SA 4.0,641,ok
tt5034838,popular,2020-2024,top,250,150,1.6666666666666667,Q56307503,2021,Acción/aventura,"Action,Sci-Fi,Thriller",3,True,True,1.0,enwiki dump 20260901,https://en.wikipedia.org/w/index.php?oldid=1372896751,Plot,2026-09-29T11:26:28Z,CC BY-SA 4.0,629,ok
tt9243804,popular,2020-2024,top,250,150,1.6666666666666667,Q65091255,2021,Acción/aventura,"Adventure,Drama,Fantasy",3,True,False,4.0,enwiki dump 20260901,https://en.wikipedia.org/w/index.php?oldid=1372725304,Plot,2026-09-29T11:26:28Z,CC BY-SA 4.0,682,ok
tt10872600,popular,2020-2024,top,250,150,1.6666666666666667,Q113471777|Q68934496,2021,Acción/aventura,"Action,Adventure,Fantasy",3,True,True,1.0,enwiki dump 20260901,https://en.wikipedia.org/w/index.php?oldid=1371949862,Plot,2026-09-29T11:26:28Z,CC BY-SA 4.0,651,ok
tt13622970,popular,2020-2024,top,250,150,1.6666666666666667,Q124457266,2024,Animación,"Adventure,Animation,Comedy",3,True,True,1.0,enwiki dump 20260901,https://en.wikipedia.org/w/index.php?oldid=1372756448,Plot,2026-09-29T11:26:28Z,CC BY-SA 4.0,568,ok
tt8097030,popular,2020-2024,top,250,150,1.6666666666666667,Q104845027,2022,Animación,"Action,Adventure,Animation",3,True,True,1.0,enwiki dump 20260901,https://en.wikipedia.org/w/index.php?oldid=1371572166,Plot,2026-09-29T11:26:29Z,CC BY-SA 4.0,699,ok
tt2948372,popular,2020-2024,top,250,150,1.6666666666666667,Q64744044,2020,Animación,"Adventure,Animation,Comedy",3,True,True,1.0,enwiki dump 20260901,https://en.wikipedia.org/w/index.php?oldid=1371659814,Plot,2026-09-29T11:26:29Z,CC BY-SA 4.0,736,ok
tt1488589,popular,2020-2024,top,250,150,1.6666666666666667,Q73895818,2022,Animación,"Adventure,Animation,Drama",3,True,False,3.0,enwiki dump 20260901,https://en.wikipedia.org/w/index.php?oldid=1372633747,Plot,2026-09-29T11:26:29Z,CC BY-SA 4.0,671,ok
tt10298810,popular,2020-2024,top,250,150,1.6666666666666667,Q104409060,2022,Animación,"Action,Adventure,Animation",3,True,True,1.0,enwiki dump 20260901,https://en.wikipedia.org/w/index.php?oldid=1372613340,Plot,2026-09-29T11:26:29Z,CC BY-SA 4.0,649,ok
tt9362722,popular,2020-2024,top,250,150,1.6666666666666667,Q76448600,2023,Animación,"Action,Adventure,Animation",3,True,True,1.0,enwiki dump 20260901,https://en.wikipedia.org/w/index.php?oldid=1372843142,Plot,2026-09-29T11:26:29Z,CC BY-SA 4.0,686,ok
tt5109280,popular,2020-2024,top,250,150,1.6666666666666667,Q66738105,2021,Animación,"Action,Adventure,Animation",3,True,True,1.0,enwiki dump 20260901,https://en.wikipedia.org/w/index.php?oldid=1371413487,Plot,2026-09-29T11:26:30Z,CC BY-SA 4.0,701,ok
tt15789038,popular,2020-2024,top,250,150,1.6666666666666667,Q112801489,2023,Animación,"Adventure,Animation,Comedy",3,True,True,1.0,enwiki dump 20260901,https://en.wikipedia.org/w/index.php?oldid=1371619062,Plot,2026-09-29T11:26:30Z,CC BY-SA 4.0,689,ok
tt22022452,popular,2020-2024,top,250,150,1.6666666666666667,Q113877606,2024,Animación,"Adventure,Animation,Comedy",3,True,True,1.0,enwiki dump 20260901,https://en.wikipedia.org/w/index.php?oldid=1372076070,Plot,2026-09-29T11:26:30Z,CC BY-SA 4.0,655,ok
tt1262426,popular,2020-2024,top,250,150,1.6666666666666667,Q24797403,2024,Ciencia ficción/fantasía,"Fantasy,Musical,Romance",3,True,True,1.0,enwiki dump 20260901,https://en.wikipedia.org/w/index.php?oldid=1371507447,Plot,2026-09-29T11:26:31Z,CC BY-SA 4.0,667,ok
tt11286314,popular,2020-2024,top,250,150,1.6666666666666667,Q100361490,2021,Ciencia ficción/fantasía,"Comedy,Drama,Sci-Fi",3,True,True,1.0,enwiki dump 20260901,https://en.wikipedia.org/w/index.php?oldid=1372867620,Plot,2026-09-29T11:26:31Z,CC BY-SA 4.0,787,ok
tt23561236,popular,2020-2024,top,250,150,1.6666666666666667,Q116413183,2023,Comedia,"Comedy,Drama",3,True,True,1.0,enwiki dump 20260901,https://en.wikipedia.org/w/index.php?oldid=1371366996,Plot,2026-09-29T11:26:31Z,CC BY-SA 4.0,714,ok
tt14230458,popular,2020-2024,top,250,150,1.6666666666666667,Q108760382,2023,Comedia,"Comedy,Drama,Romance",3,True,False,3.0,enwiki dump 20260901,https://en.wikipedia.org/w/index.php?oldid=1369665436,Plot,2026-09-29T11:26:32Z,CC BY-SA 4.0,486,ok
tt9214832,popular,2020-2024,top,250,150,1.6666666666666667,Q65091224,2020,Comedia,"Comedy,Drama,Romance",3,True,False,2.0,enwiki dump 20260901,https://en.wikipedia.org/w/index.php?oldid=1369969251,Plot summary,2026-09-29T11:26:32Z,CC BY-SA 4.0,567,ok
tt11271038,popular,2020-2024,top,250,150,1.6666666666666667,Q102036245,2021,Comedia,"Comedy,Drama,Romance",3,True,True,1.0,enwiki dump 20260901,https://en.wikipedia.org/w/index.php?oldid=1372000396,Plot,2026-09-29T11:26:32Z,CC BY-SA 4.0,658,ok
tt8721424,popular,2020-2024,top,250,150,1.6666666666666667,Q85323361,2021,Comedia,"Biography,Comedy,Drama",3,True,True,1.0,enwiki dump 20260901,https://en.wikipedia.org/w/index.php?oldid=1368032014,Plot,2026-09-29T11:26:32Z,CC BY-SA 4.0,693,ok
tt8580274,popular,2020-2024,top,250,150,1.6666666666666667,Q67456281,2020,Comedia,"Comedy,Music",3,True,True,1.0,enwiki dump 20260901,https://en.wikipedia.org/w/index.php?oldid=1367491968,Plot,2026-09-29T11:26:32Z,CC BY-SA 4.0,746,ok
tt9686708,popular,2020-2024,top,250,150,1.6666666666666667,Q64338076,2020,Comedia,"Comedy,Drama",3,True,True,1.0,enwiki dump 20260901,https://en.wikipedia.org/w/index.php?oldid=1366321750,Plot,2026-09-29T11:26:33Z,CC BY-SA 4.0,650,ok
tt26047818,popular,2020-2024,top,250,150,1.6666666666666667,Q118405167,2023,Comedia,"Comedy,Romance",3,True,False,2.0,enwiki dump 20260901,https://en.wikipedia.org/w/index.php?oldid=1369510677,Plot,2026-09-29T11:26:33Z,CC BY-SA 4.0,606,ok
tt9866072,popular,2020-2024,top,250,150,1.6666666666666667,Q63864219,2020,Comedia,"Comedy,Romance",3,True,True,1.0,enwiki dump 20260901,https://en.wikipedia.org/w/index.php?oldid=1361822191,Plot,2026-09-29T11:26:33Z,CC BY-SA 4.0,553,ok
tt8847712,popular,2020-2024,top,250,150,1.6666666666666667,Q59551547,2021,Comedia,"Comedy,Drama,Romance",3,True,False,2.0,enwiki dump 20260901,https://en.wikipedia.org/w/index.php?oldid=1370654780,Plot,2026-09-29T11:26:34Z,CC BY-SA 4.0,1052,ok
tt21823606,popular,2020-2024,top,250,150,1.6666666666666667,Q123690368,2024,Comedia,"Comedy,Drama",3,True,False,2.0,enwiki dump 20260901,https://en.wikipedia.org/w/index.php?oldid=1369810813,Plot,2026-09-29T11:26:34Z,CC BY-SA 4.0,713,ok
tt11564570,popular,2020-2024,top,250,150,1.6666666666666667,Q84712797,2022,Comedia,"Comedy,Crime,Drama",3,True,True,1.0,enwiki dump 20260901,https://en.wikipedia.org/w/index.php?oldid=1371377538,Plot,2026-09-29T11:26:34Z,CC BY-SA 4.0,716,ok
tt28607951,popular,2020-2024,top,250,150,1.6666666666666667,Q123185887,2024,Comedia,"Comedy,Drama,Romance",3,True,True,1.0,enwiki dump 20260901,https://en.wikipedia.org/w/index.php?oldid=1371918359,Plot,2026-09-29T11:26:34Z,CC BY-SA 4.0,650,ok
tt10366460,popular,2020-2024,top,250,150,1.6666666666666667,Q104686893,2021,Comedia,"Comedy,Drama,Music",3,True,False,3.0,enwiki dump 20260901,https://en.wikipedia.org/w/index.php?oldid=1369892828,Plot,2026-09-29T11:26:35Z,CC BY-SA 4.0,629,ok
tt9893250,popular,2020-2024,top,250,150,1.6666666666666667,Q66688968,2020,Comedia,"Comedy,Crime,Drama",3,True,True,1.0,enwiki dump 20260901,https://en.wikipedia.org/w/index.php?oldid=1372496573,Plot,2026-09-29T11:26:35Z,CC BY-SA 4.0,701,ok
tt7405458,popular,2020-2024,top,250,150,1.6666666666666667,Q111608782,2022,Comedia,"Comedy,Drama",3,True,False,2.0,enwiki dump 20260901,https://en.wikipedia.org/w/index.php?oldid=1364697617,Plot,2026-09-29T11:26:35Z,CC BY-SA 4.0,799,ok
tt8009428,popular,2020-2024,top,250,150,1.6666666666666667,Q103377646,2022,Comedia,"Comedy,Drama,Sport",3,True,True,1.0,enwiki dump 20260901,https://en.wikipedia.org/w/index.php?oldid=1369558613,Plot,2026-09-29T11:26:35Z,CC BY-SA 4.0,708,ok
tt7160372,popular,2020-2024,top,250,150,1.6666666666666667,Q115993222,2023,Drama,"Drama,History,War",3,True,False,3.0,enwiki dump 20260901,https://en.wikipedia.org/w/index.php?oldid=1370578851,Plot,2026-09-29T11:26:35Z,CC BY-SA 4.0,432,ok
tt3704428,popular,2020-2024,top,250,150,1.6666666666666667,Q84362533,2022,Drama,"Biography,Drama,Music",3,True,False,2.0,enwiki dump 20260901,https://en.wikipedia.org/w/index.php?oldid=1371372547,Plot,2026-09-29T11:26:35Z,CC BY-SA 4.0,654,ok
tt19770238,popular,2020-2024,top,250,150,1.6666666666666667,Q111668106,2022,Drama,Drama,3,True,False,2.0,enwiki dump 20260901,https://en.wikipedia.org/w/index.php?oldid=1372128663,Plot,2026-09-29T11:26:36Z,CC BY-SA 4.0,516,ok
tt10293406,popular,2020-2024,top,250,150,1.6666666666666667,Q85323337,2021,Drama,"Drama,Western",3,True,False,6.0,enwiki dump 20260901,https://en.wikipedia.org/w/index.php?oldid=1368547685,Plot,2026-09-29T11:26:36Z,CC BY-SA 4.0,661,ok
tt15398776,popular,2020-2024,top,250,150,1.6666666666666667,Q108839994,2023,Drama,"Biography,Drama,History",3,True,False,2.0,enwiki dump 20260901,https://en.wikipedia.org/w/index.php?oldid=1371602811,Plot,2026-09-29T11:26:36Z,CC BY-SA 4.0,544,ok
tt13833688,popular,2020-2024,top,250,150,1.6666666666666667,Q105883400,2022,Drama,Drama,3,True,True,1.0,enwiki dump 20260901,https://en.wikipedia.org/w/index.php?oldid=1372389940,Plot,2026-09-29T11:26:37Z,CC BY-SA 4.0,693,ok
tt16419074,popular,2020-2024,top,250,150,1.6666666666666667,Q115625646,2023,Drama,"Drama,Sport",3,True,True,1.0,enwiki dump 20260901,https://en.wikipedia.org/w/index.php?oldid=1368209396,Plot,2026-09-29T11:26:37Z,CC BY-SA 4.0,373,ok
tt21064584,popular,2020-2024,top,250,150,1.6666666666666667,Q114901506,2023,Drama,"Biography,Drama,Sport",3,True,False,2.0,enwiki dump 20260901,https://en.wikipedia.org/w/index.php?oldid=1370055736,Plot,2026-09-29T11:26:37Z,CC BY-SA 4.0,748,ok
tt11563598,popular,2020-2024,top,250,150,1.6666666666666667,Q118175825,2024,Drama,"Biography,Drama,Music",3,True,True,1.0,enwiki dump 20260901,https://en.wikipedia.org/w/index.php?oldid=1370704609,Plot,2026-09-29T11:26:37Z,CC BY-SA 4.0,624,ok
tt8999762,popular,2020-2024,top,250,150,1.6666666666666667,Q101112656,2024,Drama,Drama,3,True,False,2.0,enwiki dump 20260901,https://en.wikipedia.org/w/index.php?oldid=1368795365,Plot,2026-09-29T11:26:38Z,CC BY-SA 4.0,766,ok
tt9770150,popular,2020-2024,top,250,150,1.6666666666666667,Q61740820,2020,Drama,Drama,3,True,True,1.0,enwiki dump 20260901,https://en.wikipedia.org/w/index.php?oldid=1372541926,Plot,2026-09-29T11:26:38Z,CC BY-SA 4.0,554,ok
tt10655524,popular,2020-2024,top,250,150,1.6666666666666667,Q118641054,2024,Romance,"Drama,Romance",3,True,True,1.0,enwiki dump 20260901,https://en.wikipedia.org/w/index.php?oldid=1372538656,Plot,2026-09-29T11:26:38Z,CC BY-SA 4.0,651,ok
tt9411972,popular,2020-2024,top,250,150,1.6666666666666667,Q106311043,2022,Romance,"Drama,Mystery,Romance",3,True,True,1.0,enwiki dump 20260901,https://en.wikipedia.org/w/index.php?oldid=1367263631,Plot,2026-09-29T11:26:38Z,CC BY-SA 4.0,670,ok
tt4682266,popular,2020-2024,top,250,150,1.6666666666666667,Q28912376,2020,Terror,"Action,Horror,Mystery",3,True,True,1.0,enwiki dump 20260901,https://en.wikipedia.org/w/index.php?oldid=1371537864,Plot,2026-09-29T11:26:39Z,CC BY-SA 4.0,700,ok
tt11866324,popular,2020-2024,top,250,150,1.6666666666666667,Q108329738,2022,Terror,"Action,Adventure,Horror",3,True,True,1.0,enwiki dump 20260901,https://en.wikipedia.org/w/index.php?oldid=1367453123,Plot,2026-09-29T11:26:39Z,CC BY-SA 4.0,636,ok
tt15791034,popular,2020-2024,top,250,150,1.6666666666666667,Q38526439,2022,Terror,"Horror,Mystery,Thriller",3,True,True,1.0,enwiki dump 20260901,https://en.wikipedia.org/w/index.php?oldid=1372169208,Plot,2026-09-29T11:26:39Z,CC BY-SA 4.0,525,ok
tt9731534,popular,2020-2024,top,250,150,1.6666666666666667,Q77906196,2020,Terror,"Horror,Mystery,Thriller",3,True,True,1.0,enwiki dump 20260901,https://en.wikipedia.org/w/index.php?oldid=1369251755,Plot,2026-09-29T11:26:39Z,CC BY-SA 4.0,600,ok
tt28015403,popular,2020-2024,top,250,150,1.6666666666666667,Q122933268,2024,Terror,"Horror,Thriller",3,True,True,1.0,enwiki dump 20260901,https://en.wikipedia.org/w/index.php?oldid=1371675397,Plot,2026-09-29T11:26:39Z,CC BY-SA 4.0,660,ok
tt8633478,popular,2020-2024,top,250,150,1.6666666666666667,Q60737911,2020,Terror,"Drama,Horror,Mystery",3,True,True,1.0,enwiki dump 20260901,https://en.wikipedia.org/w/index.php?oldid=1370245102,Plot,2026-09-29T11:26:40Z,CC BY-SA 4.0,918,ok
tt16366836,popular,2020-2024,top,250,150,1.6666666666666667,Q113371337,2024,Terror,"Action,Fantasy,Horror",3,True,True,1.0,enwiki dump 20260901,https://en.wikipedia.org/w/index.php?oldid=1369736762,Plot,2026-09-29T11:26:40Z,CC BY-SA 4.0,591,ok
tt17663992,popular,2020-2024,top,250,150,1.6666666666666667,Q112183099,2023,Terror,"Horror,Mystery,Thriller",3,True,True,1.0,enwiki dump 20260901,https://en.wikipedia.org/w/index.php?oldid=1372796312,Plot,2026-09-29T11:26:40Z,CC BY-SA 4.0,688,ok
tt5108870,popular,2020-2024,top,250,150,1.6666666666666667,Q55405369,2022,Terror,"Action,Adventure,Horror",3,True,True,1.0,enwiki dump 20260901,https://en.wikipedia.org/w/index.php?oldid=1372782921,Plot,2026-09-29T11:26:40Z,CC BY-SA 4.0,487,ok
tt22048412,popular,2020-2024,top,250,150,1.6666666666666667,Q116032682,2024,Terror,"Crime,Horror",3,True,True,1.0,enwiki dump 20260901,https://en.wikipedia.org/w/index.php?oldid=1370895196,Plot,2026-09-29T11:26:40Z,CC BY-SA 4.0,659,ok
tt13560574,popular,2020-2024,top,250,150,1.6666666666666667,Q105605250,2022,Terror,"Horror,Mystery,Thriller",3,True,False,3.0,enwiki dump 20260901,https://en.wikipedia.org/w/index.php?oldid=1371058840,Plot,2026-09-29T11:26:41Z,CC BY-SA 4.0,614,ok
tt13433802,popular,2020-2024,top,250,150,1.6666666666666667,Q112183404,2024,Terror,"Drama,Horror,Sci-Fi",3,True,True,1.0,enwiki dump 20260901,https://en.wikipedia.org/w/index.php?oldid=1372376739,Plot,2026-09-29T11:26:41Z,CC BY-SA 4.0,587,ok
tt15474916,popular,2020-2024,top,250,150,1.6666666666666667,Q112623225,2022,Terror,"Horror,Mystery,Thriller",3,True,True,1.0,enwiki dump 20260901,https://en.wikipedia.org/w/index.php?oldid=1372292624,Plot,2026-09-29T11:26:41Z,CC BY-SA 4.0,700,ok
tt9764362,popular,2020-2024,top,250,150,1.6666666666666667,Q108444804,2022,Terror,"Comedy,Horror,Thriller",3,True,True,1.0,enwiki dump 20260901,https://en.wikipedia.org/w/index.php?oldid=1371867454,Plot,2026-09-29T11:26:41Z,CC BY-SA 4.0,609,ok
tt8332922,popular,2020-2024,top,250,150,1.6666666666666667,Q53911403,2020,Terror,"Drama,Horror,Sci-Fi",3,True,True,1.0,enwiki dump 20260901,https://en.wikipedia.org/w/index.php?oldid=1368068071,Plot,2026-09-29T11:26:41Z,CC BY-SA 4.0,505,ok
tt17526714,popular,2020-2024,top,250,150,1.6666666666666667,Q113380226,2024,Terror,"Drama,Horror,Sci-Fi",3,True,False,3.0,enwiki dump 20260901,https://en.wikipedia.org/w/index.php?oldid=1372792301,Plot,2026-09-29T11:26:42Z,CC BY-SA 4.0,518,ok
tt5774060,popular,2020-2024,top,250,150,1.6666666666666667,Q33105130,2020,Terror,"Action,Adventure,Horror",3,True,True,1.0,enwiki dump 20260901,https://en.wikipedia.org/w/index.php?oldid=1372044720,Plot,2026-09-29T11:26:42Z,CC BY-SA 4.0,602,ok
tt1051906,popular,2020-2024,top,250,150,1.6666666666666667,Q64004122,2020,Terror,"Drama,Horror,Mystery",3,True,False,2.0,enwiki dump 20260901,https://en.wikipedia.org/w/index.php?oldid=1371210322,Plot,2026-09-29T11:26:42Z,CC BY-SA 4.0,737,ok
tt8760708,popular,2020-2024,top,250,150,1.6666666666666667,Q110661062,2022,Terror,"Horror,Sci-Fi,Thriller",3,True,True,1.0,enwiki dump 20260901,https://en.wikipedia.org/w/index.php?oldid=1372484013,Plot,2026-09-29T11:26:42Z,CC BY-SA 4.0,515,ok
tt2049403,popular,2020-2024,top,250,150,1.6666666666666667,Q112865900,2024,Terror,"Comedy,Fantasy,Horror",3,True,True,1.0,enwiki dump 20260901,https://en.wikipedia.org/w/index.php?oldid=1372931561,Plot,2026-09-29T11:26:43Z,CC BY-SA 4.0,551,ok
tt3811906,popular,2020-2024,top,250,150,1.6666666666666667,Q68549841,2021,Terror,"Crime,Horror,Mystery",3,True,True,1.0,enwiki dump 20260901,https://en.wikipedia.org/w/index.php?oldid=1369574196,Plot,2026-09-29T11:26:43Z,CC BY-SA 4.0,615,ok
tt10954984,popular,2020-2024,top,250,150,1.6666666666666667,Q107176162,2022,Terror,"Horror,Mystery,Sci-Fi",3,True,False,3.0,enwiki dump 20260901,https://en.wikipedia.org/w/index.php?oldid=1372831415,Plot,2026-09-29T11:26:43Z,CC BY-SA 4.0,708,ok
tt14966898,popular,2020-2024,top,250,150,1.6666666666666667,Q119718080,2023,Terror,Horror,3,True,False,3.0,enwiki dump 20260901,https://en.wikipedia.org/w/index.php?oldid=1371649866,Plot,2026-09-29T11:26:43Z,CC BY-SA 4.0,653,ok
tt7939766,popular,2020-2024,top,250,150,1.6666666666666667,Q63226470,2020,Thriller/crimen,"Drama,Thriller",3,True,True,1.0,enwiki dump 20260901,https://en.wikipedia.org/w/index.php?oldid=1369075221,Plot,2026-09-29T11:26:43Z,CC BY-SA 4.0,709,ok
tt3581652,popular,2020-2024,top,250,150,1.6666666666666667,Q63643994,2021,Thriller/crimen,"Crime,Drama,Musical",3,True,True,1.0,enwiki dump 20260901,https://en.wikipedia.org/w/index.php?oldid=1372405906,Plot,2026-09-29T11:26:44Z,CC BY-SA 4.0,699,ok
tt7657566,popular,2020-2024,top,250,150,1.6666666666666667,Q56816969,2022,Thriller/crimen,"Crime,Drama,Mystery",3,True,False,2.0,enwiki dump 20260901,https://en.wikipedia.org/w/index.php?oldid=1371372976,Plot,2026-09-29T11:26:44Z,CC BY-SA 4.0,622,ok
tt4244994,popular,2020-2024,top,250,150,1.6666666666666667,Q85000980,2021,Thriller/crimen,"Drama,History,Thriller",3,True,True,1.0,enwiki dump 20260901,https://en.wikipedia.org/w/index.php?oldid=1371580150,Plot,2026-09-29T11:26:44Z,CC BY-SA 4.0,628,ok
tt9620292,popular,2020-2024,top,250,150,1.6666666666666667,Q62595383,2020,Thriller/crimen,"Crime,Drama,Mystery",3,True,False,2.0,enwiki dump 20260901,https://en.wikipedia.org/w/index.php?oldid=1371412758,Plot,2026-09-29T11:26:44Z,CC BY-SA 4.0,665,ok
tt11315808,popular,2020-2024,top,250,150,1.6666666666666667,Q108628759,2024,Thriller/crimen,"Drama,Musical,Thriller",3,True,True,1.0,enwiki dump 20260901,https://en.wikipedia.org/w/index.php?oldid=1372001656,Plot,2026-09-29T11:26:44Z,CC BY-SA 4.0,636,ok
tt9784798,popular,2020-2024,top,250,150,1.6666666666666667,Q73536766,2021,Thriller/crimen,"Biography,Crime,Drama",3,True,True,1.0,enwiki dump 20260901,https://en.wikipedia.org/w/index.php?oldid=1371672333,Plot,2026-09-29T11:26:44Z,CC BY-SA 4.0,574,ok
tt20215234,popular,2020-2024,top,250,150,1.6666666666666667,Q116701124,2024,Thriller/crimen,"Drama,Thriller",3,True,False,2.0,enwiki dump 20260901,https://en.wikipedia.org/w/index.php?oldid=1370703126,Plot,2026-09-29T11:26:45Z,CC BY-SA 4.0,571,ok
tt11233960,popular,2020-2024,top,250,150,1.6666666666666667,Q84366178,2021,Thriller/crimen,"Crime,Drama,Mystery",3,True,False,2.0,enwiki dump 20260901,https://en.wikipedia.org/w/index.php?oldid=1372047809,Plot,2026-09-29T11:26:45Z,CC BY-SA 4.0,750,ok
tt10954652,popular,2020-2024,top,250,150,1.6666666666666667,Q99688807,2021,Thriller/crimen,"Drama,Mystery,Thriller",3,True,True,1.0,enwiki dump 20260901,https://en.wikipedia.org/w/index.php?oldid=1372299547,Plot,2026-09-29T11:26:45Z,CC BY-SA 4.0,731,ok
tt14858658,popular,2020-2024,top,250,150,1.6666666666666667,Q113012523,2024,Thriller/crimen,"Mystery,Thriller",3,True,False,2.0,enwiki dump 20260901,https://en.wikipedia.org/w/index.php?oldid=1362047283,Plot,2026-09-29T11:26:45Z,CC BY-SA 4.0,856,ok
tt7740496,popular,2020-2024,top,250,150,1.6666666666666667,Q82430214,2021,Thriller/crimen,"Crime,Drama,Thriller",3,True,False,2.0,enwiki dump 20260901,https://en.wikipedia.org/w/index.php?oldid=1370365784,Plot,2026-09-29T11:26:45Z,CC BY-SA 4.0,729,ok
tt7395114,popular,2020-2024,top,250,150,1.6666666666666667,Q61927376,2020,Thriller/crimen,"Crime,Drama,Thriller",3,True,True,1.0,enwiki dump 20260901,https://en.wikipedia.org/w/index.php?oldid=1368649184,Plot,2026-09-29T11:26:45Z,CC BY-SA 4.0,800,ok
tt11214590,popular,2020-2024,top,250,150,1.6666666666666667,Q105549749,2021,Thriller/crimen,"Biography,Crime,Drama",3,True,True,1.0,enwiki dump 20260901,https://en.wikipedia.org/w/index.php?oldid=1372782935,Plot,2026-09-29T11:26:46Z,CC BY-SA 4.0,697,ok
tt0088379,amplio,1980-1989,T1,601,17,35.35294117647059,Q7773603,1984,Acción/aventura,"Adventure,Fantasy",1,False,False,2.0,enwiki dump 20260901,https://en.wikipedia.org/w/index.php?oldid=1370966945,Synopsis,2026-09-29T11:26:46Z,CC BY-SA 4.0,167,ok
tt0096978,amplio,1980-1989,T1,601,17,35.35294117647059,Q1962858,1989,Acción/aventura,"Adventure,Comedy,Romance",1,False,True,1.0,enwiki dump 20260901,https://en.wikipedia.org/w/index.php?oldid=1344702481,Plot,2026-09-29T11:26:46Z,CC BY-SA 4.0,127,ok
tt0087589,amplio,1980-1989,T1,601,17,35.35294117647059,Q768192,1984,Acción/aventura,"Action,Crime,Drama",1,False,True,1.0,enwiki dump 20260901,https://en.wikipedia.org/w/index.php?oldid=1370112681,Plot,2026-09-29T11:26:46Z,CC BY-SA 4.0,122,ok
tt0092812,amplio,1980-1989,T1,601,17,35.35294117647059,Q5198753,1987,Acción/aventura,"Action,Drama,Sci-Fi",1,False,True,1.0,enwiki dump 20260901,https://en.wikipedia.org/w/index.php?oldid=1368516643,Plot,2026-09-29T11:26:46Z,CC BY-SA 4.0,183,ok
tt0088960,amplio,1980-1989,T1,601,17,35.35294117647059,Q1139373,1985,Ciencia ficción/fantasía,"Comedy,Romance,Sci-Fi",1,False,True,1.0,enwiki dump 20260901,https://en.wikipedia.org/w/index.php?oldid=1353223765,Plot,2026-09-29T11:26:47Z,CC BY-SA 4.0,307,ok
tt0087313,amplio,1980-1989,T1,601,17,35.35294117647059,Q2589754,1984,Comedia,"Comedy,Drama",1,False,True,1.0,enwiki dump 20260901,https://en.wikipedia.org/w/index.php?oldid=1354317592,Plot,2026-09-29T11:26:47Z,CC BY-SA 4.0,321,ok
tt0089997,amplio,1980-1989,T1,601,17,35.35294117647059,Q3958320,1986,Comedia,"Comedy,Drama,Romance",1,False,True,1.0,enwiki dump 20260901,https://en.wikipedia.org/w/index.php?oldid=1367614767,Plot,2026-09-29T11:26:47Z,CC BY-SA 4.0,708,ok
tt0098261,amplio,1980-1989,T1,601,17,35.35294117647059,Q7430794,1989,Comedia,Comedy,1,False,True,1.0,enwiki dump 20260901,https://en.wikipedia.org/w/index.php?oldid=1372245974,Plot,2026-09-29T11:26:47Z,CC BY-SA 4.0,480,ok
tt0082001,amplio,1980-1989,T1,601,17,35.35294117647059,Q4127732,1981,Comedia,"Comedy,Drama,Romance",1,False,True,1.0,enwiki dump 20260901,https://en.wikipedia.org/w/index.php?oldid=1361581072,Plot,2026-09-29T11:26:47Z,CC BY-SA 4.0,368,ok
tt0093093,amplio,1980-1989,T1,601,17,35.35294117647059,Q1057592,1987,Drama,Drama,1,False,True,1.0,enwiki dump 20260901,https://en.wikipedia.org/w/index.php?oldid=1368439732,Plot,2026-09-29T11:26:47Z,CC BY-SA 4.0,189,ok
tt0085863,amplio,1980-1989,T1,601,17,35.35294117647059,Q371365,1983,Drama,Drama,1,False,True,1.0,enwiki dump 20260901,https://en.wikipedia.org/w/index.php?oldid=1353560227,Plot,2026-09-29T11:26:47Z,CC BY-SA 4.0,428,ok
tt0095178,amplio,1980-1989,T1,601,17,35.35294117647059,Q2986071,1988,Romance,"Drama,Romance",1,False,True,1.0,enwiki dump 20260901,https://en.wikipedia.org/w/index.php?oldid=1359569918,Plot,2026-09-29T11:26:47Z,CC BY-SA 4.0,700,ok
tt0094070,amplio,1980-1989,T1,601,17,35.35294117647059,Q7637283,1986,Terror,"Drama,Horror,Thriller",1,False,True,1.0,enwiki dump 20260901,https://en.wikipedia.org/w/index.php?oldid=1370010175,Plot,2026-09-29T11:26:48Z,CC BY-SA 4.0,2160,ok
tt0088851,amplio,1980-1989,T1,601,17,35.35294117647059,Q118985,1985,Terror,"Fantasy,Horror,Romance",1,False,False,2.0,enwiki dump 20260901,https://en.wikipedia.org/w/index.php?oldid=1371311668,Plot,2026-09-29T11:26:48Z,CC BY-SA 4.0,698,ok
tt0091338,amplio,1980-1989,T1,601,17,35.35294117647059,Q6407526,1986,Terror,"Comedy,Horror",1,False,True,1.0,enwiki dump 20260901,https://en.wikipedia.org/w/index.php?oldid=1360694553,Plot,2026-09-29T11:26:48Z,CC BY-SA 4.0,742,ok
tt0096117,amplio,1980-1989,T1,601,17,35.35294117647059,Q3518745,1987,Terror,"Comedy,Horror",1,False,True,1.0,enwiki dump 20260901,https://en.wikipedia.org/w/index.php?oldid=1371711228,Plot,2026-09-29T11:26:48Z,CC BY-SA 4.0,159,ok
tt0084652,amplio,1980-1989,T1,601,17,35.35294117647059,Q3667388,1982,Thriller/crimen,Thriller,1,False,True,1.0,enwiki dump 20260901,https://en.wikipedia.org/w/index.php?oldid=1357734106,Plot,2026-09-29T11:26:48Z,CC BY-SA 4.0,741,ok
tt0097889,amplio,1980-1989,T2,606,17,35.64705882352941,Q1779738,1988,Acción/aventura,"Action,Drama,Romance",2,False,True,1.0,enwiki dump 20260901,https://en.wikipedia.org/w/index.php?oldid=1372774051,Plot,2026-09-29T11:26:48Z,CC BY-SA 4.0,671,ok
tt0097880,amplio,1980-1989,T2,606,17,35.64705882352941,Q858450,1989,Acción/aventura,"Action,Crime,Drama",2,False,True,1.0,enwiki dump 20260901,https://en.wikipedia.org/w/index.php?oldid=1369795495,Plot,2026-09-29T11:26:49Z,CC BY-SA 4.0,562,ok
tt0084749,amplio,1980-1989,T2,606,17,35.64705882352941,Q1896093,1982,Acción/aventura,"Action,Adventure,Fantasy",2,False,True,1.0,enwiki dump 20260901,https://en.wikipedia.org/w/index.php?oldid=1372411891,Plot,2026-09-29T11:26:49Z,CC BY-SA 4.0,644,ok
tt0092848,amplio,1980-1989,T2,606,17,35.64705882352941,Q4424338,1987,Acción/aventura,"Action,Thriller",2,False,True,1.0,enwiki dump 20260901,https://en.wikipedia.org/w/index.php?oldid=1339969695,Plot,2026-09-29T11:26:49Z,CC BY-SA 4.0,271,ok
tt0087062,amplio,1980-1989,T2,606,17,35.64705882352941,Q282372,1984,Acción/aventura,"Action,Comedy,Crime",2,False,True,1.0,enwiki dump 20260901,https://en.wikipedia.org/w/index.php?oldid=1368865085,Plot,2026-09-29T11:26:49Z,CC BY-SA 4.0,556,ok
tt0081414,amplio,1980-1989,T2,606,17,35.64705882352941,Q1199639,1980,Ciencia ficción/fantasía,"Drama,Fantasy",2,False,True,1.0,enwiki dump 20260901,https://en.wikipedia.org/w/index.php?oldid=1372511406,Plot,2026-09-29T11:26:49Z,CC BY-SA 4.0,419,ok
tt0087747,amplio,1980-1989,T2,606,17,35.64705882352941,Q760989,1984,Comedia,"Comedy,Drama,Romance",2,False,True,1.0,enwiki dump 20260901,https://en.wikipedia.org/w/index.php?oldid=1369243256,Plot,2026-09-29T11:26:49Z,CC BY-SA 4.0,616,ok
tt0081376,amplio,1980-1989,T2,606,17,35.64705882352941,Q7758400,1980,Comedia,"Comedy,Mystery",2,False,True,1.0,enwiki dump 20260901,https://en.wikipedia.org/w/index.php?oldid=1370761712,Plot,2026-09-29T11:26:50Z,CC BY-SA 4.0,484,ok
tt0087385,amplio,1980-1989,T2,606,17,35.64705882352941,Q5655714,1984,Comedia,Comedy,2,False,True,1.0,enwiki dump 20260901,https://en.wikipedia.org/w/index.php?oldid=1362775756,Plot,2026-09-29T11:26:50Z,CC BY-SA 4.0,160,ok
tt0097500,amplio,1980-1989,T2,606,17,35.64705882352941,Q1415308,1989,Comedia,"Comedy,Crime,Mystery",2,False,True,1.0,enwiki dump 20260901,https://en.wikipedia.org/w/index.php?oldid=1369512560,Plot,2026-09-29T11:26:50Z,CC BY-SA 4.0,483,ok
tt0094884,amplio,1980-1989,T2,606,17,35.64705882352941,Q1748231,1988,Drama,Drama,2,False,True,1.0,enwiki dump 20260901,https://en.wikipedia.org/w/index.php?oldid=1367945982,Plot,2026-09-29T11:26:50Z,CC BY-SA 4.0,474,ok
tt0096171,amplio,1980-1989,T2,606,17,35.64705882352941,Q1736594,1988,Romance,"Drama,Romance,Sport",2,False,True,1.0,enwiki dump 20260901,https://en.wikipedia.org/w/index.php?oldid=1366845609,Plot,2026-09-29T11:26:50Z,CC BY-SA 4.0,421,ok
tt0086014,amplio,1980-1989,T2,606,17,35.64705882352941,Q1757905,1983,Terror,"Horror,Sci-Fi",2,False,True,1.0,enwiki dump 20260901,https://en.wikipedia.org/w/index.php?oldid=1362934163,Plot,2026-09-29T11:26:50Z,CC BY-SA 4.0,1292,ok
tt0092906,amplio,1980-1989,T2,606,17,35.64705882352941,Q1150602,1986,Terror,Horror,2,False,True,1.0,enwiki dump 20260901,https://en.wikipedia.org/w/index.php?oldid=1366353960,Plot,2026-09-29T11:26:50Z,CC BY-SA 4.0,672,ok
tt0083033,amplio,1980-1989,T2,606,17,35.64705882352941,Q7426760,1981,Terror,"Comedy,Fantasy,Horror",2,False,True,1.0,enwiki dump 20260901,https://en.wikipedia.org/w/index.php?oldid=1359802709,Plot,2026-09-29T11:26:50Z,CC BY-SA 4.0,322,ok
tt0095379,amplio,1980-1989,T2,606,17,35.64705882352941,Q839270,1989,Terror,"Horror,Thriller",2,False,True,1.0,enwiki dump 20260901,https://en.wikipedia.org/w/index.php?oldid=1371457034,Plot,2026-09-29T11:26:51Z,CC BY-SA 4.0,534,ok
tt0100211,amplio,1980-1989,T2,606,17,35.64705882352941,Q1427849,1989,Thriller/crimen,"Crime,Drama,Thriller",2,False,True,1.0,enwiki dump 20260901,https://en.wikipedia.org/w/index.php?oldid=1366117215,Plot,2026-09-29T11:26:51Z,CC BY-SA 4.0,719,ok
tt0088170,amplio,1980-1989,T3,610,16,38.125,Q221305,1984,Acción/aventura,"Action,Adventure,Sci-Fi",3,True,True,1.0,enwiki dump 20260901,https://en.wikipedia.org/w/index.php?oldid=1370447441,Plot,2026-09-29T11:26:51Z,CC BY-SA 4.0,472,ok
tt0092857,amplio,1980-1989,T3,610,16,38.125,Q848274,1987,Acción/aventura,"Action,Crime,Drama",3,False,True,1.0,enwiki dump 20260901,https://en.wikipedia.org/w/index.php?oldid=1369671786,Plot,2026-09-29T11:26:51Z,CC BY-SA 4.0,666,ok
tt0093260,amplio,1980-1989,T3,610,16,38.125,Q506390,1987,Acción/aventura,"Action,Adventure,Comedy",3,True,True,1.0,enwiki dump 20260901,https://en.wikipedia.org/w/index.php?oldid=1360124919,Plot,2026-09-29T11:26:51Z,CC BY-SA 4.0,723,ok
tt0089370,amplio,1980-1989,T3,610,16,38.125,Q759420,1985,Acción/aventura,"Action,Adventure,Comedy",3,True,False,2.0,enwiki dump 20260901,https://en.wikipedia.org/w/index.php?oldid=1360848561,Plot,2026-09-29T11:26:51Z,CC BY-SA 4.0,459,ok
tt0093278,amplio,1980-1989,T3,610,16,38.125,Q2215067,1987,Acción/aventura,"Action,Adventure,Comedy",3,False,True,1.0,enwiki dump 20260901,https://en.wikipedia.org/w/index.php?oldid=1365183480,Plot,2026-09-29T11:26:51Z,CC BY-SA 4.0,526,ok
tt0093793,amplio,1980-1989,T3,610,16,38.125,Q3407141,1987,Ciencia ficción/fantasía,"Comedy,Drama,Sci-Fi",3,False,True,1.0,enwiki dump 20260901,https://en.wikipedia.org/w/index.php?oldid=1367750575,Plot,2026-09-29T11:26:52Z,CC BY-SA 4.0,483,ok
tt0084021,amplio,1980-1989,T3,610,16,38.125,Q1138932,1982,Comedia,"Comedy,Music,Musical",3,True,True,1.0,enwiki dump 20260901,https://en.wikipedia.org/w/index.php?oldid=1369354459,Plot,2026-09-29T11:26:52Z,CC BY-SA 4.0,701,ok
tt0090966,amplio,1980-1989,T3,610,16,38.125,Q218290,1986,Comedia,Comedy,3,False,True,1.0,enwiki dump 20260901,https://en.wikipedia.org/w/index.php?oldid=1367860375,Plot,2026-09-29T11:26:52Z,CC BY-SA 4.0,419,ok
tt0095159,amplio,1980-1989,T3,610,16,38.125,Q466186,1988,Comedia,"Comedy,Crime",3,True,False,2.0,enwiki dump 20260901,https://en.wikipedia.org/w/index.php?oldid=1366335172,Plot,2026-09-29T11:24:41Z,CC BY-SA 4.0,528,ok
tt0098282,amplio,1980-1989,T3,610,16,38.125,Q1213118,1989,Comedia,"Comedy,Crime",3,True,True,1.0,enwiki dump 20260901,https://en.wikipedia.org/w/index.php?oldid=1364887705,Plot,2026-09-29T11:26:52Z,CC BY-SA 4.0,506,ok
tt0093058,amplio,1980-1989,T3,610,16,38.125,Q243439,1987,Drama,"Drama,War",3,True,False,2.0,enwiki dump 20260901,https://en.wikipedia.org/w/index.php?oldid=1371140468,Plot,2026-09-29T11:26:52Z,CC BY-SA 4.0,541,ok
tt0098575,amplio,1980-1989,T3,610,16,38.125,Q1347278,1989,Romance,"Drama,Romance",3,False,False,3.0,enwiki dump 20260901,https://en.wikipedia.org/w/index.php?oldid=1367137275,Plot,2026-09-29T11:26:53Z,CC BY-SA 4.0,699,ok
tt0096073,amplio,1980-1989,T3,610,16,38.125,Q656861,1988,Terror,"Drama,Fantasy,Horror",3,False,True,1.0,enwiki dump 20260901,https://en.wikipedia.org/w/index.php?oldid=1368819471,Plot,2026-09-29T11:26:53Z,CC BY-SA 4.0,774,ok
tt0081184,amplio,1980-1989,T3,610,16,38.125,Q737187,1980,Terror,"Comedy,Horror,Thriller",3,True,True,1.0,enwiki dump 20260901,https://en.wikipedia.org/w/index.php?oldid=1370863510,Plot,2026-09-29T11:26:53Z,CC BY-SA 4.0,663,ok
tt0082242,amplio,1980-1989,T3,610,16,38.125,Q1755263,1981,Terror,"Horror,Mystery",3,True,True,1.0,enwiki dump 20260901,https://en.wikipedia.org/w/index.php?oldid=1360695256,Plot,2026-09-29T11:24:48Z,CC BY-SA 4.0,355,ok
tt0085615,amplio,1980-1989,T3,610,16,38.125,Q594307,1983,Thriller/crimen,"Crime,Drama,Mystery",3,True,True,1.0,enwiki dump 20260901,https://en.wikipedia.org/w/index.php?oldid=1371707966,Plot,2026-09-29T11:26:53Z,CC BY-SA 4.0,751,ok
tt0137799,amplio,1990-1999,T1,786,17,46.23529411764706,Q1547680,1998,Acción/aventura,"Action,Adventure,Drama",1,False,True,1.0,enwiki dump 20260901,https://en.wikipedia.org/w/index.php?oldid=1364508510,Plot,2026-09-29T11:26:53Z,CC BY-SA 4.0,137,ok
tt0099462,amplio,1990-1999,T1,786,17,46.23529411764706,Q4286132,1991,Acción/aventura,"Action,Comedy,Crime",1,False,True,1.0,enwiki dump 20260901,https://en.wikipedia.org/w/index.php?oldid=1361051229,Plot,2026-09-29T11:26:53Z,CC BY-SA 4.0,257,ok
tt0111701,amplio,1990-1999,T1,786,17,46.23529411764706,Q2626287,1994,Acción/aventura,"Adventure,Family",1,False,True,1.0,enwiki dump 20260901,https://en.wikipedia.org/w/index.php?oldid=1361603020,Plot,2026-09-29T11:26:54Z,CC BY-SA 4.0,708,ok
tt0113313,amplio,1990-1999,T1,786,17,46.23529411764706,Q490204,1996,Acción/aventura,"Action,Comedy,Crime",1,False,False,2.0,enwiki dump 20260901,https://en.wikipedia.org/w/index.php?oldid=1362688509,Plot,2026-09-29T11:26:54Z,CC BY-SA 4.0,142,ok
tt0114798,amplio,1990-1999,T1,786,17,46.23529411764706,Q2562722,1995,Comedia,"Comedy,Drama",1,False,True,1.0,enwiki dump 20260901,https://en.wikipedia.org/w/index.php?oldid=1371607327,Plot,2026-09-29T11:26:54Z,CC BY-SA 4.0,122,ok
tt0120531,amplio,1990-1999,T1,786,17,46.23529411764706,Q1324276,1998,Comedia,"Comedy,Romance",1,False,True,1.0,enwiki dump 20260901,https://en.wikipedia.org/w/index.php?oldid=1368764172,Plot,2026-09-29T11:26:54Z,CC BY-SA 4.0,352,ok
tt0118894,amplio,1990-1999,T1,786,17,46.23529411764706,Q835676,1998,Comedia,"Comedy,Drama,Romance",1,False,False,2.0,enwiki dump 20260901,https://en.wikipedia.org/w/index.php?oldid=1355175377,Plot,2026-09-29T11:26:54Z,CC BY-SA 4.0,602,ok
tt0106536,amplio,1990-1999,T1,786,17,46.23529411764706,Q4222846,1993,Comedia,Comedy,1,False,True,1.0,enwiki dump 20260901,https://en.wikipedia.org/w/index.php?oldid=1367625506,Plot,2026-09-29T11:26:54Z,CC BY-SA 4.0,207,ok
tt0119097,amplio,1990-1999,T1,786,17,46.23529411764706,Q5431567,1997,Comedia,Comedy,1,False,True,1.0,enwiki dump 20260901,https://en.wikipedia.org/w/index.php?oldid=1363721925,Plot,2026-09-29T11:26:55Z,CC BY-SA 4.0,126,ok
tt0115530,amplio,1990-1999,T1,786,17,46.23529411764706,Q463633,1996,Drama,Drama,1,False,False,2.0,enwiki dump 20260901,https://en.wikipedia.org/w/index.php?oldid=1344477868,Plot,2026-09-29T11:26:55Z,CC BY-SA 4.0,130,ok
tt0119052,amplio,1990-1999,T1,786,17,46.23529411764706,Q16250100,1997,Drama,Drama,1,False,True,1.0,enwiki dump 20260901,https://en.wikipedia.org/w/index.php?oldid=1370743873,Plot,2026-09-29T11:26:55Z,CC BY-SA 4.0,277,ok
tt0120257,amplio,1990-1999,T1,786,17,46.23529411764706,Q481851,1997,Romance,"Drama,Mystery,Romance",1,False,True,1.0,enwiki dump 20260901,https://en.wikipedia.org/w/index.php?oldid=1356365412,Plot,2026-09-29T11:26:55Z,CC BY-SA 4.0,976,ok
tt0120481,amplio,1990-1999,T1,786,17,46.23529411764706,Q2298501,1997,Romance,"Drama,Romance",1,False,True,1.0,enwiki dump 20260901,https://en.wikipedia.org/w/index.php?oldid=1339856193,Plot,2026-09-29T11:26:55Z,CC BY-SA 4.0,604,ok
tt0113043,amplio,1990-1999,T1,786,17,46.23529411764706,Q3518732,1995,Terror,Horror,1,False,True,1.0,enwiki dump 20260901,https://en.wikipedia.org/w/index.php?oldid=1368437529,Plot,2026-09-29T11:26:55Z,CC BY-SA 4.0,776,ok
tt0101502,amplio,1990-1999,T1,786,17,46.23529411764706,Q240194,1991,Terror,"Comedy,Horror,Sci-Fi",1,False,True,1.0,enwiki dump 20260901,https://en.wikipedia.org/w/index.php?oldid=1357992717,Synopsis,2026-09-29T11:26:55Z,CC BY-SA 4.0,138,ok
tt0105631,amplio,1990-1999,T1,786,17,46.23529411764706,Q744735,1992,Thriller/crimen,"Crime,Drama,Mystery",1,False,True,1.0,enwiki dump 20260901,https://en.wikipedia.org/w/index.php?oldid=1368472963,Plot,2026-09-29T11:26:56Z,CC BY-SA 4.0,408,ok
tt0111488,amplio,1990-1999,T1,786,17,46.23529411764706,Q2151912,1994,Thriller/crimen,"Crime,Drama,Thriller",1,False,True,1.0,enwiki dump 20260901,https://en.wikipedia.org/w/index.php?oldid=1366117447,Plot,2026-09-29T11:26:56Z,CC BY-SA 4.0,760,ok
tt0112760,amplio,1990-1999,T2,790,17,46.470588235294116,Q1051496,1995,Acción/aventura,"Action,Adventure,Comedy",2,False,False,4.0,enwiki dump 20260901,https://en.wikipedia.org/w/index.php?oldid=1371622917,Plot,2026-09-29T11:26:56Z,CC BY-SA 4.0,618,ok
tt0112602,amplio,1990-1999,T2,790,17,46.470588235294116,Q1629871,1995,Acción/aventura,"Adventure,Comedy,Crime",2,False,True,1.0,enwiki dump 20260901,https://en.wikipedia.org/w/index.php?oldid=1357094251,Plot,2026-09-29T11:26:56Z,CC BY-SA 4.0,702,ok
tt0176269,amplio,1990-1999,T2,790,17,46.470588235294116,Q225958,1999,Acción/aventura,"Action,Sci-Fi",2,False,True,1.0,enwiki dump 20260901,https://en.wikipedia.org/w/index.php?oldid=1364872021,Plot,2026-09-29T11:26:56Z,CC BY-SA 4.0,669,ok
tt0120383,amplio,1990-1999,T2,790,17,46.470588235294116,Q2421666,1997,Acción/aventura,"Action,Crime,Drama",2,False,True,1.0,enwiki dump 20260901,https://en.wikipedia.org/w/index.php?oldid=1370709822,Plot,2026-09-29T11:26:56Z,CC BY-SA 4.0,277,ok
tt0107091,amplio,1990-1999,T2,790,17,46.470588235294116,Q238296,1993,Ciencia ficción/fantasía,"Comedy,Drama,Fantasy",2,False,True,1.0,enwiki dump 20260901,https://en.wikipedia.org/w/index.php?oldid=1365988924,Plot,2026-09-29T11:26:56Z,CC BY-SA 4.0,878,ok
tt0102011,amplio,1990-1999,T2,790,17,46.470588235294116,Q127760,1991,Comedia,"Comedy,Drama,Romance",2,False,True,1.0,enwiki dump 20260901,https://en.wikipedia.org/w/index.php?oldid=1364344917,Plot,2026-09-29T11:26:56Z,CC BY-SA 4.0,496,ok
tt0168501,amplio,1990-1999,T2,790,17,46.470588235294116,Q1483532,1999,Comedia,"Comedy,Drama,Romance",2,False,True,1.0,enwiki dump 20260901,https://en.wikipedia.org/w/index.php?oldid=1368353470,Plot,2026-09-29T11:26:57Z,CC BY-SA 4.0,650,ok
tt0106500,amplio,1990-1999,T2,790,17,46.470588235294116,Q2043208,1993,Comedia,"Comedy,Music",2,False,True,1.0,enwiki dump 20260901,https://en.wikipedia.org/w/index.php?oldid=1360382415,Plot,2026-09-29T11:26:57Z,CC BY-SA 4.0,454,ok
tt0112368,amplio,1990-1999,T2,790,17,46.470588235294116,Q329145,1995,Comedia,"Comedy,Drama",2,False,False,3.0,enwiki dump 20260901,https://en.wikipedia.org/w/index.php?oldid=1359572909,Plot,2026-09-29T11:26:57Z,CC BY-SA 4.0,800,ok
tt0130121,amplio,1990-1999,T2,790,17,46.470588235294116,Q1756554,1999,Comedia,"Comedy,Crime,Romance",2,False,False,2.0,enwiki dump 20260901,https://en.wikipedia.org/w/index.php?oldid=1369897015,Plot,2026-09-29T11:26:57Z,CC BY-SA 4.0,357,ok
tt0119214,amplio,1990-1999,T2,790,17,46.470588235294116,Q1192024,1997,Comedia,"Comedy,Crime",2,False,True,1.0,enwiki dump 20260901,https://en.wikipedia.org/w/index.php?oldid=1362137969,Plot,2026-09-29T11:26:57Z,CC BY-SA 4.0,598,ok
tt0114134,amplio,1990-1999,T2,790,17,46.470588235294116,Q1211345,1996,Drama,Drama,2,False,False,5.0,enwiki dump 20260901,https://en.wikipedia.org/w/index.php?oldid=1364127760,Plot,2026-09-29T11:26:57Z,CC BY-SA 4.0,1754,ok
tt0119125,amplio,1990-1999,T2,790,17,46.470588235294116,Q841452,1997,Romance,"Drama,Romance",2,False,False,3.0,enwiki dump 20260901,https://en.wikipedia.org/w/index.php?oldid=1339228625,Plot,2026-09-29T11:26:57Z,CC BY-SA 4.0,798,ok
tt0114609,amplio,1990-1999,T2,790,17,46.470588235294116,Q3980396,1995,Terror,"Crime,Drama,Horror",2,False,True,1.0,enwiki dump 20260901,https://en.wikipedia.org/w/index.php?oldid=1371056104,Plot,2026-09-29T11:26:58Z,CC BY-SA 4.0,2356,ok
tt0138703,amplio,1990-1999,T2,790,17,46.470588235294116,Q1595630,1998,Terror,"Fantasy,Horror,Sci-Fi",2,False,True,1.0,enwiki dump 20260901,https://en.wikipedia.org/w/index.php?oldid=1365035562,Plot,2026-09-29T11:26:58Z,CC BY-SA 4.0,594,ok
tt0139668,amplio,1990-1999,T2,790,17,46.470588235294116,Q1305799,1999,Thriller/crimen,"Crime,Drama,Mystery",2,False,True,1.0,enwiki dump 20260901,https://en.wikipedia.org/w/index.php?oldid=1367224380,Plot,2026-09-29T11:26:58Z,CC BY-SA 4.0,545,ok
tt0104549,amplio,1990-1999,T2,790,17,46.470588235294116,Q731776,1992,Thriller/crimen,"Crime,Drama,Mystery",2,False,True,1.0,enwiki dump 20260901,https://en.wikipedia.org/w/index.php?oldid=1358848518,Plot,2026-09-29T11:26:58Z,CC BY-SA 4.0,517,ok
tt0120738,amplio,1990-1999,T3,792,16,49.5,Q502908,1998,Acción/aventura,"Action,Adventure,Sci-Fi",3,False,True,1.0,enwiki dump 20260901,https://en.wikipedia.org/w/index.php?oldid=1368292131,Plot,2026-09-29T11:26:58Z,CC BY-SA 4.0,1501,ok
tt0120783,amplio,1990-1999,T3,792,16,49.5,Q729782,1998,Acción/aventura,"Adventure,Comedy,Drama",3,True,False,2.0,enwiki dump 20260901,https://en.wikipedia.org/w/index.php?oldid=1370230737,Plot,2026-09-29T11:25:00Z,CC BY-SA 4.0,617,ok
tt0119664,amplio,1990-1999,T3,792,16,49.5,Q1858277,1997,Acción/aventura,"Action,Comedy,Crime",3,False,True,1.0,enwiki dump 20260901,https://en.wikipedia.org/w/index.php?oldid=1350848119,Plot,2026-09-29T11:26:58Z,CC BY-SA 4.0,482,ok
tt0116277,amplio,1990-1999,T3,792,16,49.5,Q390299,1996,Acción/aventura,"Action,Drama,Sport",3,False,True,1.0,enwiki dump 20260901,https://en.wikipedia.org/w/index.php?oldid=1372420769,Plot,2026-09-29T11:26:58Z,CC BY-SA 4.0,649,ok
tt0120177,amplio,1990-1999,T3,792,16,49.5,Q1474393,1997,Acción/aventura,"Action,Crime,Drama",3,False,True,1.0,enwiki dump 20260901,https://en.wikipedia.org/w/index.php?oldid=1369727446,Plot,2026-09-29T11:26:58Z,CC BY-SA 4.0,493,ok
tt0101414,amplio,1990-1999,T3,792,16,49.5,Q179673,1991,Animación,"Animation,Family,Fantasy",3,True,True,1.0,enwiki dump 20260901,https://en.wikipedia.org/w/index.php?oldid=1372673450,Plot,2026-09-29T11:26:59Z,CC BY-SA 4.0,539,ok
tt0099487,amplio,1990-1999,T3,792,16,49.5,Q217182,1990,Ciencia ficción/fantasía,"Drama,Fantasy,Romance",3,True,True,1.0,enwiki dump 20260901,https://en.wikipedia.org/w/index.php?oldid=1371113998,Plot,2026-09-29T11:26:59Z,CC BY-SA 4.0,705,ok
tt0100419,amplio,1990-1999,T3,792,16,49.5,Q2075493,1990,Comedia,"Comedy,Family",3,True,True,1.0,enwiki dump 20260901,https://en.wikipedia.org/w/index.php?oldid=1370719167,Plot,2026-09-29T11:26:59Z,CC BY-SA 4.0,642,ok
tt0139699,amplio,1990-1999,T3,792,16,49.5,Q549889,1999,Comedia,"Comedy,Drama,Romance",3,False,True,1.0,enwiki dump 20260901,https://en.wikipedia.org/w/index.php?oldid=1371858651,Plot,2026-09-29T11:26:59Z,CC BY-SA 4.0,689,ok
tt0109127,amplio,1990-1999,T3,792,16,49.5,Q659037,1994,Comedia,"Comedy,Drama,Family",3,False,True,1.0,enwiki dump 20260901,https://en.wikipedia.org/w/index.php?oldid=1372771116,Plot,2026-09-29T11:27:00Z,CC BY-SA 4.0,788,ok
tt0124819,amplio,1990-1999,T3,792,16,49.5,Q691785,1997,Comedia,Comedy,3,False,True,1.0,enwiki dump 20260901,https://en.wikipedia.org/w/index.php?oldid=1371694591,Plot,2026-09-29T11:27:00Z,CC BY-SA 4.0,589,ok
tt0107818,amplio,1990-1999,T3,792,16,49.5,Q204057,1993,Drama,Drama,3,True,True,1.0,enwiki dump 20260901,https://en.wikipedia.org/w/index.php?oldid=1371702551,Plot,2026-09-29T11:27:00Z,CC BY-SA 4.0,452,ok
tt0102388,amplio,1990-1999,T3,792,16,49.5,Q1195571,1991,Romance,"Drama,Romance",3,False,True,1.0,enwiki dump 20260901,https://en.wikipedia.org/w/index.php?oldid=1359572820,Plot,2026-09-29T11:27:00Z,CC BY-SA 4.0,742,ok
tt0110978,amplio,1990-1999,T3,792,16,49.5,Q334179,1994,Terror,"Comedy,Horror,Thriller",3,False,True,1.0,enwiki dump 20260901,https://en.wikipedia.org/w/index.php?oldid=1366655781,Plot,2026-09-29T11:27:00Z,CC BY-SA 4.0,678,ok
tt0116287,amplio,1990-1999,T3,792,16,49.5,Q1070275,1996,Thriller/crimen,"Drama,Thriller",3,True,True,1.0,enwiki dump 20260901,https://en.wikipedia.org/w/index.php?oldid=1368927182,Plot,2026-09-29T11:27:00Z,CC BY-SA 4.0,654,ok
tt0119396,amplio,1990-1999,T3,792,16,49.5,Q431252,1997,Thriller/crimen,"Crime,Drama,Thriller",3,True,True,1.0,enwiki dump 20260901,https://en.wikipedia.org/w/index.php?oldid=1362480041,Plot,2026-09-29T11:27:00Z,CC BY-SA 4.0,639,ok
tt0181836,amplio,2000-2009,T1,1108,17,65.17647058823529,Q1342121,2000,Acción/aventura,"Action,Comedy,Fantasy",1,False,True,1.0,enwiki dump 20260901,https://en.wikipedia.org/w/index.php?oldid=1354093769,Plot,2026-09-29T11:27:01Z,CC BY-SA 4.0,372,ok
tt0312700,amplio,2000-2009,T1,1108,17,65.17647058823529,Q1735808,2003,Acción/aventura,"Action,Thriller",1,False,True,1.0,enwiki dump 20260901,https://en.wikipedia.org/w/index.php?oldid=1348702746,Plot,2026-09-29T11:27:01Z,CC BY-SA 4.0,238,ok
tt0263265,amplio,2000-2009,T1,1108,17,65.17647058823529,Q1115508,2003,Ciencia ficción/fantasía,"Comedy,Drama,Fantasy",1,False,True,1.0,enwiki dump 20260901,https://en.wikipedia.org/w/index.php?oldid=1351998646,Plot,2026-09-29T11:27:01Z,CC BY-SA 4.0,171,ok
tt0365480,amplio,2000-2009,T1,1108,17,65.17647058823529,Q178826,2004,Comedia,"Comedy,Drama",1,False,True,1.0,enwiki dump 20260901,https://en.wikipedia.org/w/index.php?oldid=1368336579,Plot,2026-09-29T11:27:01Z,CC BY-SA 4.0,327,ok
tt0360016,amplio,2000-2009,T1,1108,17,65.17647058823529,Q3496602,2005,Comedia,"Comedy,Drama,Romance",1,False,True,1.0,enwiki dump 20260901,https://en.wikipedia.org/w/index.php?oldid=1362370209,Plot,2026-09-29T11:27:01Z,CC BY-SA 4.0,452,ok
tt0867591,amplio,2000-2009,T1,1108,17,65.17647058823529,Q3487063,2008,Comedia,"Comedy,Drama",1,False,True,1.0,enwiki dump 20260901,https://en.wikipedia.org/w/index.php?oldid=1368418459,Plot,2026-09-29T11:27:02Z,CC BY-SA 4.0,183,ok
tt0970935,amplio,2000-2009,T1,1108,17,65.17647058823529,Q5506258,2007,Comedia,"Comedy,Drama",1,False,True,1.0,enwiki dump 20260901,https://en.wikipedia.org/w/index.php?oldid=1368320487,Plot summary,2026-09-29T11:27:02Z,CC BY-SA 4.0,148,ok
tt0342167,amplio,2000-2009,T1,1108,17,65.17647058823529,Q5026942,2003,Comedia,"Comedy,Drama,Musical",1,False,True,1.0,enwiki dump 20260901,https://en.wikipedia.org/w/index.php?oldid=1371661109,Plot,2026-09-29T11:27:02Z,CC BY-SA 4.0,534,ok
tt0449018,amplio,2000-2009,T1,1108,17,65.17647058823529,Q1601681,2007,Drama,"Drama,Sport",1,False,True,1.0,enwiki dump 20260901,https://en.wikipedia.org/w/index.php?oldid=1370693064,Plot,2026-09-29T11:27:02Z,CC BY-SA 4.0,319,ok
tt0315775,amplio,2000-2009,T1,1108,17,65.17647058823529,Q4768146,2003,Drama,Drama,1,False,True,1.0,enwiki dump 20260901,https://en.wikipedia.org/w/index.php?oldid=1372693313,Plot,2026-09-29T11:27:02Z,CC BY-SA 4.0,258,ok
tt0838233,amplio,2000-2009,T1,1108,17,65.17647058823529,Q1342267,2007,Drama,Drama,1,False,True,1.0,enwiki dump 20260901,https://en.wikipedia.org/w/index.php?oldid=1355366543,Plot,2026-09-29T11:27:02Z,CC BY-SA 4.0,229,ok
tt0826756,amplio,2000-2009,T1,1108,17,65.17647058823529,Q3566678,2008,Romance,"Drama,Romance",1,False,True,1.0,enwiki dump 20260901,https://en.wikipedia.org/w/index.php?oldid=1372409213,Plot,2026-09-29T11:27:03Z,CC BY-SA 4.0,139,ok
tt1043844,amplio,2000-2009,T1,1108,17,65.17647058823529,Q5422750,2009,Terror,"Action,Crime,Horror",1,False,True,1.0,enwiki dump 20260901,https://en.wikipedia.org/w/index.php?oldid=1368318387,Plot,2026-09-29T11:27:03Z,CC BY-SA 4.0,1060,ok
tt1050001,amplio,2000-2009,T1,1108,17,65.17647058823529,Q288922,2009,Terror,Horror,1,False,True,1.0,enwiki dump 20260901,https://en.wikipedia.org/w/index.php?oldid=1370649389,Plot,2026-09-29T11:27:03Z,CC BY-SA 4.0,348,ok
tt1137999,amplio,2000-2009,T1,1108,17,65.17647058823529,Q4927692,2009,Terror,"Drama,Horror,Thriller",1,False,True,1.0,enwiki dump 20260901,https://en.wikipedia.org/w/index.php?oldid=1339862326,Plot,2026-09-29T11:27:03Z,CC BY-SA 4.0,681,ok
tt1121786,amplio,2000-2009,T1,1108,17,65.17647058823529,Q5362423,2009,Thriller/crimen,Thriller,1,False,True,1.0,enwiki dump 20260901,https://en.wikipedia.org/w/index.php?oldid=1359594922,Premise,2026-09-29T11:27:03Z,CC BY-SA 4.0,235,ok
tt0454879,amplio,2000-2009,T1,1108,17,65.17647058823529,Q726688,2006,Thriller/crimen,"Crime,Drama,Thriller",1,False,False,3.0,enwiki dump 20260901,https://en.wikipedia.org/w/index.php?oldid=1343694946,Plot,2026-09-29T11:27:04Z,CC BY-SA 4.0,179,ok
tt0358294,amplio,2000-2009,T2,1111,17,65.3529411764706,Q1671523,2005,Acción/aventura,"Action,Thriller",2,False,False,2.0,enwiki dump 20260901,https://en.wikipedia.org/w/index.php?oldid=1372732526,Plot,2026-09-29T11:27:04Z,CC BY-SA 4.0,605,ok
tt0444628,amplio,2000-2009,T2,1111,17,65.3529411764706,Q1398997,2006,Acción/aventura,"Action,Comedy,Thriller",2,False,False,2.0,enwiki dump 20260901,https://en.wikipedia.org/w/index.php?oldid=1367778137,Plot,2026-09-29T11:27:04Z,CC BY-SA 4.0,176,ok
tt0184907,amplio,2000-2009,T2,1111,17,65.3529411764706,Q1296385,2000,Acción/aventura,"Adventure,Comedy,Family",2,False,True,1.0,enwiki dump 20260901,https://en.wikipedia.org/w/index.php?oldid=1369949720,Plot,2026-09-29T11:27:04Z,CC BY-SA 4.0,674,ok
tt0308506,amplio,2000-2009,T2,1111,17,65.3529411764706,Q1752897,2002,Ciencia ficción/fantasía,"Comedy,Family,Fantasy",2,False,True,1.0,enwiki dump 20260901,https://en.wikipedia.org/w/index.php?oldid=1369948851,Plot,2026-09-29T11:27:04Z,CC BY-SA 4.0,696,ok
tt0198386,amplio,2000-2009,T2,1111,17,65.3529411764706,Q2481442,2000,Comedia,"Comedy,Crime",2,False,True,1.0,enwiki dump 20260901,https://en.wikipedia.org/w/index.php?oldid=1340855632,Plot,2026-09-29T11:27:04Z,CC BY-SA 4.0,445,ok
tt0270980,amplio,2000-2009,T2,1111,17,65.3529411764706,Q1338266,2003,Comedia,"Comedy,Romance",2,False,True,1.0,enwiki dump 20260901,https://en.wikipedia.org/w/index.php?oldid=1342454816,Plot,2026-09-29T11:27:04Z,CC BY-SA 4.0,506,ok
tt0314676,amplio,2000-2009,T2,1111,17,65.3529411764706,Q2030510,2003,Comedia,"Comedy,Crime,Musical",2,False,True,1.0,enwiki dump 20260901,https://en.wikipedia.org/w/index.php?oldid=1367626810,Plot,2026-09-29T11:27:04Z,CC BY-SA 4.0,425,ok
tt0454987,amplio,2000-2009,T2,1111,17,65.3529411764706,Q303977,2006,Comedia,"Comedy,Crime",2,False,True,1.0,enwiki dump 20260901,https://en.wikipedia.org/w/index.php?oldid=1369804102,Plot,2026-09-29T11:27:05Z,CC BY-SA 4.0,673,ok
tt0337592,amplio,2000-2009,T2,1111,17,65.3529411764706,Q612174,2003,Comedia,"Comedy,Drama,Romance",2,False,True,1.0,enwiki dump 20260901,https://en.wikipedia.org/w/index.php?oldid=1370590415,Plot,2026-09-29T11:27:05Z,CC BY-SA 4.0,718,ok
tt0234137,amplio,2000-2009,T2,1111,17,65.3529411764706,Q1466520,2000,Comedia,"Comedy,Drama,Romance",2,False,True,1.0,enwiki dump 20260901,https://en.wikipedia.org/w/index.php?oldid=1339130198,Plot,2026-09-29T11:27:05Z,CC BY-SA 4.0,619,ok
tt0787523,amplio,2000-2009,T2,1111,17,65.3529411764706,Q1628899,2007,Drama,Drama,2,False,True,1.0,enwiki dump 20260901,https://en.wikipedia.org/w/index.php?oldid=1360999646,Plot,2026-09-29T11:27:05Z,CC BY-SA 4.0,570,ok
tt0352277,amplio,2000-2009,T2,1111,17,65.3529411764706,Q595612,2004,Drama,"Biography,Drama,Music",2,False,False,2.0,enwiki dump 20260901,https://en.wikipedia.org/w/index.php?oldid=1370835167,Plot,2026-09-29T11:27:05Z,CC BY-SA 4.0,321,ok
tt0384686,amplio,2000-2009,T2,1111,17,65.3529411764706,Q332086,2005,Romance,"Drama,History,Romance",2,False,False,2.0,enwiki dump 20260901,https://en.wikipedia.org/w/index.php?oldid=1358814812,Plot,2026-09-29T11:27:05Z,CC BY-SA 4.0,654,ok
tt0482599,amplio,2000-2009,T2,1111,17,65.3529411764706,Q659756,2008,Terror,"Horror,Mystery,Thriller",2,False,True,1.0,enwiki dump 20260901,https://en.wikipedia.org/w/index.php?oldid=1367538288,Plot,2026-09-29T11:27:05Z,CC BY-SA 4.0,532,ok
tt0479528,amplio,2000-2009,T2,1111,17,65.3529411764706,Q1515931,2007,Terror,"Action,Drama,Horror",2,False,False,2.0,enwiki dump 20260901,https://en.wikipedia.org/w/index.php?oldid=1372042829,Plot,2026-09-29T11:27:06Z,CC BY-SA 4.0,655,ok
tt0454792,amplio,2000-2009,T2,1111,17,65.3529411764706,Q2620666,2005,Thriller/crimen,"Crime,Drama,Mystery",2,False,True,1.0,enwiki dump 20260901,https://en.wikipedia.org/w/index.php?oldid=1358697709,Plot,2026-09-29T11:27:06Z,CC BY-SA 4.0,634,ok
tt1135092,amplio,2000-2009,T2,1111,17,65.3529411764706,Q192160,2009,Thriller/crimen,"Crime,Drama,Mystery",2,False,True,1.0,enwiki dump 20260901,https://en.wikipedia.org/w/index.php?oldid=1358698297,Plot,2026-09-29T11:27:06Z,CC BY-SA 4.0,445,ok
tt0317648,amplio,2000-2009,T3,1113,16,69.5625,Q977750,2004,Acción/aventura,"Action,Adventure,Biography",3,False,True,1.0,enwiki dump 20260901,https://en.wikipedia.org/w/index.php?oldid=1372530359,Plot,2026-09-29T11:27:06Z,CC BY-SA 4.0,627,ok
tt0234215,amplio,2000-2009,T3,1113,16,69.5625,Q189600,2003,Acción/aventura,"Action,Sci-Fi",3,True,True,1.0,enwiki dump 20260901,https://en.wikipedia.org/w/index.php?oldid=1372125630,Plot,2026-09-29T11:27:06Z,CC BY-SA 4.0,3116,ok
tt0988045,amplio,2000-2009,T3,1113,16,69.5625,Q200396,2009,Acción/aventura,"Action,Adventure,Mystery",3,True,False,4.0,enwiki dump 20260901,https://en.wikipedia.org/w/index.php?oldid=1365700018,Plot,2026-09-29T11:27:06Z,CC BY-SA 4.0,599,ok
tt0227538,amplio,2000-2009,T3,1113,16,69.5625,Q550581,2001,Acción/aventura,"Action,Adventure,Comedy",3,True,True,1.0,enwiki dump 20260901,https://en.wikipedia.org/w/index.php?oldid=1369949811,Plot,2026-09-29T11:27:07Z,CC BY-SA 4.0,716,ok
tt1111422,amplio,2000-2009,T3,1113,16,69.5625,Q869719,2009,Acción/aventura,"Action,Crime,Thriller",3,True,True,1.0,enwiki dump 20260901,https://en.wikipedia.org/w/index.php?oldid=1372160640,Plot,2026-09-29T11:27:07Z,CC BY-SA 4.0,735,ok
tt0844471,amplio,2000-2009,T3,1113,16,69.5625,Q637169,2009,Animación,"Adventure,Animation,Comedy",3,True,True,1.0,enwiki dump 20260901,https://en.wikipedia.org/w/index.php?oldid=1372027180,Plot,2026-09-29T11:27:07Z,CC BY-SA 4.0,593,ok
tt0304669,amplio,2000-2009,T3,1113,16,69.5625,Q1469426,2002,Ciencia ficción/fantasía,"Comedy,Family,Fantasy",3,False,True,1.0,enwiki dump 20260901,https://en.wikipedia.org/w/index.php?oldid=1371702007,Plot,2026-09-29T11:27:07Z,CC BY-SA 4.0,702,ok
tt0277371,amplio,2000-2009,T3,1113,16,69.5625,Q1145848,2001,Comedia,"Comedy,Romance",3,True,True,1.0,enwiki dump 20260901,https://en.wikipedia.org/w/index.php?oldid=1370804202,Plot,2026-09-29T11:27:07Z,CC BY-SA 4.0,551,ok
tt1114677,amplio,2000-2009,T3,1113,16,69.5625,Q220591,2009,Comedia,"Comedy,Drama,Family",3,False,True,1.0,enwiki dump 20260901,https://en.wikipedia.org/w/index.php?oldid=1369919224,Plot,2026-09-29T11:27:07Z,CC BY-SA 4.0,713,ok
tt0259446,amplio,2000-2009,T3,1113,16,69.5625,Q525415,2002,Comedia,"Comedy,Drama,Romance",3,True,False,2.0,enwiki dump 20260901,https://en.wikipedia.org/w/index.php?oldid=1372331278,Plot,2026-09-29T11:27:07Z,CC BY-SA 4.0,585,ok
tt0248667,amplio,2000-2009,T3,1113,16,69.5625,Q913545,2001,Drama,"Biography,Drama,Sport",3,False,True,1.0,enwiki dump 20260901,https://en.wikipedia.org/w/index.php?oldid=1371948127,Plot,2026-09-29T11:27:08Z,CC BY-SA 4.0,401,ok
tt0875034,amplio,2000-2009,T3,1113,16,69.5625,Q752989,2009,Romance,"Drama,Musical,Romance",3,False,False,2.0,enwiki dump 20260901,https://en.wikipedia.org/w/index.php?oldid=1367626973,Plot,2026-09-29T11:27:08Z,CC BY-SA 4.0,685,ok
tt0360486,amplio,2000-2009,T3,1113,16,69.5625,Q219150,2005,Terror,"Action,Fantasy,Horror",3,True,False,3.0,enwiki dump 20260901,https://en.wikipedia.org/w/index.php?oldid=1370199126,Plot,2026-09-29T11:27:08Z,CC BY-SA 4.0,615,ok
tt1144884,amplio,2000-2009,T3,1113,16,69.5625,Q858976,2009,Terror,"Horror,Thriller",3,False,True,1.0,enwiki dump 20260901,https://en.wikipedia.org/w/index.php?oldid=1371367381,Plot,2026-09-29T11:27:08Z,CC BY-SA 4.0,507,ok
tt0918927,amplio,2000-2009,T3,1113,16,69.5625,Q640450,2008,Thriller/crimen,"Drama,Mystery",3,False,True,1.0,enwiki dump 20260901,https://en.wikipedia.org/w/index.php?oldid=1364861260,Plot,2026-09-29T11:27:08Z,CC BY-SA 4.0,714,ok
tt0364045,amplio,2000-2009,T3,1113,16,69.5625,Q1480747,2004,Thriller/crimen,"Crime,Mystery,Thriller",3,False,False,3.0,enwiki dump 20260901,https://en.wikipedia.org/w/index.php?oldid=1366338574,Plot,2026-09-29T11:27:08Z,CC BY-SA 4.0,666,ok
tt7689052,amplio,2010-2019,T1,1498,17,88.11764705882354,Q44268586,2018,Acción/aventura,"Action,Comedy,Crime",1,False,True,1.0,enwiki dump 20260901,https://en.wikipedia.org/w/index.php?oldid=1369921686,Plot,2026-09-29T11:27:09Z,CC BY-SA 4.0,694,ok
tt5020372,amplio,2010-2019,T1,1498,17,88.11764705882354,Q28840470,2016,Acción/aventura,Action,1,False,True,1.0,enwiki dump 20260901,https://en.wikipedia.org/w/index.php?oldid=1354906962,Plot,2026-09-29T11:27:09Z,CC BY-SA 4.0,522,ok
tt2511190,amplio,2010-2019,T1,1498,17,88.11764705882354,Q17026103,2013,Ciencia ficción/fantasía,"Comedy,Family,Fantasy",1,False,True,1.0,enwiki dump 20260901,https://en.wikipedia.org/w/index.php?oldid=1368490404,Synopsis,2026-09-29T11:27:09Z,CC BY-SA 4.0,265,ok
tt2006721,amplio,2010-2019,T1,1498,17,88.11764705882354,Q17514350,2012,Comedia,"Comedy,Romance",1,False,True,1.0,enwiki dump 20260901,https://en.wikipedia.org/w/index.php?oldid=1339971326,Plot,2026-09-29T11:27:09Z,CC BY-SA 4.0,305,ok
tt2005164,amplio,2010-2019,T1,1498,17,88.11764705882354,Q27280205,2012,Comedia,"Comedy,Thriller",1,False,True,1.0,enwiki dump 20260901,https://en.wikipedia.org/w/index.php?oldid=1372428895,Plot,2026-09-29T11:27:10Z,CC BY-SA 4.0,1353,ok
tt2017486,amplio,2010-2019,T1,1498,17,88.11764705882354,Q16249394,2014,Comedia,"Comedy,Crime,Drama",1,False,False,3.0,enwiki dump 20260901,https://en.wikipedia.org/w/index.php?oldid=1339048227,Plot,2026-09-29T11:27:10Z,CC BY-SA 4.0,664,ok
tt1054631,amplio,2010-2019,T1,1498,17,88.11764705882354,Q3786997,2010,Comedia,Comedy,1,False,True,1.0,enwiki dump 20260901,https://en.wikipedia.org/w/index.php?oldid=1368326462,Plot,2026-09-29T11:27:10Z,CC BY-SA 4.0,148,ok
tt8759834,amplio,2010-2019,T1,1498,17,88.11764705882354,Q63450284,2019,Drama,Drama,1,False,True,1.0,enwiki dump 20260901,https://en.wikipedia.org/w/index.php?oldid=1361001987,Plot,2026-09-29T11:27:10Z,CC BY-SA 4.0,457,ok
tt1390398,amplio,2010-2019,T1,1498,17,88.11764705882354,Q12102774,2012,Drama,"Biography,Drama,History",1,False,True,1.0,enwiki dump 20260901,https://en.wikipedia.org/w/index.php?oldid=1339862147,Plot,2026-09-29T11:27:10Z,CC BY-SA 4.0,374,ok
tt6862538,amplio,2010-2019,T1,1498,17,88.11764705882354,Q104861269,2019,Drama,"Drama,Music",1,False,False,2.0,enwiki dump 20260901,https://en.wikipedia.org/w/index.php?oldid=1369818781,Plot,2026-09-29T11:27:10Z,CC BY-SA 4.0,977,ok
tt5701718,amplio,2010-2019,T1,1498,17,88.11764705882354,Q47036864,2017,Romance,"Drama,Romance,Thriller",1,False,True,1.0,enwiki dump 20260901,https://en.wikipedia.org/w/index.php?oldid=1368324373,Plot,2026-09-29T11:27:11Z,CC BY-SA 4.0,385,ok
tt1308748,amplio,2010-2019,T1,1498,17,88.11764705882354,Q4997889,2011,Terror,Horror,1,False,True,1.0,enwiki dump 20260901,https://en.wikipedia.org/w/index.php?oldid=1368174322,Plot,2026-09-29T11:27:11Z,CC BY-SA 4.0,434,ok
tt2236160,amplio,2010-2019,T1,1498,17,88.11764705882354,Q19263844,2015,Terror,"Horror,Thriller",1,False,True,1.0,enwiki dump 20260901,https://en.wikipedia.org/w/index.php?oldid=1368343197,Plot,2026-09-29T11:27:11Z,CC BY-SA 4.0,217,ok
tt3424690,amplio,2010-2019,T1,1498,17,88.11764705882354,Q28836832,2016,Terror,"Horror,Mystery,Thriller",1,False,True,1.0,enwiki dump 20260901,https://en.wikipedia.org/w/index.php?oldid=1368324040,Plot,2026-09-29T11:27:11Z,CC BY-SA 4.0,389,ok
tt5685006,amplio,2010-2019,T1,1498,17,88.11764705882354,Q56282670,2018,Terror,Horror,1,False,False,2.0,enwiki dump 20260901,https://en.wikipedia.org/w/index.php?oldid=1372125946,Plot,2026-09-29T11:27:11Z,CC BY-SA 4.0,648,ok
tt8906722,amplio,2010-2019,T1,1498,17,88.11764705882354,Q99694285,2019,Thriller/crimen,"Drama,Thriller",1,False,True,1.0,enwiki dump 20260901,https://en.wikipedia.org/w/index.php?oldid=1368443591,Plot,2026-09-29T11:27:11Z,CC BY-SA 4.0,232,ok
tt1719068,amplio,2010-2019,T1,1498,17,88.11764705882354,Q17513091,2012,Thriller/crimen,"Drama,Thriller",1,False,True,1.0,enwiki dump 20260901,https://en.wikipedia.org/w/index.php?oldid=1368668172,Plot,2026-09-29T11:27:11Z,CC BY-SA 4.0,469,ok
tt2511428,amplio,2010-2019,T2,1501,17,88.29411764705883,Q14945820,2013,Acción/aventura,"Action,Crime,Mystery",2,False,True,1.0,enwiki dump 20260901,https://en.wikipedia.org/w/index.php?oldid=1356957582,Plot,2026-09-29T11:27:11Z,CC BY-SA 4.0,533,ok
tt3212232,amplio,2010-2019,T2,1501,17,88.29411764705883,Q19880557,2016,Acción/aventura,"Action,Thriller",2,False,True,1.0,enwiki dump 20260901,https://en.wikipedia.org/w/index.php?oldid=1350817904,Plot,2026-09-29T11:27:11Z,CC BY-SA 4.0,695,ok
tt1747958,amplio,2010-2019,T2,1501,17,88.29411764705883,Q2906968,2013,Acción/aventura,"Action,Crime,Drama",2,False,False,2.0,enwiki dump 20260901,https://en.wikipedia.org/w/index.php?oldid=1348720314,Plot,2026-09-29T11:27:12Z,CC BY-SA 4.0,265,ok
tt7133686,amplio,2010-2019,T2,1501,17,88.29411764705883,Q56148489,2018,Animación,"Action,Adventure,Animation",2,False,False,6.0,enwiki dump 20260901,https://en.wikipedia.org/w/index.php?oldid=1370079750,Plot,2026-09-29T11:27:12Z,CC BY-SA 4.0,722,ok
tt2187884,amplio,2010-2019,T2,1501,17,88.29411764705883,Q5397048,2013,Ciencia ficción/fantasía,"Comedy,Drama,Fantasy",2,False,True,1.0,enwiki dump 20260901,https://en.wikipedia.org/w/index.php?oldid=1369297612,Plot,2026-09-29T11:27:12Z,CC BY-SA 4.0,637,ok
tt2417712,amplio,2010-2019,T2,1501,17,88.29411764705883,Q20649371,2017,Comedia,"Comedy,Sport",2,False,True,1.0,enwiki dump 20260901,https://en.wikipedia.org/w/index.php?oldid=1369243851,Plot,2026-09-29T11:27:12Z,CC BY-SA 4.0,614,ok
tt1906329,amplio,2010-2019,T2,1501,17,88.29411764705883,Q4802857,2013,Comedia,"Comedy,Drama",2,False,True,1.0,enwiki dump 20260901,https://en.wikipedia.org/w/index.php?oldid=1360897440,Plot,2026-09-29T11:27:12Z,CC BY-SA 4.0,630,ok
tt1483324,amplio,2010-2019,T2,1501,17,88.29411764705883,Q15622368,2013,Comedia,"Comedy,Romance",2,False,True,1.0,enwiki dump 20260901,https://en.wikipedia.org/w/index.php?oldid=1372676442,Plot,2026-09-29T11:27:12Z,CC BY-SA 4.0,474,ok
tt3824648,amplio,2010-2019,T2,1501,17,88.29411764705883,Q59304886,2019,Comedia,"Comedy,Drama",2,False,True,1.0,enwiki dump 20260901,https://en.wikipedia.org/w/index.php?oldid=1368305336,Plot,2026-09-29T11:27:12Z,CC BY-SA 4.0,688,ok
tt1172991,amplio,2010-2019,T2,1501,17,88.29411764705883,Q31791,2010,Drama,Drama,2,False,True,1.0,enwiki dump 20260901,https://en.wikipedia.org/w/index.php?oldid=1340471110,Plot,2026-09-29T11:27:13Z,CC BY-SA 4.0,429,ok
tt0460890,amplio,2010-2019,T2,1501,17,88.29411764705883,Q30521583,2017,Drama,Drama,2,False,True,1.0,enwiki dump 20260901,https://en.wikipedia.org/w/index.php?oldid=1371900561,Plot,2026-09-29T11:27:13Z,CC BY-SA 4.0,626,ok
tt4411596,amplio,2010-2019,T2,1501,17,88.29411764705883,Q27958095,2017,Romance,"Drama,Mystery,Romance",2,False,False,2.0,enwiki dump 20260901,https://en.wikipedia.org/w/index.php?oldid=1360935780,Plot,2026-09-29T11:27:13Z,CC BY-SA 4.0,614,ok
tt1883367,amplio,2010-2019,T2,1501,17,88.29411764705883,Q9358033,2015,Terror,"Comedy,Horror",2,False,False,3.0,enwiki dump 20260901,https://en.wikipedia.org/w/index.php?oldid=1371332629,Plot,2026-09-29T11:27:13Z,CC BY-SA 4.0,649,ok
tt1504403,amplio,2010-2019,T2,1501,17,88.29411764705883,Q2597321,2011,Terror,"Horror,Thriller",2,False,True,1.0,enwiki dump 20260901,https://en.wikipedia.org/w/index.php?oldid=1368326962,Plot,2026-09-29T11:27:13Z,CC BY-SA 4.0,726,ok
tt7959500,amplio,2010-2019,T2,1501,17,88.29411764705883,Q125774073,2018,Terror,Horror,2,False,True,1.0,enwiki dump 20260901,https://en.wikipedia.org/w/index.php?oldid=1354473207,Plot,2026-09-29T11:27:13Z,CC BY-SA 4.0,357,ok
tt0896872,amplio,2010-2019,T2,1501,17,88.29411764705883,Q701892,2010,Thriller/crimen,"Biography,Crime,Drama",2,False,False,3.0,enwiki dump 20260901,https://en.wikipedia.org/w/index.php?oldid=1366223101,Plot,2026-09-29T11:27:13Z,CC BY-SA 4.0,456,ok
tt3481634,amplio,2010-2019,T2,1501,17,88.29411764705883,Q28925836,2017,Thriller/crimen,"Drama,Thriller",2,False,True,1.0,enwiki dump 20260901,https://en.wikipedia.org/w/index.php?oldid=1368328465,Plot,2026-09-29T11:27:13Z,CC BY-SA 4.0,565,ok
tt1840309,amplio,2010-2019,T3,1504,16,94.0,Q8561227,2014,Acción/aventura,"Action,Adventure,Drama",3,True,True,1.0,enwiki dump 20260901,https://en.wikipedia.org/w/index.php?oldid=1371724615,Plot,2026-09-29T11:27:14Z,CC BY-SA 4.0,646,ok
tt1838544,amplio,2010-2019,T3,1504,16,94.0,Q1370999,2012,Acción/aventura,"Action,Adventure,Mystery",3,False,True,1.0,enwiki dump 20260901,https://en.wikipedia.org/w/index.php?oldid=1361333207,Plot,2026-09-29T11:27:14Z,CC BY-SA 4.0,404,ok
tt3799694,amplio,2010-2019,T3,1504,16,94.0,Q18415459,2016,Acción/aventura,"Action,Comedy,Crime",3,True,True,1.0,enwiki dump 20260901,https://en.wikipedia.org/w/index.php?oldid=1369760649,Plot,2026-09-29T11:27:14Z,CC BY-SA 4.0,729,ok
tt3369806,amplio,2010-2019,T3,1504,16,94.0,Q18152555,2015,Acción/aventura,"Adventure,Drama,Family",3,False,True,1.0,enwiki dump 20260901,https://en.wikipedia.org/w/index.php?oldid=1369334324,Plot,2026-09-29T11:27:14Z,CC BY-SA 4.0,560,ok
tt2990140,amplio,2010-2019,T3,1504,16,94.0,Q56615750,2018,Acción/aventura,"Adventure,Comedy,Family",3,False,True,1.0,enwiki dump 20260901,https://en.wikipedia.org/w/index.php?oldid=1371316544,Plot,2026-09-29T11:27:14Z,CC BY-SA 4.0,699,ok
tt5033998,amplio,2010-2019,T3,1504,16,94.0,Q55815650,2019,Acción/aventura,"Action,Adventure,Comedy",3,False,True,1.0,enwiki dump 20260901,https://en.wikipedia.org/w/index.php?oldid=1372453291,Plot,2026-09-29T11:27:14Z,CC BY-SA 4.0,613,ok
tt3416828,amplio,2010-2019,T3,1504,16,94.0,Q15965953,2016,Animación,"Action,Adventure,Animation",3,False,True,1.0,enwiki dump 20260901,https://en.wikipedia.org/w/index.php?oldid=1372767625,Plot,2026-09-29T11:27:14Z,CC BY-SA 4.0,635,ok
tt5783956,amplio,2010-2019,T3,1504,16,94.0,Q27703160,2018,Ciencia ficción/fantasía,"Comedy,Fantasy,Romance",3,False,True,1.0,enwiki dump 20260901,https://en.wikipedia.org/w/index.php?oldid=1368477384,Plot,2026-09-29T11:27:14Z,CC BY-SA 4.0,474,ok
tt3401882,amplio,2010-2019,T3,1504,16,94.0,Q21527653,2017,Comedia,Comedy,3,False,True,1.0,enwiki dump 20260901,https://en.wikipedia.org/w/index.php?oldid=1371115937,Plot,2026-09-29T11:27:15Z,CC BY-SA 4.0,698,ok
tt1727388,amplio,2010-2019,T3,1504,16,94.0,Q3560878,2013,Comedia,"Comedy,Drama",3,False,True,1.0,enwiki dump 20260901,https://en.wikipedia.org/w/index.php?oldid=1364488266,Plot,2026-09-29T11:27:15Z,CC BY-SA 4.0,593,ok
tt0884732,amplio,2010-2019,T3,1504,16,94.0,Q17049587,2015,Comedia,"Comedy,Romance",3,False,True,1.0,enwiki dump 20260901,https://en.wikipedia.org/w/index.php?oldid=1372809192,Plot,2026-09-29T11:27:15Z,CC BY-SA 4.0,699,ok
tt2994190,amplio,2010-2019,T3,1504,16,94.0,Q14944045,2014,Drama,"Drama,War",3,False,True,1.0,enwiki dump 20260901,https://en.wikipedia.org/w/index.php?oldid=1371089397,Plot,2026-09-29T11:27:15Z,CC BY-SA 4.0,414,ok
tt1247690,amplio,2010-2019,T3,1504,16,94.0,Q4417561,2014,Romance,"Drama,History,Romance",3,False,False,3.0,enwiki dump 20260901,https://en.wikipedia.org/w/index.php?oldid=1359141706,Plot,2026-09-29T11:27:15Z,CC BY-SA 4.0,657,ok
tt2490326,amplio,2010-2019,T3,1504,16,94.0,Q15040671,2014,Terror,"Action,Comedy,Horror",3,False,True,1.0,enwiki dump 20260901,https://en.wikipedia.org/w/index.php?oldid=1369808805,Plot,2026-09-29T11:27:15Z,CC BY-SA 4.0,871,ok
tt2473682,amplio,2010-2019,T3,1504,16,94.0,Q15120318,2014,Terror,"Horror,Mystery",3,False,True,1.0,enwiki dump 20260901,https://en.wikipedia.org/w/index.php?oldid=1371935713,Plot,2026-09-29T11:27:15Z,CC BY-SA 4.0,558,ok
tt1124035,amplio,2010-2019,T3,1504,16,94.0,Q543581,2011,Thriller/crimen,"Drama,Thriller",3,True,True,1.0,enwiki dump 20260901,https://en.wikipedia.org/w/index.php?oldid=1368365286,Plot,2026-09-29T11:27:15Z,CC BY-SA 4.0,504,ok
tt16368898,amplio,2020-2024,T1,641,17,37.705882352941174,Q115478009,2024,Acción/aventura,"Action,Thriller",1,False,True,1.0,enwiki dump 20260901,https://en.wikipedia.org/w/index.php?oldid=1339553442,Premise,2026-09-29T11:27:15Z,CC BY-SA 4.0,268,ok
tt12610794,amplio,2020-2024,T1,641,17,37.705882352941174,Q109941604,2022,Acción/aventura,"Action,Drama,Fantasy",1,False,True,1.0,enwiki dump 20260901,https://en.wikipedia.org/w/index.php?oldid=1340508648,Plot,2026-09-29T11:27:16Z,CC BY-SA 4.0,625,ok
tt14516188,amplio,2020-2024,T1,641,17,37.705882352941174,Q106880004,2021,Acción/aventura,"Action,Adventure,Sci-Fi",1,False,True,1.0,enwiki dump 20260901,https://en.wikipedia.org/w/index.php?oldid=1362800731,Plot,2026-09-29T11:27:16Z,CC BY-SA 4.0,705,ok
tt14636190,amplio,2020-2024,T1,641,17,37.705882352941174,Q113588515,2022,Animación,"Animation,Comedy",1,False,True,1.0,enwiki dump 20260901,https://en.wikipedia.org/w/index.php?oldid=1368497174,Plot,2026-09-29T11:27:16Z,CC BY-SA 4.0,746,ok
tt15301000,amplio,2020-2024,T1,641,17,37.705882352941174,Q117599056,2022,Ciencia ficción/fantasía,"Comedy,Drama,Fantasy",1,False,True,1.0,enwiki dump 20260901,https://en.wikipedia.org/w/index.php?oldid=1368724459,Plot,2026-09-29T11:27:16Z,CC BY-SA 4.0,532,ok
tt21275544,amplio,2020-2024,T1,641,17,37.705882352941174,Q119625136,2024,Comedia,"Comedy,Crime,Drama",1,False,True,1.0,enwiki dump 20260901,https://en.wikipedia.org/w/index.php?oldid=1367376502,Plot,2026-09-29T11:27:16Z,CC BY-SA 4.0,393,ok
tt18077924,amplio,2020-2024,T1,641,17,37.705882352941174,Q113002880,2023,Comedia,"Comedy,Mystery",1,False,True,1.0,enwiki dump 20260901,https://en.wikipedia.org/w/index.php?oldid=1358701123,Plot,2026-09-29T11:27:16Z,CC BY-SA 4.0,540,ok
tt17542540,amplio,2020-2024,T1,641,17,37.705882352941174,Q116205500,2022,Comedia,"Comedy,Romance",1,False,True,1.0,enwiki dump 20260901,https://en.wikipedia.org/w/index.php?oldid=1369647118,Plot,2026-09-29T11:27:16Z,CC BY-SA 4.0,435,ok
tt10887902,amplio,2020-2024,T1,641,17,37.705882352941174,Q66828718,2020,Comedia,"Comedy,Drama,Romance",1,False,True,1.0,enwiki dump 20260901,https://en.wikipedia.org/w/index.php?oldid=1350397063,Plot,2026-09-29T11:27:17Z,CC BY-SA 4.0,584,ok
tt6133444,amplio,2020-2024,T1,641,17,37.705882352941174,Q96378044,2024,Drama,"Biography,Drama,Sport",1,False,True,1.0,enwiki dump 20260901,https://en.wikipedia.org/w/index.php?oldid=1371861961,Plot,2026-09-29T11:27:17Z,CC BY-SA 4.0,193,ok
tt3993886,amplio,2020-2024,T1,641,17,37.705882352941174,Q55818683,2020,Drama,Drama,1,False,True,1.0,enwiki dump 20260901,https://en.wikipedia.org/w/index.php?oldid=1368301783,Plot,2026-09-29T11:27:17Z,CC BY-SA 4.0,267,ok
tt9098454,amplio,2020-2024,T1,641,17,37.705882352941174,Q106493012,2021,Drama,"Drama,Family",1,False,True,1.0,enwiki dump 20260901,https://en.wikipedia.org/w/index.php?oldid=1368439340,Plot,2026-09-29T11:27:17Z,CC BY-SA 4.0,280,ok
tt3986420,amplio,2020-2024,T1,641,17,37.705882352941174,Q105445730,2021,Romance,"Drama,Romance,Thriller",1,False,True,1.0,enwiki dump 20260901,https://en.wikipedia.org/w/index.php?oldid=1343491695,Plot,2026-09-29T11:27:17Z,CC BY-SA 4.0,718,ok
tt11272898,amplio,2020-2024,T1,641,17,37.705882352941174,Q104412858,2020,Terror,"Horror,Thriller",1,False,False,4.0,enwiki dump 20260901,https://en.wikipedia.org/w/index.php?oldid=1364990993,Plot,2026-09-29T11:27:18Z,CC BY-SA 4.0,674,ok
tt9365800,amplio,2020-2024,T1,641,17,37.705882352941174,Q104869933,2022,Terror,"Comedy,Fantasy,Horror",1,False,True,1.0,enwiki dump 20260901,https://en.wikipedia.org/w/index.php?oldid=1369635015,Plot,2026-09-29T11:27:19Z,CC BY-SA 4.0,385,ok
tt2256055,amplio,2020-2024,T1,641,17,37.705882352941174,Q120828163,2024,Terror,"Drama,Horror,Mystery",1,False,True,1.0,enwiki dump 20260901,https://en.wikipedia.org/w/index.php?oldid=1370313998,Plot,2026-09-29T11:27:19Z,CC BY-SA 4.0,616,ok
tt13889602,amplio,2020-2024,T1,641,17,37.705882352941174,Q105605313,2021,Thriller/crimen,"Crime,Thriller",1,False,True,1.0,enwiki dump 20260901,https://en.wikipedia.org/w/index.php?oldid=1353476449,Plot,2026-09-29T11:27:19Z,CC BY-SA 4.0,191,ok
tt15939198,amplio,2020-2024,T2,644,17,37.88235294117647,Q115616116,2024,Acción/aventura,"Action,Drama,History",2,False,False,2.0,enwiki dump 20260901,https://en.wikipedia.org/w/index.php?oldid=1369032419,Plot,2026-09-29T11:27:19Z,CC BY-SA 4.0,925,ok
tt4876134,amplio,2020-2024,T2,644,17,37.88235294117647,Q65121393,2021,Acción/aventura,"Action,Adventure,Comedy",2,False,True,1.0,enwiki dump 20260901,https://en.wikipedia.org/w/index.php?oldid=1341716156,Plot,2026-09-29T11:27:19Z,CC BY-SA 4.0,697,ok
tt26545708,amplio,2020-2024,T2,644,17,37.88235294117647,Q131920957,2024,Acción/aventura,"Action,Thriller",2,False,True,1.0,enwiki dump 20260901,https://en.wikipedia.org/w/index.php?oldid=1369638197,Plot,2026-09-29T11:27:20Z,CC BY-SA 4.0,626,ok
tt12851396,amplio,2020-2024,T2,644,17,37.88235294117647,Q107620059,2021,Animación,"Action,Adventure,Animation",2,False,True,1.0,enwiki dump 20260901,https://en.wikipedia.org/w/index.php?oldid=1370961842,Plot,2026-09-29T11:27:20Z,CC BY-SA 4.0,661,ok
tt14298328,amplio,2020-2024,T2,644,17,37.88235294117647,Q113504901,2022,Ciencia ficción/fantasía,"Comedy,Drama,Fantasy",2,False,True,1.0,enwiki dump 20260901,https://en.wikipedia.org/w/index.php?oldid=1372170651,Plot,2026-09-29T11:27:20Z,CC BY-SA 4.0,621,ok
tt32331377,amplio,2020-2024,T2,644,17,37.88235294117647,Q125861561,2024,Comedia,"Biography,Comedy",2,False,True,1.0,enwiki dump 20260901,https://en.wikipedia.org/w/index.php?oldid=1358195740,Plot,2026-09-29T11:27:20Z,CC BY-SA 4.0,559,ok
tt26546123,amplio,2020-2024,T2,644,17,37.88235294117647,Q124257974,2024,Comedia,"Comedy,Romance",2,False,True,1.0,enwiki dump 20260901,https://en.wikipedia.org/w/index.php?oldid=1359267464,Plot,2026-09-29T11:27:20Z,CC BY-SA 4.0,437,ok
tt15218000,amplio,2020-2024,T2,644,17,37.88235294117647,Q108101957,2022,Comedia,"Comedy,Romance",2,False,True,1.0,enwiki dump 20260901,https://en.wikipedia.org/w/index.php?oldid=1371286754,Plot,2026-09-29T11:27:20Z,CC BY-SA 4.0,687,ok
tt21276958,amplio,2020-2024,T2,644,17,37.88235294117647,Q123144594,2024,Comedia,Comedy,2,False,True,1.0,enwiki dump 20260901,https://en.wikipedia.org/w/index.php?oldid=1361648297,Plot,2026-09-29T11:27:20Z,CC BY-SA 4.0,605,ok
tt3864060,amplio,2020-2024,T2,644,17,37.88235294117647,Q124117129,2024,Drama,"Drama,Sport",2,False,True,1.0,enwiki dump 20260901,https://en.wikipedia.org/w/index.php?oldid=1366722410,Plot,2026-09-29T11:27:20Z,CC BY-SA 4.0,292,ok
tt4996328,amplio,2020-2024,T2,644,17,37.88235294117647,Q112124784,2024,Drama,"Biography,Drama",2,False,True,1.0,enwiki dump 20260901,https://en.wikipedia.org/w/index.php?oldid=1365505684,Plot,2026-09-29T11:27:21Z,CC BY-SA 4.0,703,ok
tt8045906,amplio,2020-2024,T2,644,17,37.88235294117647,Q56604167,2020,Romance,"Drama,Romance",2,False,True,1.0,enwiki dump 20260901,https://en.wikipedia.org/w/index.php?oldid=1370341351,Plot,2026-09-29T11:27:21Z,CC BY-SA 4.0,661,ok
tt11628854,amplio,2020-2024,T2,644,17,37.88235294117647,Q85801170,2021,Terror,"Comedy,Drama,Horror",2,False,False,2.0,enwiki dump 20260901,https://en.wikipedia.org/w/index.php?oldid=1367786160,Plot,2026-09-29T11:27:21Z,CC BY-SA 4.0,654,ok
tt1830643,amplio,2020-2024,T2,644,17,37.88235294117647,Q85867288,2020,Terror,"Horror,Mystery,Thriller",2,False,True,1.0,enwiki dump 20260901,https://en.wikipedia.org/w/index.php?oldid=1363013410,Plot,2026-09-29T11:27:21Z,CC BY-SA 4.0,703,ok
tt7510346,amplio,2020-2024,T2,644,17,37.88235294117647,Q52151357,2020,Terror,"Drama,Horror,Mystery",2,False,True,1.0,enwiki dump 20260901,https://en.wikipedia.org/w/index.php?oldid=1359802605,Plot,2026-09-29T11:27:21Z,CC BY-SA 4.0,528,ok
tt15374070,amplio,2020-2024,T2,644,17,37.88235294117647,Q110535538,2022,Terror,"Comedy,Horror,Music",2,False,True,1.0,enwiki dump 20260901,https://en.wikipedia.org/w/index.php?oldid=1360689500,Plot,2026-09-29T11:27:21Z,CC BY-SA 4.0,512,ok
tt11724920,amplio,2020-2024,T2,644,17,37.88235294117647,Q127869960,2024,Thriller/crimen,"Crime,Thriller",2,False,True,1.0,enwiki dump 20260901,https://en.wikipedia.org/w/index.php?oldid=1369665267,Plot,2026-09-29T11:27:21Z,CC BY-SA 4.0,265,ok
tt9376612,amplio,2020-2024,T3,645,16,40.3125,Q65768589,2021,Acción/aventura,"Action,Adventure,Fantasy",3,True,True,1.0,enwiki dump 20260901,https://en.wikipedia.org/w/index.php?oldid=1372842911,Plot,2026-09-29T11:26:17Z,CC BY-SA 4.0,681,ok
tt2222042,amplio,2020-2024,T3,645,16,40.3125,Q62761126,2020,Acción/aventura,"Action,Adventure,Comedy",3,True,True,1.0,enwiki dump 20260901,https://en.wikipedia.org/w/index.php?oldid=1369992125,Plot,2026-09-29T11:27:21Z,CC BY-SA 4.0,705,ok
tt15153532,amplio,2020-2024,T3,645,16,40.3125,Q111340524,2023,Acción/aventura,"Adventure,Comedy",3,False,True,1.0,enwiki dump 20260901,https://en.wikipedia.org/w/index.php?oldid=1370716034,Plot,2026-09-29T11:27:21Z,CC BY-SA 4.0,465,ok
tt14998742,amplio,2020-2024,T3,645,16,40.3125,Q111629600,2023,Acción/aventura,"Action,Adventure,Drama",3,True,True,1.0,enwiki dump 20260901,https://en.wikipedia.org/w/index.php?oldid=1367785917,Plot,2026-09-29T11:26:23Z,CC BY-SA 4.0,620,ok
tt11274492,amplio,2020-2024,T3,645,16,40.3125,Q111972952,2023,Acción/aventura,"Action,Comedy,Crime",3,False,True,1.0,enwiki dump 20260901,https://en.wikipedia.org/w/index.php?oldid=1372733573,Plot,2026-09-29T11:27:22Z,CC BY-SA 4.0,680,ok
tt19864802,amplio,2020-2024,T3,645,16,40.3125,Q117176605,2024,Acción/aventura,"Action,Thriller",3,False,True,1.0,enwiki dump 20260901,https://en.wikipedia.org/w/index.php?oldid=1371999696,Plot,2026-09-29T11:27:22Z,CC BY-SA 4.0,564,ok
tt7504818,amplio,2020-2024,T3,645,16,40.3125,Q106299119,2021,Animación,"Adventure,Animation,Comedy",3,False,False,2.0,enwiki dump 20260901,https://en.wikipedia.org/w/index.php?oldid=1369922991,Plot,2026-09-29T11:27:22Z,CC BY-SA 4.0,858,ok
tt18559464,amplio,2020-2024,T3,645,16,40.3125,Q119206819,2024,Ciencia ficción/fantasía,"Comedy,Drama,Fantasy",3,False,True,1.0,enwiki dump 20260901,https://en.wikipedia.org/w/index.php?oldid=1363539912,Plot,2026-09-29T11:27:22Z,CC BY-SA 4.0,699,ok
tt4733624,amplio,2020-2024,T3,645,16,40.3125,Q65032686,2021,Comedia,"Comedy,Drama",3,False,True,1.0,enwiki dump 20260901,https://en.wikipedia.org/w/index.php?oldid=1365938064,Plot,2026-09-29T11:27:22Z,CC BY-SA 4.0,439,ok
tt11252248,amplio,2020-2024,T3,645,16,40.3125,Q104843787,2022,Comedia,"Comedy,Drama",3,False,True,1.0,enwiki dump 20260901,https://en.wikipedia.org/w/index.php?oldid=1370672589,Plot,2026-09-29T11:27:22Z,CC BY-SA 4.0,721,ok
tt8521778,amplio,2020-2024,T3,645,16,40.3125,Q112341432,2024,Drama,"Biography,Drama,Music",3,False,True,1.0,enwiki dump 20260901,https://en.wikipedia.org/w/index.php?oldid=1367628979,Plot,2026-09-29T11:27:22Z,CC BY-SA 4.0,472,ok
tt22375054,amplio,2020-2024,T3,645,16,40.3125,Q122871525,2023,Terror,"Horror,Thriller",3,False,True,1.0,enwiki dump 20260901,https://en.wikipedia.org/w/index.php?oldid=1363662904,Plot,2026-09-29T11:27:22Z,CC BY-SA 4.0,804,ok
tt14537248,amplio,2020-2024,T3,645,16,40.3125,Q117842622,2023,Terror,"Drama,Horror,Thriller",3,False,True,1.0,enwiki dump 20260901,https://en.wikipedia.org/w/index.php?oldid=1360691945,Plot,2026-09-29T11:27:22Z,CC BY-SA 4.0,1011,ok
tt5867314,amplio,2020-2024,T3,645,16,40.3125,Q39069693,2020,Terror,"Drama,Horror,Mystery",3,False,False,2.0,enwiki dump 20260901,https://en.wikipedia.org/w/index.php?oldid=1372782000,Plot,2026-09-29T11:27:23Z,CC BY-SA 4.0,755,ok
tt14128670,amplio,2020-2024,T3,645,16,40.3125,Q106363032,2022,Thriller/crimen,"Crime,Drama,Mystery",3,False,True,1.0,enwiki dump 20260901,https://en.wikipedia.org/w/index.php?oldid=1358660184,Plot,2026-09-29T11:27:23Z,CC BY-SA 4.0,555,ok
tt20215234,amplio,2020-2024,T3,645,16,40.3125,Q116701124,2024,Thriller/crimen,"Drama,Thriller",3,True,False,2.0,enwiki dump 20260901,https://en.wikipedia.org/w/index.php?oldid=1370703126,Plot,2026-09-29T11:26:45Z,CC BY-SA 4.0,571,ok
