tconst,year,cohort,genre_main,country_frame,votes_rank_in_year,in_v1,has_synopsis,us_only,synopsis_wiki
tt0080319,1980,1980-1989,Comedia,US,15,False,True,True,en
tt0080339,1980,1980-1989,Comedia,US,4,False,True,True,en
tt0080354,1980,1980-1989,Terror,US,37,False,True,True,en
tt0080360,1980,1980-1989,Terror,US,16,True,True,True,en
tt0080365,1980,1980-1989,Thriller/crimen,US,21,True,True,True,en
tt0080377,1980,1980-1989,Acción/aventura,US,27,False,True,True,en
tt0080388,1980,1980-1989,Romance,US,31,False,True,False,en
tt0080437,1980,1980-1989,Drama,US,26,False,True,True,en
tt0080453,1980,1980-1989,Acción/aventura,US,11,False,True,True,en
tt0080455,1980,1980-1989,Acción/aventura,US,6,True,True,True,en
tt0080472,1980,1980-1989,Acción/aventura,US,42,False,True,True,en
tt0080474,1980,1980-1989,Thriller/crimen,US,30,True,True,True,en
tt0080487,1980,1980-1989,Comedia,US,8,False,True,True,en
tt0080520,1980,1980-1989,Comedia,US,41,False,True,True,en
tt0080549,1980,1980-1989,Drama,US,29,True,True,True,en
tt0080569,1980,1980-1989,Thriller/crimen,US,20,False,True,False,en
tt0080661,1980,1980-1989,Thriller/crimen,US,14,True,True,True,en
tt0080678,1980,1980-1989,Drama,US,5,True,True,True,en
tt0080684,1980,1980-1989,Acción/aventura,US,1,True,True,True,en
tt0080716,1980,1980-1989,Drama,US,24,True,True,True,en
tt0080736,1980,1980-1989,Acción/aventura,US,23,True,True,True,en
tt0080745,1980,1980-1989,Acción/aventura,US,12,False,True,False,en
tt0080749,1980,1980-1989,Terror,US,10,True,True,True,en
tt0080761,1980,1980-1989,Terror,US,7,False,True,True,en
tt0080798,1980,1980-1989,Thriller/crimen,US,43,False,True,True,en
tt0080855,1980,1980-1989,Acción/aventura,US,32,False,True,True,en
tt0080904,1980,1980-1989,Terror,US,45,False,True,True,en
tt0081059,1980,1980-1989,Drama,US,34,False,True,True,en
tt0081071,1980,1980-1989,Thriller/crimen,US,40,False,True,True,en
tt0081114,1980,1980-1989,Terror,US,28,False,True,True,en
tt0081184,1980,1980-1989,Terror,US,39,True,True,True,en
tt0081207,1980,1980-1989,Comedia,US,48,False,True,True,en
tt0081283,1980,1980-1989,Drama,US,13,True,True,True,en
tt0081353,1980,1980-1989,Acción/aventura,US,17,False,True,True,en
tt0081375,1980,1980-1989,Comedia,US,22,True,True,True,en
tt0081398,1980,1980-1989,Drama,US,3,False,True,True,en
tt0081480,1980,1980-1989,Comedia,US,47,False,True,True,en
tt0081505,1980,1980-1989,Terror,US,2,True,True,False,en
tt0081506,1980,1980-1989,Acción/aventura,US,46,False,True,False,en
tt0081529,1980,1980-1989,Acción/aventura,US,33,False,True,True,en
tt0081534,1980,1980-1989,Ciencia ficción/fantasía,US,18,False,True,True,en
tt0081554,1980,1980-1989,Comedia,US,25,True,True,True,en
tt0081562,1980,1980-1989,Comedia,US,19,True,True,True,en
tt0081568,1980,1980-1989,Acción/aventura,US,49,True,True,True,en
tt0081573,1980,1980-1989,Acción/aventura,US,9,True,True,False,en
tt0081696,1980,1980-1989,Romance,US,36,False,True,True,en
tt0081698,1980,1980-1989,Comedia,US,35,False,True,True,en
tt0081748,1980,1980-1989,Comedia,US,44,False,True,True,en
tt0081777,1980,1980-1989,Ciencia ficción/fantasía,US,38,False,True,True,en
tt0081974,1981,1980-1989,Romance,US,36,True,True,True,en
tt0082010,1981,1980-1989,Terror,US,4,False,True,False,en
tt0082031,1981,1980-1989,Comedia,US,20,True,True,True,en
tt0082085,1981,1980-1989,Thriller/crimen,US,9,False,True,True,en
tt0082089,1981,1980-1989,Romance,US,16,False,True,True,en
tt0082118,1981,1980-1989,Terror,US,25,False,True,False,en
tt0082136,1981,1980-1989,Acción/aventura,US,17,True,True,True,en
tt0082186,1981,1980-1989,Acción/aventura,US,12,True,True,False,en
tt0082198,1982,1980-1989,Acción/aventura,US,7,False,True,True,en
tt0082242,1981,1980-1989,Terror,US,35,True,True,True,en
tt0082250,1982,1980-1989,Acción/aventura,US,37,False,True,True,en
tt0082288,1981,1980-1989,Acción/aventura,US,30,False,True,False,en
tt0082329,1981,1980-1989,Romance,US,44,True,True,True,en
tt0082334,1982,1980-1989,Terror,US,36,True,True,True,en
tt0082340,1981,1980-1989,Acción/aventura,US,3,False,True,True,en
tt0082348,1981,1980-1989,Acción/aventura,US,10,False,True,False,en
tt0082351,1981,1980-1989,Romance,US,40,False,True,False,en
tt0082377,1981,1980-1989,Terror,US,24,False,True,False,en
tt0082406,1981,1980-1989,Animación,US,6,True,True,True,en
tt0082416,1981,1980-1989,Romance,US,34,False,True,False,en
tt0082418,1981,1980-1989,Terror,US,7,True,True,True,en
tt0082427,1981,1980-1989,Terror,US,32,False,True,True,en
tt0082431,1981,1980-1989,Terror,US,46,False,True,False,en
tt0082449,1981,1980-1989,Terror,US,43,False,True,True,en
tt0082474,1981,1980-1989,Acción/aventura,US,33,False,True,False,en
tt0082495,1981,1980-1989,Terror,US,5,True,True,True,en
tt0082511,1981,1980-1989,Terror,US,49,False,True,True,en
tt0082517,1981,1980-1989,Comedia,US,11,True,True,True,en
tt0082533,1981,1980-1989,Terror,US,15,True,True,True,en
tt0082766,1981,1980-1989,Drama,US,31,True,True,True,en
tt0082776,1981,1980-1989,Thriller/crimen,US,37,False,True,True,en
tt0082783,1981,1980-1989,Comedia,US,21,False,True,True,en
tt0082801,1981,1980-1989,Comedia,US,50,True,True,True,en
tt0082817,1981,1980-1989,Acción/aventura,US,27,True,True,True,en
tt0082846,1981,1980-1989,Drama,US,18,True,True,True,en
tt0082910,1982,1980-1989,Terror,US,49,False,True,False,en
tt0082926,1981,1980-1989,Comedia,US,48,True,True,True,en
tt0082934,1981,1980-1989,Romance,US,22,True,True,True,en
tt0082945,1981,1980-1989,Thriller/crimen,US,45,False,True,True,en
tt0082951,1981,1980-1989,Terror,US,38,False,True,True,en
tt0082970,1981,1980-1989,Drama,US,42,False,True,False,en
tt0082971,1981,1980-1989,Acción/aventura,US,1,False,True,True,en
tt0082979,1981,1980-1989,Drama,US,23,False,True,True,en
tt0083111,1981,1980-1989,Acción/aventura,US,28,False,True,True,en
tt0083131,1981,1980-1989,Comedia,US,8,True,True,True,en
tt0083169,1981,1980-1989,Drama,US,29,False,True,True,en
tt0083190,1981,1980-1989,Acción/aventura,US,13,False,True,True,en
tt0083232,1981,1980-1989,Thriller/crimen,US,47,False,True,True,en
tt0083284,1981,1980-1989,Drama,US,19,False,True,False,en
tt0083336,1981,1980-1989,Terror,US,41,False,True,True,en
tt0083511,1982,1980-1989,Acción/aventura,US,13,False,True,True,en
tt0083530,1982,1980-1989,Ciencia ficción/fantasía,US,18,False,True,True,en
tt0083550,1982,1980-1989,Terror,US,43,False,True,False,en
tt0083564,1982,1980-1989,Comedia,US,21,False,True,True,en
tt0083624,1981,1980-1989,Terror,US,26,False,True,True,en
tt0083630,1982,1980-1989,Acción/aventura,US,28,False,True,True,en
tt0083642,1982,1980-1989,Comedia,US,44,False,True,True,en
tt0083658,1982,1980-1989,Acción/aventura,US,1,False,True,False,en
tt0083722,1982,1980-1989,Terror,US,29,True,True,True,en
tt0083739,1982,1980-1989,Acción/aventura,US,41,True,True,False,en
tt0083767,1982,1980-1989,Terror,US,19,False,True,True,en
tt0083791,1982,1980-1989,Acción/aventura,US,14,True,True,False,en
tt0083798,1982,1980-1989,Comedia,US,30,False,True,True,en
tt0083806,1982,1980-1989,Comedia,US,40,False,True,True,en
tt0083833,1982,1980-1989,Comedia,US,33,False,True,True,en
tt0083866,1982,1980-1989,Acción/aventura,US,3,False,True,True,en
tt0083907,1981,1980-1989,Terror,US,2,True,True,True,en
tt0083929,1982,1980-1989,Comedia,US,11,False,True,True,en
tt0083943,1982,1980-1989,Acción/aventura,US,26,True,True,True,en
tt0083944,1982,1980-1989,Acción/aventura,US,4,False,True,True,en
tt0083972,1982,1980-1989,Terror,US,15,False,True,True,en
tt0084021,1982,1980-1989,Comedia,US,24,True,True,True,en
tt0084234,1982,1980-1989,Comedia,US,50,True,True,True,en
tt0084237,1982,1980-1989,Animación,US,25,False,True,True,en
tt0084329,1982,1980-1989,Comedia,US,34,False,False,True,en
tt0084335,1982,1980-1989,Drama,US,32,True,True,True,en
tt0084370,1982,1980-1989,Comedia,US,48,True,True,True,en
tt0084412,1982,1980-1989,Comedia,US,38,False,True,True,en
tt0084434,1982,1980-1989,Romance,US,17,True,True,True,en
tt0084488,1980,1980-1989,Comedia,US,50,False,False,True,en
tt0084516,1982,1980-1989,Terror,US,6,False,True,True,en
tt0084522,1981,1980-1989,Comedia,US,14,True,True,False,en
tt0084602,1982,1980-1989,Drama,US,5,False,True,True,en
tt0084649,1982,1980-1989,Animación,US,23,False,True,True,en
tt0084695,1982,1980-1989,Terror,US,35,False,True,True,en
tt0084707,1982,1980-1989,Romance,US,20,False,True,True,en
tt0084726,1982,1980-1989,Acción/aventura,US,9,False,True,True,en
tt0084745,1982,1980-1989,Terror,US,39,True,True,True,en
tt0084787,1982,1980-1989,Terror,US,2,True,True,False,en
tt0084805,1982,1980-1989,Comedia,US,12,False,True,True,en
tt0084809,1982,1980-1989,Comedia,US,42,False,True,True,en
tt0084814,1982,1980-1989,Comedia,US,45,False,True,False,en
tt0084827,1982,1980-1989,Acción/aventura,US,8,False,True,True,en
tt0084855,1982,1980-1989,Drama,US,22,False,True,True,en
tt0084865,1982,1980-1989,Comedia,US,31,True,True,False,en
tt0084899,1982,1980-1989,Terror,US,46,True,True,True,en
tt0084917,1982,1980-1989,Comedia,US,27,False,True,True,en
tt0085154,1983,1980-1989,Romance,US,34,False,True,True,en
tt0085210,1983,1980-1989,Thriller/crimen,US,35,False,True,True,en
tt0085244,1983,1980-1989,Comedia,US,22,False,True,True,en
tt0085255,1983,1980-1989,Acción/aventura,US,32,False,True,True,en
tt0085271,1983,1980-1989,Ciencia ficción/fantasía,US,43,False,True,True,en
tt0085276,1983,1980-1989,Acción/aventura,US,49,True,True,True,en
tt0085327,1981,1980-1989,Acción/aventura,US,39,False,True,False,en
tt0085333,1983,1980-1989,Terror,US,11,False,True,True,en
tt0085334,1983,1980-1989,Comedia,US,4,False,True,False,en
tt0085346,1983,1980-1989,Comedia,US,44,False,True,True,en
tt0085382,1983,1980-1989,Terror,US,18,False,True,True,en
tt0085407,1983,1980-1989,Ciencia ficción/fantasía,US,12,True,True,True,en
tt0085470,1983,1980-1989,Comedia,US,50,False,True,True,en
tt0085542,1983,1980-1989,Animación,US,41,True,True,True,en
tt0085549,1983,1980-1989,Romance,US,17,False,True,True,en
tt0085615,1983,1980-1989,Thriller/crimen,US,37,True,True,True,en
tt0085636,1982,1980-1989,Terror,US,16,False,True,True,en
tt0085694,1982,1980-1989,Terror,US,47,True,True,True,en
tt0085701,1983,1980-1989,Terror,US,28,False,True,False,en
tt0085750,1983,1980-1989,Terror,US,19,False,True,True,en
tt0085780,1983,1980-1989,Terror,US,39,True,True,False,en
tt0085794,1982,1980-1989,Comedia,US,10,True,True,True,en
tt0085811,1983,1980-1989,Acción/aventura,US,26,True,True,False,en
tt0085862,1983,1980-1989,Acción/aventura,US,40,False,True,True,en
tt0085894,1983,1980-1989,Ciencia ficción/fantasía,US,30,False,True,True,en
tt0085970,1983,1980-1989,Comedia,US,29,True,True,True,en
tt0085995,1983,1980-1989,Acción/aventura,US,5,False,True,True,en
tt0086006,1983,1980-1989,Acción/aventura,US,14,False,True,False,en
tt0086034,1983,1980-1989,Acción/aventura,US,7,False,True,False,en
tt0086066,1983,1980-1989,Thriller/crimen,US,9,False,True,True,en
tt0086129,1983,1980-1989,Comedia,US,46,False,True,False,en
tt0086154,1983,1980-1989,Terror,US,27,False,True,True,en
tt0086190,1983,1980-1989,Acción/aventura,US,1,False,True,True,en
tt0086197,1983,1980-1989,Acción/aventura,US,16,False,True,True,en
tt0086200,1983,1980-1989,Comedia,US,10,False,True,True,en
tt0086216,1983,1980-1989,Romance,US,25,True,True,True,en
tt0086250,1983,1980-1989,Thriller/crimen,US,2,True,True,True,en
tt0086312,1983,1980-1989,Drama,US,31,False,True,True,en
tt0086320,1983,1980-1989,Terror,US,23,False,True,True,en
tt0086336,1983,1980-1989,Ciencia ficción/fantasía,US,47,False,True,False,en
tt0086361,1983,1980-1989,Romance,US,36,False,True,True,en
tt0086383,1983,1980-1989,Acción/aventura,US,20,False,True,True,en
tt0086393,1983,1980-1989,Acción/aventura,US,13,False,True,False,en
tt0086423,1983,1980-1989,Drama,US,42,False,True,True,en
tt0086425,1983,1980-1989,Comedia,US,15,False,True,True,en
tt0086450,1983,1980-1989,Comedia,US,48,False,True,True,en
tt0086465,1983,1980-1989,Comedia,US,3,False,True,True,en
tt0086491,1983,1980-1989,Terror,US,24,True,True,True,en
tt0086508,1983,1980-1989,Acción/aventura,US,45,True,True,True,en
tt0086525,1983,1980-1989,Comedia,US,33,True,True,True,en
tt0086541,1983,1980-1989,Terror,US,8,False,True,False,en
tt0086567,1983,1980-1989,Acción/aventura,US,6,False,True,True,en
tt0086619,1983,1980-1989,Romance,US,38,False,True,True,en
tt0086637,1983,1980-1989,Comedia,US,21,False,True,True,en
tt0086837,1984,1980-1989,Acción/aventura,US,25,False,True,True,en
tt0086856,1984,1980-1989,Acción/aventura,US,36,False,True,True,en
tt0086873,1984,1980-1989,Ciencia ficción/fantasía,US,46,True,True,True,en
tt0086879,1984,1980-1989,Drama,US,4,False,True,True,en
tt0086927,1984,1980-1989,Comedia,US,31,True,True,True,en
tt0086960,1984,1980-1989,Acción/aventura,US,9,False,True,True,en
tt0086969,1984,1980-1989,Drama,US,40,False,True,True,en
tt0086979,1984,1980-1989,Thriller/crimen,US,14,False,True,True,en
tt0086984,1984,1980-1989,Thriller/crimen,US,30,False,True,True,en
tt0086993,1984,1980-1989,Acción/aventura,US,35,False,True,False,en
tt0087003,1984,1980-1989,Comedia,US,37,False,True,True,en
tt0087032,1984,1980-1989,Acción/aventura,US,50,False,True,True,en
tt0087050,1984,1980-1989,Terror,US,23,False,True,True,en
tt0087078,1984,1980-1989,Acción/aventura,US,18,True,True,False,en
tt0087089,1984,1980-1989,Thriller/crimen,US,47,False,True,True,en
tt0087182,1984,1980-1989,Acción/aventura,US,10,False,True,True,en
tt0087262,1984,1980-1989,Terror,US,33,True,True,True,en
tt0087277,1984,1980-1989,Romance,US,16,False,True,True,en
tt0087298,1984,1980-1989,Terror,US,22,False,True,True,en
tt0087332,1984,1980-1989,Acción/aventura,US,3,False,True,True,en
tt0087363,1984,1980-1989,Terror,US,7,False,True,True,en
tt0087469,1984,1980-1989,Acción/aventura,US,2,False,True,True,en
tt0087538,1984,1980-1989,Acción/aventura,US,8,True,True,True,en
tt0087597,1984,1980-1989,Acción/aventura,US,28,False,True,True,en
tt0087755,1984,1980-1989,Acción/aventura,US,43,False,True,True,en
tt0087781,1984,1980-1989,Drama,US,27,True,True,True,en
tt0087799,1984,1980-1989,Terror,US,39,True,True,True,en
tt0087800,1984,1980-1989,Terror,US,6,True,True,True,en
tt0087843,1984,1980-1989,Thriller/crimen,US,5,False,True,False,en
tt0087892,1984,1980-1989,Acción/aventura,US,44,True,True,False,en
tt0087928,1984,1980-1989,Comedia,US,12,True,True,True,en
tt0087957,1984,1980-1989,Romance,US,41,False,True,True,en
tt0087985,1984,1980-1989,Acción/aventura,US,21,False,True,True,en
tt0087995,1984,1980-1989,Ciencia ficción/fantasía,US,29,False,True,True,en
tt0088000,1984,1980-1989,Comedia,US,24,False,True,True,en
tt0088011,1984,1980-1989,Acción/aventura,US,15,True,True,False,en
tt0088117,1984,1980-1989,Terror,US,45,True,True,True,en
tt0088128,1984,1980-1989,Comedia,US,13,False,True,True,en
tt0088161,1984,1980-1989,Ciencia ficción/fantasía,US,19,False,True,True,en
tt0088170,1984,1980-1989,Acción/aventura,US,17,True,True,True,en
tt0088172,1984,1980-1989,Ciencia ficción/fantasía,US,26,True,True,True,en
tt0088184,1984,1980-1989,Comedia,US,32,True,True,False,en
tt0088194,1984,1980-1989,Acción/aventura,US,38,False,True,True,en
tt0088206,1984,1980-1989,Acción/aventura,US,42,False,True,False,en
tt0088247,1984,1980-1989,Acción/aventura,US,1,False,True,False,en
tt0088258,1984,1980-1989,Comedia,US,11,True,True,True,en
tt0088272,1984,1980-1989,Thriller/crimen,US,48,True,True,True,en
tt0088286,1984,1980-1989,Comedia,US,20,True,True,False,en
tt0088414,1984,1980-1989,Comedia,US,49,False,True,True,en
tt0088680,1985,1980-1989,Comedia,US,12,True,True,True,en
tt0088763,1985,1980-1989,Acción/aventura,US,1,False,True,True,en
tt0088794,1985,1980-1989,Comedia,US,33,False,True,False,en
tt0088814,1985,1980-1989,Animación,US,39,True,True,True,en
tt0088847,1985,1980-1989,Comedia,US,2,False,True,True,en
tt0088850,1985,1980-1989,Comedia,US,38,False,True,True,en
tt0088889,1985,1980-1989,Terror,US,46,False,True,True,en
tt0088930,1985,1980-1989,Comedia,US,7,False,True,True,en
tt0088933,1985,1980-1989,Ciencia ficción/fantasía,US,21,True,True,True,en
tt0088939,1985,1980-1989,Drama,US,11,False,True,True,en
tt0088944,1985,1980-1989,Acción/aventura,US,6,False,True,True,en
tt0088993,1985,1980-1989,Terror,US,17,True,True,True,en
tt0089017,1985,1980-1989,Comedia,US,47,False,True,True,en
tt0089092,1985,1980-1989,Acción/aventura,US,31,False,True,False,en
tt0089114,1985,1980-1989,Acción/aventura,US,49,False,True,True,en
tt0089118,1986,1980-1989,Acción/aventura,US,50,True,True,True,en
tt0089155,1985,1980-1989,Comedia,US,27,True,True,True,en
tt0089173,1985,1980-1989,Terror,US,36,False,True,True,en
tt0089175,1985,1980-1989,Terror,US,14,False,True,True,en
tt0089218,1985,1980-1989,Acción/aventura,US,3,False,True,True,en
tt0089370,1985,1980-1989,Acción/aventura,US,23,True,True,False,en
tt0089457,1985,1980-1989,Acción/aventura,US,29,False,True,False,en
tt0089469,1985,1980-1989,Acción/aventura,US,16,True,True,False,en
tt0089560,1985,1980-1989,Drama,US,43,True,True,True,en
tt0089670,1985,1980-1989,Acción/aventura,US,20,True,True,True,en
tt0089686,1985,1980-1989,Terror,US,15,False,True,True,en
tt0089755,1985,1980-1989,Romance,US,13,False,True,True,en
tt0089767,1985,1980-1989,Drama,US,22,True,True,True,en
tt0089791,1985,1980-1989,Acción/aventura,US,25,False,True,True,en
tt0089822,1985,1980-1989,Comedia,US,26,False,True,True,en
tt0089841,1985,1980-1989,Comedia,US,48,False,True,True,en
tt0089853,1985,1980-1989,Ciencia ficción/fantasía,US,28,False,True,True,en
tt0089880,1985,1980-1989,Acción/aventura,US,5,False,True,True,en
tt0089885,1985,1980-1989,Terror,US,18,False,True,True,en
tt0089886,1985,1980-1989,Ciencia ficción/fantasía,US,40,False,True,True,en
tt0089893,1985,1980-1989,Acción/aventura,US,37,True,True,False,en
tt0089907,1985,1980-1989,Terror,US,19,False,True,True,en
tt0089908,1985,1980-1989,Acción/aventura,US,44,False,True,False,en
tt0089927,1985,1980-1989,Drama,US,4,True,True,True,en
tt0089941,1985,1980-1989,Acción/aventura,US,41,False,True,True,en
tt0090021,1985,1980-1989,Terror,US,42,True,True,True,en
tt0090022,1985,1980-1989,Acción/aventura,US,32,False,True,True,en
tt0090056,1985,1980-1989,Acción/aventura,US,30,False,True,True,en
tt0090060,1985,1980-1989,Romance,US,34,False,True,True,en
tt0090142,1985,1980-1989,Ciencia ficción/fantasía,US,24,False,True,True,en
tt0090180,1985,1980-1989,Acción/aventura,US,35,True,True,True,en
tt0090190,1984,1980-1989,Terror,US,34,False,True,True,en
tt0090264,1985,1980-1989,Acción/aventura,US,9,True,True,False,en
tt0090305,1985,1980-1989,Ciencia ficción/fantasía,US,10,True,True,True,en
tt0090329,1985,1980-1989,Romance,US,8,False,True,True,en
tt0090357,1985,1980-1989,Acción/aventura,US,50,False,True,False,en
tt0090605,1986,1980-1989,Terror,US,1,False,True,True,en
tt0090633,1986,1980-1989,Animación,US,23,False,True,True,en
tt0090685,1986,1980-1989,Comedia,US,41,False,True,True,en
tt0090728,1986,1980-1989,Acción/aventura,US,8,False,True,True,en
tt0090756,1986,1980-1989,Thriller/crimen,US,6,False,True,True,en
tt0090859,1986,1980-1989,Acción/aventura,US,18,False,True,True,en
tt0090863,1986,1980-1989,Drama,US,12,False,True,True,en
tt0090887,1986,1980-1989,Terror,US,38,True,True,True,en
tt0090967,1986,1980-1989,Comedia,US,26,False,True,False,en
tt0091042,1986,1980-1989,Comedia,US,5,False,True,True,en
tt0091059,1986,1980-1989,Acción/aventura,US,29,True,True,False,en
tt0091064,1986,1980-1989,Terror,US,7,False,True,False,en
tt0091080,1986,1980-1989,Terror,US,27,False,True,True,en
tt0091083,1986,1980-1989,Terror,US,43,False,True,False,en
tt0091129,1986,1980-1989,Acción/aventura,US,22,False,True,True,en
tt0091149,1986,1980-1989,Animación,US,25,False,True,True,en
tt0091167,1986,1980-1989,Comedia,US,19,False,True,True,en
tt0091187,1986,1980-1989,Drama,US,31,False,True,True,en
tt0091203,1986,1980-1989,Acción/aventura,US,10,False,True,False,en
tt0091209,1986,1980-1989,Thriller/crimen,US,24,True,True,True,en
tt0091217,1986,1980-1989,Drama,US,28,False,True,True,en
tt0091223,1985,1980-1989,Terror,US,45,False,True,True,en
tt0091225,1986,1980-1989,Acción/aventura,US,30,True,True,True,en
tt0091326,1986,1980-1989,Acción/aventura,US,11,False,True,True,en
tt0091369,1986,1980-1989,Acción/aventura,US,9,True,True,False,en
tt0091419,1986,1980-1989,Terror,US,15,False,True,False,en
tt0091474,1986,1980-1989,Thriller/crimen,US,16,False,True,True,en
tt0091499,1986,1980-1989,Terror,US,40,False,True,True,en
tt0091541,1986,1980-1989,Comedia,US,21,False,True,True,en
tt0091557,1986,1980-1989,Acción/aventura,US,44,False,True,True,en
tt0091630,1986,1980-1989,Terror,US,48,False,True,True,en
tt0091635,1986,1980-1989,Romance,US,33,True,True,True,en
tt0091738,1986,1980-1989,Ciencia ficción/fantasía,US,37,True,True,True,en
tt0091763,1986,1980-1989,Drama,US,4,False,True,False,en
tt0091777,1986,1980-1989,Comedia,US,32,False,True,True,en
tt0091778,1986,1980-1989,Terror,US,46,False,True,True,en
tt0091790,1986,1980-1989,Comedia,US,14,False,True,True,en
tt0091828,1986,1980-1989,Acción/aventura,US,39,True,True,False,en
tt0091877,1986,1980-1989,Comedia,US,45,True,True,True,en
tt0091886,1986,1980-1989,Thriller/crimen,US,49,True,True,False,en
tt0091949,1986,1980-1989,Ciencia ficción/fantasía,US,20,True,True,True,en
tt0091954,1986,1980-1989,Drama,US,42,False,True,False,en
tt0092005,1986,1980-1989,Acción/aventura,US,3,True,True,True,en
tt0092007,1986,1980-1989,Acción/aventura,US,13,True,True,True,en
tt0092076,1986,1980-1989,Terror,US,36,False,True,True,en
tt0092086,1986,1980-1989,Comedia,US,17,True,True,True,en
tt0092099,1986,1980-1989,Acción/aventura,US,2,True,True,True,en
tt0092106,1986,1980-1989,Animación,US,34,False,True,False,en
tt0092263,1986,1980-1989,Acción/aventura,US,47,False,True,False,en
tt0092494,1987,1980-1989,Ciencia ficción/fantasía,US,44,False,True,True,en
tt0092513,1987,1980-1989,Acción/aventura,US,31,False,True,True,en
tt0092563,1987,1980-1989,Terror,US,20,False,True,False,en
tt0092644,1987,1980-1989,Acción/aventura,US,17,False,True,True,en
tt0092675,1988,1980-1989,Acción/aventura,US,18,True,True,True,en
tt0092699,1987,1980-1989,Comedia,US,48,True,True,True,en
tt0092718,1987,1980-1989,Comedia,US,37,False,True,True,en
tt0092796,1987,1980-1989,Terror,US,49,False,True,True,en
tt0092890,1987,1980-1989,Romance,US,7,False,True,True,en
tt0092925,1987,1980-1989,Comedia,US,39,False,True,True,en
tt0092965,1987,1980-1989,Drama,US,18,False,True,False,en
tt0092991,1987,1980-1989,Terror,US,9,False,True,True,en
tt0093010,1987,1980-1989,Thriller/crimen,US,19,True,True,True,en
tt0093058,1987,1980-1989,Drama,US,1,True,True,False,en
tt0093105,1987,1980-1989,Comedia,US,14,True,True,True,en
tt0093148,1987,1980-1989,Ciencia ficción/fantasía,US,41,False,True,True,en
tt0093177,1987,1980-1989,Terror,US,16,False,True,False,en
tt0093260,1987,1980-1989,Acción/aventura,US,25,True,True,True,en
tt0093300,1987,1980-1989,Terror,US,33,True,True,True,en
tt0093378,1987,1980-1989,Drama,US,46,False,True,True,en
tt0093409,1987,1980-1989,Acción/aventura,US,6,False,True,True,en
tt0093437,1987,1980-1989,Terror,US,12,False,True,True,en
tt0093493,1987,1980-1989,Ciencia ficción/fantasía,US,40,False,True,True,en
tt0093507,1987,1980-1989,Acción/aventura,US,32,False,True,True,en
tt0093560,1987,1980-1989,Acción/aventura,US,42,True,True,True,en
tt0093565,1987,1980-1989,Comedia,US,23,False,True,True,en
tt0093605,1987,1980-1989,Terror,US,35,True,True,True,en
tt0093629,1987,1980-1989,Terror,US,21,False,True,True,en
tt0093640,1987,1980-1989,Acción/aventura,US,29,False,True,True,en
tt0093692,1987,1980-1989,Acción/aventura,US,26,False,True,True,en
tt0093693,1987,1980-1989,Comedia,US,24,False,True,True,en
tt0093748,1987,1980-1989,Comedia,US,11,False,True,True,en
tt0093756,1987,1980-1989,Comedia,US,36,False,True,True,en
tt0093773,1987,1980-1989,Terror,US,2,True,True,True,en
tt0093777,1987,1980-1989,Terror,US,30,False,True,True,en
tt0093779,1987,1980-1989,Acción/aventura,US,3,False,True,False,en
tt0093818,1987,1980-1989,Comedia,US,45,False,True,True,en
tt0093822,1987,1980-1989,Comedia,US,15,True,True,True,en
tt0093870,1987,1980-1989,Acción/aventura,US,5,True,True,True,en
tt0093886,1987,1980-1989,Comedia,US,34,True,True,True,en
tt0093894,1987,1980-1989,Acción/aventura,US,10,False,True,True,en
tt0093936,1987,1980-1989,Comedia,US,43,True,True,True,en
tt0094006,1987,1980-1989,Romance,US,47,False,True,True,en
tt0094012,1987,1980-1989,Acción/aventura,US,8,False,True,True,en
tt0094025,1987,1980-1989,Acción/aventura,US,50,False,True,True,en
tt0094074,1987,1980-1989,Acción/aventura,US,28,False,True,False,en
tt0094137,1987,1980-1989,Comedia,US,27,False,True,True,en
tt0094142,1987,1980-1989,Comedia,US,38,False,True,True,en
tt0094226,1987,1980-1989,Thriller/crimen,US,4,False,True,True,en
tt0094291,1987,1980-1989,Thriller/crimen,US,13,False,True,True,en
tt0094332,1987,1980-1989,Terror,US,22,False,True,True,en
tt0094602,1988,1980-1989,Acción/aventura,US,42,False,True,True,en
tt0094608,1988,1980-1989,Thriller/crimen,US,38,False,True,False,en
tt0094715,1988,1980-1989,Comedia,US,47,False,True,True,en
tt0094721,1988,1980-1989,Ciencia ficción/fantasía,US,3,False,True,True,en
tt0094737,1988,1980-1989,Ciencia ficción/fantasía,US,4,False,True,True,en
tt0094761,1988,1980-1989,Terror,US,36,False,True,True,en
tt0094812,1988,1980-1989,Comedia,US,28,False,True,True,en
tt0094862,1988,1980-1989,Terror,US,13,False,True,True,en
tt0094889,1988,1980-1989,Comedia,US,19,True,True,True,en
tt0094894,1988,1980-1989,Thriller/crimen,US,44,True,True,True,en
tt0094898,1988,1980-1989,Comedia,US,5,True,True,True,en
tt0094947,1988,1980-1989,Romance,US,22,True,True,False,en
tt0094963,1988,1980-1989,Acción/aventura,US,35,True,True,True,en
tt0095016,1988,1980-1989,Acción/aventura,US,1,False,True,True,en
tt0095031,1988,1980-1989,Comedia,US,20,True,True,True,en
tt0095159,1988,1980-1989,Comedia,US,9,True,True,False,en
tt0095174,1988,1980-1989,Thriller/crimen,US,29,False,True,False,en
tt0095179,1988,1980-1989,Terror,US,37,False,True,True,en
tt0095243,1988,1980-1989,Drama,US,46,False,True,True,en
tt0095250,1988,1980-1989,Acción/aventura,US,31,False,True,False,en
tt0095253,1988,1980-1989,Comedia,US,33,False,True,True,en
tt0095271,1988,1980-1989,Terror,US,27,False,True,True,en
tt0095294,1988,1980-1989,Terror,US,30,False,True,False,en
tt0095444,1988,1980-1989,Terror,US,34,True,True,True,en
tt0095489,1988,1980-1989,Animación,US,16,False,True,False,en
tt0095497,1988,1980-1989,Drama,US,24,False,True,False,en
tt0095631,1988,1980-1989,Acción/aventura,US,17,True,True,True,en
tt0095647,1988,1980-1989,Thriller/crimen,US,15,False,True,True,en
tt0095687,1988,1980-1989,Ciencia ficción/fantasía,US,48,True,True,True,en
tt0095690,1988,1980-1989,Comedia,US,41,False,True,True,en
tt0095705,1988,1980-1989,Comedia,US,7,False,True,True,en
tt0095742,1988,1980-1989,Terror,US,25,False,True,True,en
tt0095776,1988,1980-1989,Animación,US,32,False,True,True,en
tt0095882,1988,1980-1989,Comedia,US,40,False,True,True,en
tt0095925,1988,1980-1989,Terror,US,45,True,True,True,en
tt0095953,1988,1980-1989,Drama,US,2,False,True,True,en
tt0095956,1988,1980-1989,Acción/aventura,US,10,True,True,True,en
tt0095963,1988,1980-1989,Acción/aventura,US,21,False,True,True,en
tt0096061,1988,1980-1989,Ciencia ficción/fantasía,US,14,False,True,True,en
tt0096071,1988,1980-1989,Terror,US,49,True,True,True,en
tt0096101,1988,1980-1989,Comedia,US,50,False,True,True,en
tt0096244,1988,1980-1989,Romance,US,43,False,True,True,en
tt0096256,1988,1980-1989,Terror,US,8,False,True,True,en
tt0096320,1988,1980-1989,Comedia,US,11,False,True,True,en
tt0096332,1988,1980-1989,Romance,US,39,True,True,True,en
tt0096438,1988,1980-1989,Animación,US,6,False,True,True,en
tt0096446,1988,1980-1989,Acción/aventura,US,12,False,True,False,en
tt0096463,1988,1980-1989,Comedia,US,26,False,True,True,en
tt0096487,1988,1980-1989,Acción/aventura,US,23,True,True,True,en
tt0096734,1989,1980-1989,Comedia,US,25,True,True,True,en
tt0096754,1989,1980-1989,Acción/aventura,US,9,False,True,True,en
tt0096787,1989,1980-1989,Animación,US,43,True,True,False,en
tt0096874,1989,1980-1989,Acción/aventura,US,3,False,True,True,en
tt0096895,1989,1980-1989,Thriller/crimen,US,4,False,True,False,en
tt0096928,1989,1980-1989,Acción/aventura,US,13,False,True,True,en
tt0096933,1989,1980-1989,Acción/aventura,US,34,False,True,False,en
tt0096969,1989,1980-1989,Drama,US,17,True,True,True,en
tt0097027,1989,1980-1989,Acción/aventura,US,42,False,True,True,en
tt0097123,1989,1980-1989,Comedia,US,36,False,True,True,en
tt0097138,1989,1980-1989,Acción/aventura,US,50,False,True,True,en
tt0097162,1989,1980-1989,Terror,US,45,False,True,False,en
tt0097165,1989,1980-1989,Comedia,US,2,False,True,True,en
tt0097216,1989,1980-1989,Comedia,US,16,True,True,True,en
tt0097239,1989,1980-1989,Comedia,US,19,False,True,True,en
tt0097240,1989,1980-1989,Thriller/crimen,US,48,False,True,True,en
tt0097351,1989,1980-1989,Ciencia ficción/fantasía,US,14,False,True,True,en
tt0097388,1989,1980-1989,Terror,US,46,False,True,True,en
tt0097428,1989,1980-1989,Acción/aventura,US,8,True,True,True,en
tt0097441,1989,1980-1989,Drama,US,12,False,True,True,en
tt0097474,1989,1980-1989,Terror,US,41,False,True,True,en
tt0097493,1989,1980-1989,Comedia,US,15,False,True,True,en
tt0097523,1989,1980-1989,Acción/aventura,US,11,False,True,True,en
tt0097576,1989,1980-1989,Acción/aventura,US,1,False,True,True,en
tt0097637,1989,1980-1989,Acción/aventura,US,49,False,True,True,en
tt0097647,1989,1980-1989,Acción/aventura,US,29,True,True,True,en
tt0097659,1989,1980-1989,Acción/aventura,US,33,False,True,True,en
tt0097733,1989,1980-1989,Acción/aventura,US,10,False,True,True,en
tt0097742,1989,1980-1989,Acción/aventura,US,21,False,True,False,en
tt0097757,1989,1980-1989,Animación,US,5,False,True,True,en
tt0097770,1989,1980-1989,Acción/aventura,US,47,False,True,True,en
tt0097778,1989,1980-1989,Comedia,US,26,True,True,True,en
tt0097815,1989,1980-1989,Comedia,US,27,False,True,True,en
tt0097958,1989,1980-1989,Comedia,US,7,False,True,True,en
tt0097981,1989,1980-1989,Terror,US,40,False,True,True,en
tt0098067,1989,1980-1989,Comedia,US,39,False,True,True,en
tt0098084,1989,1980-1989,Terror,US,18,False,True,True,en
tt0098206,1989,1980-1989,Acción/aventura,US,23,False,True,True,en
tt0098258,1989,1980-1989,Comedia,US,24,False,True,True,en
tt0098273,1989,1980-1989,Thriller/crimen,US,44,False,True,True,en
tt0098282,1989,1980-1989,Comedia,US,38,True,True,True,en
tt0098382,1989,1980-1989,Acción/aventura,US,32,True,True,True,en
tt0098384,1989,1980-1989,Comedia,US,30,False,True,True,en
tt0098439,1989,1980-1989,Acción/aventura,US,22,True,True,True,en
tt0098536,1989,1980-1989,Comedia,US,28,False,True,True,en
tt0098554,1989,1980-1989,Comedia,US,20,False,True,True,en
tt0098621,1989,1980-1989,Comedia,US,37,False,True,True,en
tt0098627,1989,1980-1989,Acción/aventura,US,31,True,True,True,en
tt0098635,1989,1980-1989,Comedia,US,6,False,True,True,en
tt0098724,1989,1980-1989,Drama,US,35,False,True,True,en
tt0099005,1990,1990-1999,Acción/aventura,US,50,True,True,True,en
tt0099044,1990,1990-1999,Acción/aventura,US,38,False,True,True,en
tt0099052,1990,1990-1999,Terror,US,26,True,True,True,en
tt0099077,1990,1990-1999,Drama,US,14,False,True,True,en
tt0099088,1990,1990-1999,Acción/aventura,US,4,False,True,True,en
tt0099141,1990,1990-1999,Acción/aventura,US,35,False,True,True,en
tt0099253,1990,1990-1999,Terror,US,30,False,True,True,en
tt0099329,1990,1990-1999,Comedia,US,29,False,True,True,en
tt0099348,1990,1990-1999,Acción/aventura,US,9,False,True,True,en
tt0099365,1990,1990-1999,Acción/aventura,US,27,False,True,True,en
tt0099371,1990,1990-1999,Acción/aventura,US,23,False,True,True,en
tt0099422,1990,1990-1999,Acción/aventura,US,28,True,True,True,en
tt0099423,1990,1990-1999,Acción/aventura,US,7,True,True,True,en
tt0099487,1990,1990-1999,Ciencia ficción/fantasía,US,3,True,True,True,en
tt0099528,1990,1990-1999,Terror,US,40,False,True,True,en
tt0099582,1990,1990-1999,Terror,US,25,True,True,True,en
tt0099653,1990,1990-1999,Ciencia ficción/fantasía,US,11,False,True,True,en
tt0099674,1990,1990-1999,Thriller/crimen,US,5,False,True,True,en
tt0099685,1990,1990-1999,Thriller/crimen,US,1,False,True,True,en
tt0099700,1990,1990-1999,Terror,US,20,True,True,True,en
tt0099703,1990,1990-1999,Thriller/crimen,US,48,False,True,True,en
tt0099739,1990,1990-1999,Acción/aventura,US,46,False,True,True,en
tt0099763,1986,1980-1989,Thriller/crimen,US,35,True,True,True,en
tt0099785,1990,1990-1999,Comedia,US,2,False,True,True,en
tt0099810,1990,1990-1999,Acción/aventura,US,12,True,True,True,en
tt0099871,1990,1990-1999,Terror,US,19,True,True,True,en
tt0099892,1990,1990-1999,Comedia,US,41,True,True,True,en
tt0099938,1990,1990-1999,Acción/aventura,US,15,False,True,True,en
tt0099939,1990,1990-1999,Thriller/crimen,US,36,False,True,False,en
tt0100029,1990,1990-1999,Acción/aventura,US,39,False,True,True,en
tt0100050,1990,1990-1999,Comedia,US,34,False,True,True,en
tt0100054,1990,1990-1999,Acción/aventura,US,44,False,True,True,en
tt0100140,1990,1990-1999,Comedia,US,42,False,True,True,en
tt0100150,1990,1990-1999,Thriller/crimen,US,18,False,True,True,en
tt0100157,1990,1990-1999,Thriller/crimen,US,10,False,True,True,en
tt0100258,1990,1990-1999,Terror,US,37,True,True,True,en
tt0100403,1990,1990-1999,Terror,US,13,False,True,True,en
tt0100404,1990,1990-1999,Thriller/crimen,US,32,False,True,True,en
tt0100405,1990,1990-1999,Comedia,US,6,False,True,True,en
tt0100419,1990,1990-1999,Comedia,US,45,True,True,True,en
tt0100436,1990,1990-1999,Comedia,US,47,True,True,False,en
tt0100477,1990,1990-1999,Animación,US,33,False,True,True,en
tt0100502,1990,1990-1999,Acción/aventura,US,24,True,True,True,en
tt0100507,1990,1990-1999,Drama,US,17,False,True,True,en
tt0100758,1990,1990-1999,Acción/aventura,US,21,False,True,True,en
tt0100802,1990,1990-1999,Acción/aventura,US,8,False,True,False,en
tt0100814,1990,1990-1999,Terror,US,16,False,True,True,en
tt0100935,1990,1990-1999,Thriller/crimen,US,22,True,True,True,en
tt0100944,1990,1990-1999,Acción/aventura,US,31,True,True,False,en
tt0100994,1990,1990-1999,Acción/aventura,US,43,False,True,True,en
tt0100998,1990,1990-1999,Ciencia ficción/fantasía,US,49,False,True,False,en
tt0101272,1991,1990-1999,Ciencia ficción/fantasía,US,8,True,True,True,en
tt0101329,1991,1990-1999,Animación,US,49,False,True,True,en
tt0101393,1991,1990-1999,Acción/aventura,US,19,True,True,True,en
tt0101410,1991,1990-1999,Comedia,US,13,False,True,False,en
tt0101414,1991,1990-1999,Animación,US,3,True,True,True,en
tt0101452,1991,1990-1999,Acción/aventura,US,23,False,True,True,en
tt0101507,1991,1990-1999,Thriller/crimen,US,11,False,True,True,en
tt0101516,1991,1990-1999,Thriller/crimen,US,46,True,True,True,en
tt0101540,1991,1990-1999,Thriller/crimen,US,5,True,True,True,en
tt0101587,1991,1990-1999,Comedia,US,27,False,True,True,en
tt0101605,1991,1990-1999,Comedia,US,37,False,True,False,en
tt0101669,1991,1990-1999,Thriller/crimen,US,47,False,True,False,en
tt0101745,1991,1990-1999,Comedia,US,38,False,True,True,en
tt0101757,1991,1990-1999,Comedia,US,40,False,True,True,en
tt0101761,1991,1990-1999,Drama,US,16,False,True,True,en
tt0101764,1991,1990-1999,Acción/aventura,US,35,False,True,True,en
tt0101775,1991,1990-1999,Ciencia ficción/fantasía,US,45,False,True,False,en
tt0101862,1991,1990-1999,Comedia,US,20,False,True,True,en
tt0101889,1991,1990-1999,Ciencia ficción/fantasía,US,18,False,True,True,en
tt0101912,1991,1990-1999,Comedia,US,41,True,True,True,en
tt0101917,1991,1990-1999,Terror,US,32,False,True,True,en
tt0101921,1991,1990-1999,Drama,US,21,True,True,True,en
tt0102034,1991,1990-1999,Acción/aventura,US,34,False,True,False,en
tt0102057,1991,1990-1999,Acción/aventura,US,4,False,True,True,en
tt0102059,1991,1990-1999,Acción/aventura,US,14,False,True,True,en
tt0102070,1991,1990-1999,Acción/aventura,US,30,True,True,True,en
tt0102138,1991,1990-1999,Thriller/crimen,US,10,False,True,True,en
tt0102250,1991,1990-1999,Ciencia ficción/fantasía,US,44,False,True,True,en
tt0102266,1991,1990-1999,Acción/aventura,US,15,False,True,True,en
tt0102492,1991,1990-1999,Comedia,US,17,True,True,True,en
tt0102494,1991,1990-1999,Drama,US,28,False,True,True,en
tt0102510,1991,1990-1999,Comedia,US,12,True,True,True,en
tt0102526,1991,1990-1999,Acción/aventura,US,39,False,True,True,en
tt0102536,1991,1990-1999,Comedia,US,26,False,True,False,en
tt0102558,1991,1990-1999,Acción/aventura,US,48,True,True,True,en
tt0102603,1991,1990-1999,Comedia,US,42,False,True,True,en
tt0102614,1991,1990-1999,Acción/aventura,US,50,True,True,True,en
tt0102685,1991,1990-1999,Acción/aventura,US,6,True,True,False,en
tt0102768,1991,1990-1999,Romance,US,43,False,True,True,en
tt0102798,1991,1990-1999,Acción/aventura,US,7,True,True,False,en
tt0102803,1991,1990-1999,Acción/aventura,US,29,True,True,True,en
tt0102926,1991,1990-1999,Terror,US,1,False,True,True,en
tt0102945,1991,1990-1999,Thriller/crimen,US,25,False,True,True,en
tt0102975,1991,1990-1999,Acción/aventura,US,22,False,True,True,en
tt0103060,1991,1990-1999,Acción/aventura,US,31,False,True,True,en
tt0103064,1991,1990-1999,Acción/aventura,US,2,False,True,True,en
tt0103074,1991,1990-1999,Acción/aventura,US,9,True,True,False,en
tt0103241,1991,1990-1999,Comedia,US,24,False,True,True,en
tt0103639,1992,1990-1999,Animación,US,2,False,True,True,en
tt0103644,1992,1990-1999,Terror,US,6,False,True,True,en
tt0103759,1992,1990-1999,Thriller/crimen,US,39,False,True,True,en
tt0103772,1992,1990-1999,Romance,US,10,False,True,False,en
tt0103776,1992,1990-1999,Acción/aventura,US,7,False,True,True,en
tt0103786,1992,1990-1999,Comedia,US,29,False,True,True,en
tt0103855,1992,1990-1999,Romance,US,16,False,True,True,en
tt0103874,1992,1990-1999,Terror,US,9,False,True,False,en
tt0103893,1992,1990-1999,Acción/aventura,US,41,False,True,True,en
tt0103919,1992,1990-1999,Terror,US,24,False,True,False,en
tt0103939,1992,1990-1999,Comedia,US,36,True,True,False,en
tt0103956,1991,1990-1999,Terror,US,33,False,True,True,en
tt0104070,1992,1990-1999,Terror,US,17,True,True,True,en
tt0104187,1992,1990-1999,Comedia,US,43,False,True,True,en
tt0104231,1992,1990-1999,Acción/aventura,US,32,True,True,True,en
tt0104254,1992,1990-1999,Animación,US,48,False,True,False,en
tt0104257,1992,1990-1999,Thriller/crimen,US,8,True,True,True,en
tt0104291,1992,1990-1999,Ciencia ficción/fantasía,US,40,True,True,True,en
tt0104348,1992,1990-1999,Thriller/crimen,US,20,True,True,True,en
tt0104389,1992,1990-1999,Thriller/crimen,US,37,False,True,True,en
tt0104409,1992,1990-1999,Terror,US,47,True,True,False,en
tt0104431,1992,1990-1999,Acción/aventura,US,4,True,True,True,en
tt0104437,1992,1990-1999,Acción/aventura,US,44,False,True,True,en
tt0104691,1992,1990-1999,Acción/aventura,US,12,True,True,True,en
tt0104694,1992,1990-1999,Comedia,US,18,False,True,True,en
tt0104714,1992,1990-1999,Acción/aventura,US,13,True,True,True,en
tt0104797,1992,1990-1999,Drama,US,23,False,True,True,en
tt0104815,1992,1990-1999,Acción/aventura,US,31,False,True,False,en
tt0104868,1992,1990-1999,Comedia,US,30,False,True,True,en
tt0104940,1992,1990-1999,Comedia,US,28,True,True,True,en
tt0104952,1992,1990-1999,Comedia,US,15,True,True,True,en
tt0105046,1992,1990-1999,Drama,US,42,True,True,True,en
tt0105104,1992,1990-1999,Acción/aventura,US,38,False,True,True,en
tt0105112,1992,1990-1999,Acción/aventura,US,19,True,True,True,en
tt0105121,1991,1990-1999,Terror,US,36,False,True,True,en
tt0105151,1992,1990-1999,Comedia,US,33,True,True,True,en
tt0105236,1992,1990-1999,Thriller/crimen,US,1,False,True,True,en
tt0105265,1992,1990-1999,Drama,US,34,False,True,True,en
tt0105323,1992,1990-1999,Drama,US,5,False,True,True,en
tt0105414,1992,1990-1999,Thriller/crimen,US,45,False,True,True,en
tt0105415,1992,1990-1999,Comedia,US,49,False,False,True,en
tt0105417,1992,1990-1999,Comedia,US,22,True,True,True,en
tt0105435,1992,1990-1999,Comedia,US,35,False,True,True,en
tt0105477,1992,1990-1999,Acción/aventura,US,46,True,True,True,en
tt0105629,1992,1990-1999,Acción/aventura,US,50,True,True,True,en
tt0105665,1992,1990-1999,Terror,US,21,True,True,False,en
tt0105690,1992,1990-1999,Acción/aventura,US,26,False,True,True,en
tt0105695,1992,1990-1999,Drama,US,3,False,True,True,en
tt0105698,1992,1990-1999,Acción/aventura,US,27,True,True,True,en
tt0105793,1992,1990-1999,Comedia,US,14,False,True,True,en
tt0105812,1992,1990-1999,Comedia,US,25,False,True,True,en
tt0106220,1993,1990-1999,Ciencia ficción/fantasía,US,24,True,True,True,en
tt0106226,1993,1990-1999,Romance,US,34,False,True,True,en
tt0106246,1993,1990-1999,Thriller/crimen,US,38,False,True,True,en
tt0106308,1992,1990-1999,Terror,US,11,False,True,True,en
tt0106364,1993,1990-1999,Animación,US,42,True,True,True,en
tt0106387,1993,1990-1999,Comedia,US,40,True,True,True,en
tt0106489,1993,1990-1999,Thriller/crimen,US,17,False,True,True,en
tt0106519,1993,1990-1999,Thriller/crimen,US,10,True,True,True,en
tt0106582,1993,1990-1999,Acción/aventura,US,21,False,True,False,en
tt0106598,1993,1990-1999,Ciencia ficción/fantasía,US,46,False,True,True,en
tt0106611,1993,1990-1999,Acción/aventura,US,23,False,True,False,en
tt0106673,1993,1990-1999,Comedia,US,47,False,True,True,en
tt0106677,1993,1990-1999,Comedia,US,12,False,True,True,en
tt0106697,1993,1990-1999,Acción/aventura,US,13,True,True,True,en
tt0106701,1993,1990-1999,Comedia,US,37,False,True,True,en
tt0106856,1993,1990-1999,Thriller/crimen,US,11,False,True,False,en
tt0106918,1993,1990-1999,Thriller/crimen,US,20,False,True,True,en
tt0106965,1993,1990-1999,Acción/aventura,US,32,False,True,True,en
tt0106977,1993,1990-1999,Acción/aventura,US,5,False,True,True,en
tt0107048,1993,1990-1999,Ciencia ficción/fantasía,US,3,False,True,True,en
tt0107050,1993,1990-1999,Comedia,US,49,False,True,True,en
tt0107076,1993,1990-1999,Acción/aventura,US,48,False,True,True,en
tt0107120,1993,1990-1999,Ciencia ficción/fantasía,US,19,True,True,True,en
tt0107144,1993,1990-1999,Acción/aventura,US,28,False,True,True,en
tt0107206,1993,1990-1999,Acción/aventura,US,25,False,True,True,en
tt0107207,1993,1990-1999,Thriller/crimen,US,15,False,True,False,en
tt0107211,1993,1990-1999,Romance,US,33,True,True,True,en
tt0107290,1993,1990-1999,Acción/aventura,US,2,False,True,True,en
tt0107302,1993,1990-1999,Thriller/crimen,US,44,False,True,True,en
tt0107362,1993,1990-1999,Acción/aventura,US,18,False,True,True,en
tt0107554,1993,1990-1999,Thriller/crimen,US,36,False,True,True,en
tt0107614,1993,1990-1999,Comedia,US,6,False,True,True,en
tt0107688,1993,1990-1999,Animación,US,4,False,True,True,en
tt0107798,1993,1990-1999,Thriller/crimen,US,27,True,True,True,en
tt0107808,1993,1990-1999,Thriller/crimen,US,29,False,True,True,en
tt0107818,1993,1990-1999,Drama,US,7,True,True,True,en
tt0107943,1993,1990-1999,Romance,US,30,False,True,False,en
tt0107977,1993,1990-1999,Acción/aventura,US,22,False,True,False,en
tt0107978,1993,1990-1999,Acción/aventura,US,50,False,True,True,en
tt0108002,1993,1990-1999,Drama,US,35,True,True,True,en
tt0108037,1993,1990-1999,Comedia,US,26,False,True,True,en
tt0108052,1993,1990-1999,Drama,US,1,True,True,True,en
tt0108147,1993,1990-1999,Comedia,US,43,False,True,True,en
tt0108160,1993,1990-1999,Comedia,US,14,False,True,True,en
tt0108255,1993,1990-1999,Acción/aventura,US,39,False,True,True,en
tt0108330,1993,1990-1999,Drama,US,45,False,True,True,en
tt0108333,1993,1990-1999,Acción/aventura,US,41,False,True,False,en
tt0108358,1993,1990-1999,Drama,US,16,False,True,True,en
tt0108399,1993,1990-1999,Romance,US,9,False,True,False,en
tt0108525,1993,1990-1999,Comedia,US,31,True,True,True,en
tt0108550,1993,1990-1999,Drama,US,8,False,True,True,en
tt0109040,1994,1990-1999,Comedia,US,10,False,True,True,en
tt0109068,1994,1990-1999,Comedia,US,40,True,True,True,en
tt0109190,1994,1990-1999,Acción/aventura,US,39,True,True,True,en
tt0109254,1994,1990-1999,Acción/aventura,US,22,False,True,True,en
tt0109348,1994,1990-1999,Comedia,US,49,False,True,True,en
tt0109444,1994,1990-1999,Acción/aventura,US,21,False,True,True,en
tt0109445,1994,1990-1999,Comedia,US,13,False,True,True,en
tt0109446,1994,1990-1999,Thriller/crimen,US,27,False,True,True,en
tt0109506,1994,1990-1999,Acción/aventura,US,14,False,True,True,en
tt0109520,1994,1990-1999,Comedia,US,48,True,True,True,en
tt0109635,1994,1990-1999,Thriller/crimen,US,42,True,True,True,en
tt0109686,1994,1990-1999,Comedia,US,7,False,True,True,en
tt0109707,1994,1990-1999,Comedia,US,17,False,True,True,en
tt0109813,1994,1990-1999,Ciencia ficción/fantasía,US,23,True,True,True,en
tt0109830,1994,1990-1999,Romance,US,2,False,True,True,en
tt0109836,1994,1990-1999,Terror,US,37,False,True,False,en
tt0110074,1994,1990-1999,Ciencia ficción/fantasía,US,26,False,True,False,en
tt0110148,1994,1990-1999,Terror,US,9,False,True,True,en
tt0110167,1994,1990-1999,Comedia,US,47,False,True,True,en
tt0110216,1994,1990-1999,Ciencia ficción/fantasía,US,30,False,True,True,en
tt0110322,1994,1990-1999,Romance,US,16,True,True,True,en
tt0110357,1994,1990-1999,Animación,US,5,True,True,True,en
tt0110366,1994,1990-1999,Comedia,US,38,True,True,True,en
tt0110367,1994,1990-1999,Romance,US,35,True,True,True,en
tt0110413,1994,1990-1999,Acción/aventura,US,4,False,True,False,en
tt0110475,1994,1990-1999,Ciencia ficción/fantasía,US,6,False,True,True,en
tt0110478,1994,1990-1999,Acción/aventura,US,20,False,True,True,en
tt0110527,1994,1990-1999,Ciencia ficción/fantasía,US,46,False,True,True,en
tt0110622,1994,1990-1999,Comedia,US,19,False,True,True,en
tt0110632,1994,1990-1999,Romance,US,12,True,True,True,en
tt0110657,1994,1990-1999,Acción/aventura,US,50,True,True,True,en
tt0110912,1994,1990-1999,Thriller/crimen,US,3,False,True,True,en
tt0110932,1994,1990-1999,Drama,US,31,True,True,True,en
tt0110950,1994,1990-1999,Comedia,US,43,False,True,True,en
tt0110989,1994,1990-1999,Comedia,US,29,False,True,True,en
tt0110997,1994,1990-1999,Acción/aventura,US,45,False,True,True,en
tt0111070,1994,1990-1999,Comedia,US,18,False,True,True,en
tt0111161,1994,1990-1999,Drama,US,1,False,True,True,en
tt0111255,1994,1990-1999,Acción/aventura,US,32,True,True,True,en
tt0111257,1994,1990-1999,Acción/aventura,US,8,False,True,True,en
tt0111280,1994,1990-1999,Acción/aventura,US,24,True,True,True,en
tt0111282,1994,1990-1999,Acción/aventura,US,15,True,True,False,en
tt0111301,1994,1990-1999,Acción/aventura,US,28,False,True,True,en
tt0111438,1994,1990-1999,Acción/aventura,US,33,False,True,False,en
tt0111503,1994,1990-1999,Acción/aventura,US,11,False,True,True,en
tt0111686,1994,1990-1999,Terror,US,34,False,True,True,en
tt0111742,1994,1990-1999,Terror,US,36,False,True,True,en
tt0111756,1994,1990-1999,Acción/aventura,US,41,False,True,True,en
tt0112281,1995,1990-1999,Acción/aventura,US,16,False,True,True,en
tt0112384,1995,1990-1999,Acción/aventura,US,11,False,True,True,en
tt0112401,1995,1990-1999,Acción/aventura,US,40,True,True,False,en
tt0112431,1995,1990-1999,Comedia,US,24,True,True,False,en
tt0112442,1995,1990-1999,Acción/aventura,US,12,False,True,True,en
tt0112461,1995,1990-1999,Thriller/crimen,US,30,False,True,True,en
tt0112462,1995,1990-1999,Acción/aventura,US,14,False,True,True,en
tt0112471,1995,1990-1999,Comedia,US,10,False,True,False,en
tt0112508,1995,1990-1999,Comedia,US,20,False,True,True,en
tt0112573,1995,1990-1999,Drama,US,4,False,True,True,en
tt0112579,1995,1990-1999,Romance,US,38,True,True,True,en
tt0112641,1995,1990-1999,Thriller/crimen,US,7,False,True,False,en
tt0112642,1995,1990-1999,Ciencia ficción/fantasía,US,21,True,True,True,en
tt0112697,1995,1990-1999,Comedia,US,15,False,True,True,en
tt0112722,1995,1990-1999,Thriller/crimen,US,43,True,True,True,en
tt0112740,1995,1990-1999,Acción/aventura,US,26,True,True,True,en
tt0112817,1995,1990-1999,Acción/aventura,US,35,True,True,False,en
tt0112818,1995,1990-1999,Thriller/crimen,US,36,True,True,True,en
tt0112851,1995,1990-1999,Acción/aventura,US,19,False,True,True,en
tt0112864,1995,1990-1999,Acción/aventura,US,8,False,True,True,en
tt0112883,1994,1990-1999,Comedia,US,44,False,True,True,en
tt0112950,1995,1990-1999,Comedia,US,50,True,True,True,en
tt0113071,1995,1990-1999,Acción/aventura,US,46,False,True,True,en
tt0113101,1995,1990-1999,Comedia,US,33,False,True,True,en
tt0113118,1995,1990-1999,Comedia,US,25,False,True,True,en
tt0113161,1995,1990-1999,Comedia,US,39,False,True,True,en
tt0113189,1995,1990-1999,Acción/aventura,US,13,True,True,False,en
tt0113243,1995,1990-1999,Romance,US,47,False,True,True,en
tt0113277,1995,1990-1999,Acción/aventura,US,5,True,True,True,en
tt0113409,1994,1990-1999,Terror,US,25,False,True,True,en
tt0113481,1995,1990-1999,Acción/aventura,US,48,False,True,False,en
tt0113492,1995,1990-1999,Acción/aventura,US,31,False,True,True,en
tt0113497,1995,1990-1999,Acción/aventura,US,9,False,True,True,en
tt0113540,1995,1990-1999,Drama,US,41,False,True,True,en
tt0113627,1995,1990-1999,Romance,US,23,False,True,False,en
tt0113749,1995,1990-1999,Comedia,US,29,True,True,True,en
tt0113855,1995,1990-1999,Acción/aventura,US,28,False,True,True,en
tt0113957,1995,1990-1999,Acción/aventura,US,49,False,True,True,en
tt0114069,1995,1990-1999,Acción/aventura,US,22,True,True,True,en
tt0114148,1995,1990-1999,Animación,US,18,False,True,True,en
tt0114214,1995,1990-1999,Acción/aventura,US,34,False,True,True,en
tt0114369,1995,1990-1999,Thriller/crimen,US,1,True,True,True,en
tt0114388,1995,1990-1999,Romance,US,27,False,True,False,en
tt0114436,1995,1990-1999,Drama,US,45,True,True,False,en
tt0114508,1995,1990-1999,Terror,US,42,False,True,True,en
tt0114558,1995,1990-1999,Ciencia ficción/fantasía,US,44,True,True,True,en
tt0114694,1995,1990-1999,Acción/aventura,US,37,False,True,True,en
tt0114709,1995,1990-1999,Animación,US,3,False,True,True,en
tt0114746,1995,1990-1999,Ciencia ficción/fantasía,US,6,False,True,True,en
tt0114814,1995,1990-1999,Thriller/crimen,US,2,False,True,True,en
tt0114898,1995,1990-1999,Acción/aventura,US,17,True,True,True,en
tt0114924,1995,1990-1999,Comedia,US,32,True,True,True,en
tt0115433,1996,1990-1999,Acción/aventura,US,25,False,True,True,en
tt0115641,1996,1990-1999,Animación,US,49,True,True,True,en
tt0115685,1996,1990-1999,Comedia,US,27,False,True,True,en
tt0115734,1996,1990-1999,Comedia,US,37,True,True,True,en
tt0115736,1996,1990-1999,Thriller/crimen,US,43,False,True,True,en
tt0115759,1996,1990-1999,Acción/aventura,US,28,True,True,True,en
tt0115798,1996,1990-1999,Comedia,US,18,False,True,True,en
tt0115956,1996,1990-1999,Acción/aventura,US,48,True,True,True,en
tt0115963,1996,1990-1999,Terror,US,26,True,True,True,en
tt0116040,1996,1990-1999,Acción/aventura,US,39,False,True,True,en
tt0116126,1996,1990-1999,Comedia,US,44,True,True,True,en
tt0116136,1996,1990-1999,Acción/aventura,US,30,False,True,False,en
tt0116209,1996,1990-1999,Romance,US,15,False,True,False,en
tt0116213,1996,1990-1999,Acción/aventura,US,24,False,True,True,en
tt0116225,1996,1990-1999,Acción/aventura,US,38,True,True,True,en
tt0116253,1996,1990-1999,Acción/aventura,US,46,False,True,True,en
tt0116282,1996,1990-1999,Thriller/crimen,US,1,False,True,False,en
tt0116287,1996,1990-1999,Thriller/crimen,US,47,True,True,True,en
tt0116365,1996,1990-1999,Ciencia ficción/fantasía,US,32,True,True,False,en
tt0116367,1996,1990-1999,Terror,US,6,False,True,True,en
tt0116409,1996,1990-1999,Acción/aventura,US,42,False,True,True,en
tt0116483,1996,1990-1999,Comedia,US,8,False,True,True,en
tt0116583,1996,1990-1999,Animación,US,19,False,True,True,en
tt0116629,1996,1990-1999,Acción/aventura,US,2,False,True,True,en
tt0116669,1996,1990-1999,Ciencia ficción/fantasía,US,45,False,True,True,en
tt0116683,1996,1990-1999,Animación,US,40,True,True,False,en
tt0116695,1996,1990-1999,Comedia,US,7,False,True,True,en
tt0116705,1996,1990-1999,Acción/aventura,US,23,False,True,True,en
tt0116778,1996,1990-1999,Comedia,US,33,False,True,True,en
tt0116830,1996,1990-1999,Acción/aventura,US,50,False,True,True,en
tt0116908,1996,1990-1999,Acción/aventura,US,34,False,True,True,en
tt0116922,1997,1990-1999,Thriller/crimen,US,27,False,True,False,en
tt0116996,1996,1990-1999,Ciencia ficción/fantasía,US,11,False,True,True,en
tt0117008,1996,1990-1999,Ciencia ficción/fantasía,US,17,False,True,True,en
tt0117060,1996,1990-1999,Acción/aventura,US,3,False,True,False,en
tt0117218,1996,1990-1999,Ciencia ficción/fantasía,US,22,False,True,True,en
tt0117318,1996,1990-1999,Drama,US,29,False,True,True,en
tt0117333,1996,1990-1999,Ciencia ficción/fantasía,US,36,False,True,True,en
tt0117381,1996,1990-1999,Thriller/crimen,US,9,True,True,True,en
tt0117438,1996,1990-1999,Acción/aventura,US,20,True,True,True,en
tt0117500,1996,1990-1999,Acción/aventura,US,5,False,True,True,en
tt0117509,1996,1990-1999,Romance,US,10,False,True,False,en
tt0117571,1996,1990-1999,Terror,US,4,False,True,True,en
tt0117665,1996,1990-1999,Thriller/crimen,US,12,False,True,True,en
tt0117666,1996,1990-1999,Drama,US,31,False,True,True,en
tt0117705,1996,1990-1999,Animación,US,14,False,True,True,en
tt0117731,1996,1990-1999,Acción/aventura,US,21,False,True,True,en
tt0117802,1996,1990-1999,Comedia,US,35,True,True,True,en
tt0117887,1996,1990-1999,Comedia,US,41,False,True,True,en
tt0117913,1996,1990-1999,Thriller/crimen,US,16,False,True,True,en
tt0117998,1996,1990-1999,Acción/aventura,US,13,False,True,True,en
tt0118571,1997,1990-1999,Acción/aventura,US,23,False,True,True,en
tt0118583,1997,1990-1999,Terror,US,18,False,True,True,en
tt0118607,1997,1990-1999,Drama,US,48,True,True,True,en
tt0118615,1997,1990-1999,Terror,US,34,False,True,True,en
tt0118617,1997,1990-1999,Animación,US,31,False,True,True,en
tt0118655,1997,1990-1999,Acción/aventura,US,21,True,True,True,en
tt0118688,1997,1990-1999,Acción/aventura,US,19,False,True,True,en
tt0118689,1997,1990-1999,Acción/aventura,US,36,True,True,False,en
tt0118715,1998,1990-1999,Comedia,US,4,False,True,False,en
tt0118749,1997,1990-1999,Drama,US,17,True,True,True,en
tt0118842,1997,1990-1999,Comedia,US,30,False,True,True,en
tt0118880,1997,1990-1999,Acción/aventura,US,14,False,True,True,en
tt0118883,1997,1990-1999,Acción/aventura,US,38,True,True,True,en
tt0118884,1997,1990-1999,Ciencia ficción/fantasía,US,16,True,True,True,en
tt0118887,1997,1990-1999,Thriller/crimen,US,37,False,True,True,en
tt0118928,1997,1990-1999,Acción/aventura,US,39,False,True,True,en
tt0118929,1998,1990-1999,Ciencia ficción/fantasía,US,16,False,True,False,en
tt0118971,1997,1990-1999,Ciencia ficción/fantasía,US,7,False,True,True,en
tt0118998,1998,1990-1999,Ciencia ficción/fantasía,US,44,False,True,True,en
tt0119008,1997,1990-1999,Thriller/crimen,US,11,True,True,True,en
tt0119051,1997,1990-1999,Acción/aventura,US,50,True,True,True,en
tt0119081,1997,1990-1999,Terror,US,24,False,True,False,en
tt0119094,1997,1990-1999,Acción/aventura,US,8,False,True,True,en
tt0119099,1998,1990-1999,Acción/aventura,US,46,False,True,True,en
tt0119137,1997,1990-1999,Ciencia ficción/fantasía,US,42,False,True,True,en
tt0119164,1997,1990-1999,Comedia,US,35,False,True,False,en
tt0119173,1997,1990-1999,Acción/aventura,US,45,False,True,True,en
tt0119174,1997,1990-1999,Thriller/crimen,US,6,False,True,True,en
tt0119177,1997,1990-1999,Ciencia ficción/fantasía,US,12,True,True,True,en
tt0119190,1997,1990-1999,Acción/aventura,US,46,False,True,True,en
tt0119217,1997,1990-1999,Romance,US,2,False,True,True,en
tt0119229,1997,1990-1999,Acción/aventura,US,40,False,True,True,en
tt0119282,1997,1990-1999,Animación,US,20,False,True,True,en
tt0119303,1997,1990-1999,Acción/aventura,US,32,False,True,True,en
tt0119345,1997,1990-1999,Terror,US,26,False,True,True,en
tt0119395,1997,1990-1999,Acción/aventura,US,33,False,True,False,en
tt0119396,1997,1990-1999,Thriller/crimen,US,9,True,True,True,en
tt0119468,1997,1990-1999,Thriller/crimen,US,41,True,True,True,en
tt0119488,1997,1990-1999,Thriller/crimen,US,4,True,True,True,en
tt0119528,1997,1990-1999,Ciencia ficción/fantasía,US,10,False,True,True,en
tt0119567,1997,1990-1999,Acción/aventura,US,5,False,True,True,en
tt0119643,1998,1990-1999,Ciencia ficción/fantasía,US,12,True,True,True,en
tt0119654,1997,1990-1999,Acción/aventura,US,3,True,True,True,en
tt0119738,1997,1990-1999,Comedia,US,29,True,True,True,en
tt0119822,1997,1990-1999,Comedia,US,15,False,True,True,en
tt0119978,1997,1990-1999,Thriller/crimen,US,44,True,True,True,en
tt0120082,1997,1990-1999,Terror,US,22,False,True,True,en
tt0120102,1997,1990-1999,Acción/aventura,US,28,True,True,False,en
tt0120179,1997,1990-1999,Acción/aventura,US,47,False,True,True,en
tt0120184,1998,1990-1999,Ciencia ficción/fantasía,US,41,False,True,True,en
tt0120188,1999,1990-1999,Acción/aventura,US,34,True,True,True,en
tt0120201,1997,1990-1999,Acción/aventura,US,13,False,True,True,en
tt0120338,1997,1990-1999,Romance,US,1,False,True,True,en
tt0120347,1997,1990-1999,Acción/aventura,US,25,False,True,False,en
tt0120363,1999,1990-1999,Animación,US,7,False,True,True,en
tt0120382,1998,1990-1999,Comedia,US,2,False,True,True,en
tt0120461,1997,1990-1999,Acción/aventura,US,49,False,True,True,en
tt0120484,1998,1990-1999,Comedia,US,23,False,True,True,en
tt0120586,1998,1990-1999,Thriller/crimen,US,3,False,True,True,en
tt0120587,1998,1990-1999,Animación,US,30,False,True,True,en
tt0120591,1998,1990-1999,Acción/aventura,US,5,False,True,True,en
tt0120601,1999,1990-1999,Ciencia ficción/fantasía,US,14,False,True,True,en
tt0120611,1998,1990-1999,Terror,US,9,True,True,True,en
tt0120616,1999,1990-1999,Acción/aventura,US,8,True,True,True,en
tt0120623,1998,1990-1999,Animación,US,8,True,True,True,en
tt0120630,2000,2000-2009,Animación,US,28,False,True,False,en
tt0120632,1998,1990-1999,Ciencia ficción/fantasía,US,36,False,True,False,en
tt0120647,1998,1990-1999,Acción/aventura,US,22,True,True,True,en
tt0120655,1999,1990-1999,Acción/aventura,US,24,False,True,True,en
tt0120657,1999,1990-1999,Acción/aventura,US,42,False,True,True,en
tt0120660,1998,1990-1999,Acción/aventura,US,13,False,True,True,en
tt0120663,1999,1990-1999,Thriller/crimen,US,11,False,True,False,en
tt0120667,2005,2000-2009,Acción/aventura,US,17,True,True,False,en
tt0120669,1998,1990-1999,Acción/aventura,US,11,False,True,True,en
tt0120681,2001,2000-2009,Terror,US,36,True,True,False,en
tt0120685,1998,1990-1999,Acción/aventura,US,17,False,True,True,en
tt0120689,1999,1990-1999,Ciencia ficción/fantasía,US,3,True,True,True,en
tt0120694,1998,1990-1999,Terror,US,49,False,True,True,en
tt0120737,2001,2000-2009,Acción/aventura,US,1,False,True,False,en
tt0120744,1998,1990-1999,Acción/aventura,US,25,False,True,False,en
tt0120746,1998,1990-1999,Acción/aventura,US,19,False,True,True,en
tt0120755,2000,2000-2009,Acción/aventura,US,9,False,True,False,en
tt0120762,1998,1990-1999,Animación,US,6,True,True,True,en
tt0120768,1998,1990-1999,Acción/aventura,US,31,False,True,False,en
tt0120780,1998,1990-1999,Comedia,US,45,False,True,True,en
tt0120783,1998,1990-1999,Acción/aventura,US,27,True,True,False,en
tt0120784,1999,1990-1999,Acción/aventura,US,38,True,True,True,en
tt0120787,1998,1990-1999,Thriller/crimen,US,47,False,True,True,en
tt0120789,1998,1990-1999,Ciencia ficción/fantasía,US,34,True,True,True,en
tt0120791,1998,1990-1999,Ciencia ficción/fantasía,US,38,False,True,True,en
tt0120794,1998,1990-1999,Animación,US,32,False,True,True,en
tt0120812,1998,1990-1999,Acción/aventura,US,10,False,True,True,en
tt0120815,1998,1990-1999,Drama,US,1,False,True,True,en
tt0120832,1998,1990-1999,Thriller/crimen,US,48,True,True,True,en
tt0120855,1999,1990-1999,Animación,US,19,False,True,True,en
tt0120863,1998,1990-1999,Drama,US,18,True,True,True,en
tt0120873,1998,1990-1999,Acción/aventura,US,40,False,True,True,en
tt0120885,1997,1990-1999,Comedia,US,43,False,True,True,en
tt0120888,1998,1990-1999,Comedia,US,28,False,True,True,en
tt0120889,1998,1990-1999,Ciencia ficción/fantasía,US,39,False,True,False,en
tt0120890,1998,1990-1999,Thriller/crimen,US,35,False,True,True,en
tt0120891,1999,1990-1999,Acción/aventura,US,35,False,True,True,en
tt0120902,1998,1990-1999,Acción/aventura,US,42,False,True,True,en
tt0120903,2000,2000-2009,Acción/aventura,US,6,False,True,True,en
tt0120907,1999,1990-1999,Terror,US,48,True,True,False,en
tt0120912,2002,2000-2009,Acción/aventura,US,11,False,True,True,en
tt0120915,1999,1990-1999,Acción/aventura,US,6,False,True,True,en
tt0120917,2000,2000-2009,Animación,US,23,False,True,True,en
tt0121164,2005,2000-2009,Animación,US,22,False,True,False,en
tt0121765,2002,2000-2009,Acción/aventura,US,5,False,True,True,en
tt0121766,2005,2000-2009,Acción/aventura,US,3,False,True,True,en
tt0122151,1998,1990-1999,Acción/aventura,US,26,False,True,True,en
tt0122690,1998,1990-1999,Acción/aventura,US,20,False,True,False,en
tt0122718,1998,1990-1999,Acción/aventura,US,43,False,True,True,en
tt0122933,1999,1990-1999,Comedia,US,36,False,True,False,en
tt0125439,1999,1990-1999,Comedia,US,13,True,True,False,en
tt0125664,1999,1990-1999,Comedia,US,41,False,True,True,en
tt0126029,2001,2000-2009,Animación,US,6,False,True,True,en
tt0126886,1999,1990-1999,Comedia,US,50,False,True,True,en
tt0128442,1998,1990-1999,Thriller/crimen,US,29,True,True,True,en
tt0128445,1998,1990-1999,Comedia,US,21,True,True,True,en
tt0128853,1998,1990-1999,Comedia,US,14,True,True,True,en
tt0129167,1999,1990-1999,Animación,US,20,False,True,True,en
tt0129290,1998,1990-1999,Comedia,US,37,False,True,True,en
tt0129387,1998,1990-1999,Comedia,US,7,True,True,True,en
tt0130018,1998,1990-1999,Terror,US,50,False,True,False,en
tt0132477,1999,1990-1999,Drama,US,49,True,True,True,en
tt0133093,1999,1990-1999,Acción/aventura,US,2,False,True,False,en
tt0133152,2001,2000-2009,Acción/aventura,US,28,False,True,True,en
tt0133240,2002,2000-2009,Animación,US,40,False,True,True,en
tt0133751,1998,1990-1999,Terror,US,33,False,True,True,en
tt0134084,2000,2000-2009,Terror,US,34,False,True,True,en
tt0134119,1999,1990-1999,Thriller/crimen,US,18,False,True,True,en
tt0134273,1999,1990-1999,Thriller/crimen,US,40,False,True,False,en
tt0134847,2000,2000-2009,Terror,US,20,False,True,False,en
tt0137494,1999,1990-1999,Acción/aventura,US,45,False,True,False,en
tt0137523,1999,1990-1999,Thriller/crimen,US,1,True,True,False,en
tt0138097,1998,1990-1999,Comedia,US,15,False,True,False,en
tt0138704,1998,1990-1999,Terror,US,24,True,True,True,en
tt0138749,2000,2000-2009,Animación,US,47,False,True,True,en
tt0139134,1999,1990-1999,Romance,US,27,True,True,True,en
tt0139654,2001,2000-2009,Thriller/crimen,US,8,True,True,True,en
tt0140352,1999,1990-1999,Drama,US,32,False,True,True,en
tt0142342,1999,1990-1999,Comedia,US,23,False,True,True,en
tt0142688,1999,1990-1999,Thriller/crimen,US,29,False,True,False,en
tt0143145,1999,1990-1999,Acción/aventura,US,28,True,True,False,en
tt0144084,2000,2000-2009,Terror,US,5,True,True,False,en
tt0144117,1999,1990-1999,Acción/aventura,US,22,False,True,False,en
tt0145487,2002,2000-2009,Acción/aventura,US,4,False,True,True,en
tt0145660,1999,1990-1999,Acción/aventura,US,21,False,True,True,en
tt0145681,1999,1990-1999,Thriller/crimen,US,30,False,True,True,en
tt0146316,2001,2000-2009,Acción/aventura,US,29,True,True,False,en
tt0146675,1999,1990-1999,Terror,US,46,False,True,True,en
tt0146838,1999,1990-1999,Drama,US,44,False,True,True,en
tt0146882,2000,2000-2009,Comedia,US,31,False,True,False,en
tt0147800,1999,1990-1999,Comedia,US,10,True,True,True,en
tt0149261,1999,1990-1999,Acción/aventura,US,39,True,True,False,en
tt0151804,1999,1990-1999,Comedia,US,17,False,True,True,en
tt0158983,1999,1990-1999,Animación,US,26,True,True,True,en
tt0159097,1999,1990-1999,Romance,US,33,False,True,True,en
tt0159365,2003,2000-2009,Acción/aventura,US,37,False,True,False,en
tt0160127,2000,2000-2009,Acción/aventura,US,30,True,True,True,en
tt0160862,1999,1990-1999,Comedia,US,47,True,True,True,en
tt0161081,2000,2000-2009,Terror,US,37,False,True,True,en
tt0162222,2000,2000-2009,Acción/aventura,US,7,True,True,True,en
tt0162346,2001,2000-2009,Comedia,US,46,False,True,False,en
tt0162661,1999,1990-1999,Terror,US,12,False,True,True,en
tt0163025,2001,2000-2009,Acción/aventura,US,13,False,True,True,en
tt0163651,1999,1990-1999,Comedia,US,9,True,True,True,en
tt0163978,2000,2000-2009,Acción/aventura,US,19,False,True,False,en
tt0164052,2000,2000-2009,Terror,US,36,False,True,False,en
tt0164184,2002,2000-2009,Acción/aventura,US,47,False,True,False,en
tt0164912,1999,1990-1999,Acción/aventura,US,37,False,True,True,en
tt0166924,2001,2000-2009,Thriller/crimen,US,11,False,True,True,en
tt0167190,2004,2000-2009,Acción/aventura,US,27,False,True,True,en
tt0167260,2003,2000-2009,Acción/aventura,US,1,False,True,False,en
tt0167261,2002,2000-2009,Acción/aventura,US,1,False,True,False,en
tt0167404,1999,1990-1999,Thriller/crimen,US,5,False,True,True,en
tt0168629,2000,2000-2009,Thriller/crimen,US,45,False,True,False,en
tt0169547,1999,1990-1999,Drama,US,4,False,True,True,en
tt0170016,2000,2000-2009,Ciencia ficción/fantasía,US,13,False,True,True,en
tt0172156,2003,2000-2009,Acción/aventura,US,23,False,True,True,en
tt0172493,1999,1990-1999,Drama,US,25,False,True,True,en
tt0172495,2000,2000-2009,Acción/aventura,US,1,True,True,False,en
tt0175142,2000,2000-2009,Comedia,US,14,False,True,True,en
tt0175880,1999,1990-1999,Drama,US,15,False,True,True,en
tt0177789,1999,1990-1999,Acción/aventura,US,31,False,True,True,en
tt0177971,2000,2000-2009,Acción/aventura,US,33,True,True,True,en
tt0180093,2000,2000-2009,Drama,US,4,True,True,True,en
tt0181689,2002,2000-2009,Acción/aventura,US,7,True,True,True,en
tt0181852,2003,2000-2009,Acción/aventura,US,14,False,True,False,en
tt0181865,2000,2000-2009,Thriller/crimen,US,27,False,True,False,en
tt0181875,2000,2000-2009,Acción/aventura,US,15,True,True,True,en
tt0182789,1999,1990-1999,Ciencia ficción/fantasía,US,43,False,True,True,en
tt0183505,2000,2000-2009,Comedia,US,21,False,True,True,en
tt0183649,2002,2000-2009,Thriller/crimen,US,20,False,True,True,en
tt0183790,2001,2000-2009,Acción/aventura,US,30,False,True,True,en
tt0184894,2000,2000-2009,Acción/aventura,US,38,False,True,True,en
tt0185431,2000,2000-2009,Ciencia ficción/fantasía,US,48,False,True,True,en
tt0185937,1999,1990-1999,Terror,US,16,True,True,True,en
tt0186151,2000,2000-2009,Thriller/crimen,US,46,False,True,True,en
tt0187078,2000,2000-2009,Acción/aventura,US,17,False,True,True,en
tt0187393,2000,2000-2009,Acción/aventura,US,16,True,True,False,en
tt0187738,2002,2000-2009,Terror,US,23,False,True,False,en
tt0190138,2000,2000-2009,Comedia,US,39,False,True,True,en
tt0190332,2000,2000-2009,Acción/aventura,US,18,True,True,False,en
tt0190590,2000,2000-2009,Acción/aventura,US,11,False,True,False,en
tt0195685,2000,2000-2009,Drama,US,25,True,True,True,en
tt0195714,2000,2000-2009,Terror,US,12,False,True,False,en
tt0196229,2001,2000-2009,Comedia,US,18,False,True,False,en
tt0198781,2001,2000-2009,Animación,US,2,True,True,True,en
tt0200550,2000,2000-2009,Comedia,US,43,False,True,True,en
tt0203009,2001,2000-2009,Romance,US,19,True,True,False,en
tt0203019,2000,2000-2009,Drama,US,42,False,True,True,en
tt0206634,2006,2000-2009,Ciencia ficción/fantasía,US,10,False,True,False,en
tt0207201,2000,2000-2009,Ciencia ficción/fantasía,US,26,True,True,True,en
tt0208092,2000,2000-2009,Comedia,US,3,False,True,False,en
tt0209144,2000,2000-2009,Thriller/crimen,US,2,False,True,True,en
tt0209163,2001,2000-2009,Acción/aventura,US,15,False,True,True,en
tt0209958,2000,2000-2009,Terror,US,50,True,True,False,en
tt0210945,2000,2000-2009,Comedia,US,22,True,True,True,en
tt0212338,2000,2000-2009,Comedia,US,10,False,True,True,en
tt0212346,2000,2000-2009,Acción/aventura,US,24,False,True,False,en
tt0212720,2001,2000-2009,Acción/aventura,US,16,False,True,True,en
tt0212985,2001,2000-2009,Thriller/crimen,US,20,True,True,False,en
tt0213149,2001,2000-2009,Acción/aventura,US,14,False,True,True,en
tt0215129,2000,2000-2009,Comedia,US,32,True,True,True,en
tt0215750,2001,2000-2009,Acción/aventura,US,22,False,True,False,en
tt0216216,2000,2000-2009,Acción/aventura,US,40,False,True,False,en
tt0217505,2002,2000-2009,Thriller/crimen,US,10,True,True,False,en
tt0217869,2000,2000-2009,Ciencia ficción/fantasía,US,8,True,True,True,en
tt0218967,2000,2000-2009,Ciencia ficción/fantasía,US,41,False,True,True,en
tt0221027,2001,2000-2009,Thriller/crimen,US,26,True,True,True,en
tt0223897,2000,2000-2009,Drama,US,44,False,True,True,en
tt0227445,2001,2000-2009,Thriller/crimen,US,42,False,True,False,en
tt0227538,2001,2000-2009,Acción/aventura,US,44,True,True,True,en
tt0230011,2001,2000-2009,Animación,US,41,False,True,True,en
tt0230030,2000,2000-2009,Ciencia ficción/fantasía,US,49,False,True,True,en
tt0230600,2001,2000-2009,Terror,US,12,False,True,False,en
tt0232500,2001,2000-2009,Acción/aventura,US,9,False,True,True,en
tt0234215,2003,2000-2009,Acción/aventura,US,5,True,True,True,en
tt0236493,2001,2000-2009,Acción/aventura,US,49,False,True,False,en
tt0238380,2002,2000-2009,Acción/aventura,US,14,True,True,True,en
tt0240772,2001,2000-2009,Thriller/crimen,US,7,True,True,False,en
tt0240890,2001,2000-2009,Comedia,US,45,True,True,True,en
tt0241303,2000,2000-2009,Romance,US,29,True,True,False,en
tt0241527,2001,2000-2009,Acción/aventura,US,4,False,True,False,en
tt0242423,2000,2000-2009,Ciencia ficción/fantasía,US,35,True,True,True,en
tt0242653,2003,2000-2009,Acción/aventura,US,8,False,True,False,en
tt0243133,2001,2000-2009,Thriller/crimen,US,50,False,True,True,en
tt0243155,2001,2000-2009,Comedia,US,25,True,True,False,en
tt0244244,2001,2000-2009,Acción/aventura,US,31,False,True,False,en
tt0245844,2002,2000-2009,Acción/aventura,US,34,True,True,False,en
tt0246460,2002,2000-2009,Acción/aventura,US,25,True,True,False,en
tt0246578,2001,2000-2009,Ciencia ficción/fantasía,US,5,True,True,True,en
tt0247638,2001,2000-2009,Comedia,US,34,False,True,True,en
tt0250494,2001,2000-2009,Comedia,US,23,False,True,True,en
tt0250687,2001,2000-2009,Acción/aventura,US,47,True,True,False,en
tt0251075,2001,2000-2009,Ciencia ficción/fantasía,US,43,True,True,True,en
tt0251127,2003,2000-2009,Comedia,US,18,True,True,False,en
tt0251160,2002,2000-2009,Thriller/crimen,US,36,True,True,True,en
tt0252866,2001,2000-2009,Comedia,US,24,True,True,True,en
tt0253474,2002,2000-2009,Drama,US,3,False,True,False,en
tt0253556,2002,2000-2009,Acción/aventura,US,37,False,True,False,en
tt0256380,2001,2000-2009,Ciencia ficción/fantasía,US,40,False,True,False,en
tt0256415,2002,2000-2009,Comedia,US,45,True,True,True,en
tt0257044,2002,2000-2009,Thriller/crimen,US,21,False,True,True,en
tt0257076,2003,2000-2009,Acción/aventura,US,39,False,True,True,en
tt0257106,2001,2000-2009,Terror,US,33,True,True,True,en
tt0257360,2002,2000-2009,Drama,US,44,False,True,True,en
tt0258000,2002,2000-2009,Thriller/crimen,US,18,True,True,True,en
tt0258463,2002,2000-2009,Acción/aventura,US,8,False,True,False,en
tt0259324,2007,2000-2009,Acción/aventura,US,34,False,True,False,en
tt0259446,2002,2000-2009,Comedia,US,39,True,True,False,en
tt0259711,2001,2000-2009,Ciencia ficción/fantasía,US,21,False,True,True,en
tt0261392,2001,2000-2009,Comedia,US,37,False,True,True,en
tt0263488,2001,2000-2009,Terror,US,39,False,True,False,en
tt0264464,2002,2000-2009,Thriller/crimen,US,2,False,True,True,en
tt0265086,2001,2000-2009,Acción/aventura,US,10,True,True,True,en
tt0265208,2004,2000-2009,Comedia,US,36,True,True,True,en
tt0265459,2002,2000-2009,Thriller/crimen,US,43,False,True,True,en
tt0265666,2001,2000-2009,Comedia,US,17,False,True,True,en
tt0266543,2003,2000-2009,Animación,US,4,False,True,True,en
tt0266697,2003,2000-2009,Acción/aventura,US,3,True,True,True,en
tt0266915,2001,2000-2009,Acción/aventura,US,27,False,True,True,en
tt0266987,2001,2000-2009,Acción/aventura,US,35,True,True,True,en
tt0267913,2002,2000-2009,Acción/aventura,US,42,False,True,True,en
tt0268126,2002,2000-2009,Comedia,US,28,False,True,True,en
tt0268380,2002,2000-2009,Animación,US,9,False,True,True,en
tt0268695,2002,2000-2009,Acción/aventura,US,46,False,True,True,en
tt0268978,2001,2000-2009,Thriller/crimen,US,3,True,True,True,en
tt0272152,2001,2000-2009,Ciencia ficción/fantasía,US,32,False,True,False,en
tt0272338,2002,2000-2009,Comedia,US,30,True,True,True,en
tt0274558,2002,2000-2009,Romance,US,41,False,True,False,en
tt0275847,2002,2000-2009,Animación,US,24,False,True,True,en
tt0276751,2002,2000-2009,Comedia,US,29,False,True,False,en
tt0277027,2001,2000-2009,Drama,US,38,False,True,True,en
tt0277296,2002,2000-2009,Acción/aventura,US,38,True,True,False,en
tt0277371,2001,2000-2009,Comedia,US,48,True,True,True,en
tt0277434,2002,2000-2009,Acción/aventura,US,35,True,True,False,en
tt0278504,2002,2000-2009,Thriller/crimen,US,16,True,True,True,en
tt0280590,2002,2000-2009,Comedia,US,33,False,True,True,en
tt0281358,2002,2000-2009,Romance,US,27,False,True,True,en
tt0283111,2002,2000-2009,Comedia,US,50,True,True,False,en
tt0285823,2003,2000-2009,Acción/aventura,US,33,False,True,True,en
tt0286106,2002,2000-2009,Ciencia ficción/fantasía,US,12,False,True,True,en
tt0286499,2002,2000-2009,Comedia,US,49,True,True,False,en
tt0286716,2003,2000-2009,Acción/aventura,US,22,True,True,True,en
tt0287978,2003,2000-2009,Acción/aventura,US,28,True,True,True,en
tt0289765,2002,2000-2009,Thriller/crimen,US,19,False,True,True,en
tt0289879,2004,2000-2009,Ciencia ficción/fantasía,US,11,True,True,True,en
tt0289992,2003,2000-2009,Thriller/crimen,US,50,False,True,False,en
tt0290002,2004,2000-2009,Comedia,US,30,True,True,True,en
tt0290334,2003,2000-2009,Acción/aventura,US,6,False,True,True,en
tt0292506,2003,2000-2009,Acción/aventura,US,43,True,True,True,en
tt0293429,2021,2020-2024,Acción/aventura,US,26,False,True,False,en
tt0293564,2007,2000-2009,Acción/aventura,US,47,True,True,False,en
tt0293662,2002,2000-2009,Acción/aventura,US,17,True,True,False,en
tt0295178,2002,2000-2009,Acción/aventura,US,26,False,True,True,en
tt0295297,2002,2000-2009,Acción/aventura,US,6,False,True,False,en
tt0295700,2003,2000-2009,Terror,US,42,True,True,False,en
tt0295701,2002,2000-2009,Acción/aventura,US,31,False,True,True,en
tt0296572,2004,2000-2009,Acción/aventura,US,38,True,True,True,en
tt0298130,2002,2000-2009,Terror,US,13,True,True,True,en
tt0298148,2004,2000-2009,Animación,US,10,False,True,True,en
tt0298203,2002,2000-2009,Drama,US,15,True,True,False,en
tt0299658,2002,2000-2009,Comedia,US,22,False,True,False,en
tt0302886,2003,2000-2009,Comedia,US,25,False,True,True,en
tt0304141,2004,2000-2009,Acción/aventura,US,5,False,True,False,en
tt0305224,2003,2000-2009,Comedia,US,27,True,True,True,en
tt0305357,2003,2000-2009,Acción/aventura,US,46,False,True,True,en
tt0306047,2003,2000-2009,Comedia,US,34,False,True,True,en
tt0307901,2002,2000-2009,Drama,US,32,False,True,True,en
tt0307987,2003,2000-2009,Comedia,US,36,False,True,True,en
tt0308644,2004,2000-2009,Drama,US,49,False,True,False,en
tt0309593,2003,2000-2009,Terror,US,30,False,True,False,en
tt0309698,2003,2000-2009,Thriller/crimen,US,21,False,True,True,en
tt0311113,2003,2000-2009,Acción/aventura,US,24,False,True,True,en
tt0311429,2003,2000-2009,Acción/aventura,US,31,True,True,False,en
tt0312004,2005,2000-2009,Animación,US,46,True,True,False,en
tt0313737,2002,2000-2009,Comedia,US,48,False,True,False,en
tt0314331,2003,2000-2009,Comedia,US,7,False,True,False,en
tt0314353,2003,2000-2009,Acción/aventura,US,48,False,True,True,en
tt0315327,2003,2000-2009,Ciencia ficción/fantasía,US,13,False,True,True,en
tt0315733,2003,2000-2009,Thriller/crimen,US,26,False,True,True,en
tt0316654,2004,2000-2009,Acción/aventura,US,4,True,True,True,en
tt0317219,2006,2000-2009,Animación,US,12,True,True,True,en
tt0317705,2004,2000-2009,Animación,US,2,False,True,True,en
tt0317740,2003,2000-2009,Acción/aventura,US,15,False,True,False,en
tt0317919,2006,2000-2009,Acción/aventura,US,16,False,True,True,en
tt0318627,2004,2000-2009,Terror,US,45,True,True,False,en
tt0319061,2003,2000-2009,Acción/aventura,US,12,False,True,True,en
tt0319262,2004,2000-2009,Acción/aventura,US,14,False,True,True,en
tt0319343,2003,2000-2009,Acción/aventura,US,17,True,True,True,en
tt0320661,2005,2000-2009,Acción/aventura,US,19,False,True,False,en
tt0320691,2003,2000-2009,Acción/aventura,US,20,False,True,False,en
tt0322259,2003,2000-2009,Acción/aventura,US,19,False,True,True,en
tt0322330,2003,2000-2009,Ciencia ficción/fantasía,US,32,False,True,True,en
tt0324216,2003,2000-2009,Terror,US,38,False,True,True,en
tt0325703,2003,2000-2009,Acción/aventura,US,40,True,True,False,en
tt0325710,2003,2000-2009,Acción/aventura,US,11,False,True,False,en
tt0325805,2003,2000-2009,Comedia,US,44,False,True,False,en
tt0325980,2003,2000-2009,Acción/aventura,US,2,False,True,True,en
tt0327056,2003,2000-2009,Thriller/crimen,US,10,False,True,False,en
tt0327084,2006,2000-2009,Animación,US,38,True,True,True,en
tt0327597,2009,2000-2009,Animación,US,27,False,True,True,en
tt0327850,2003,2000-2009,Acción/aventura,US,41,False,True,True,en
tt0328107,2004,2000-2009,Acción/aventura,US,21,True,True,True,en
tt0328828,2003,2000-2009,Comedia,US,29,False,True,False,en
tt0328880,2003,2000-2009,Animación,US,47,True,True,True,en
tt0329101,2003,2000-2009,Terror,US,49,False,True,True,en
tt0330373,2005,2000-2009,Acción/aventura,US,5,True,True,False,en
tt0332280,2004,2000-2009,Romance,US,7,False,True,True,en
tt0332379,2003,2000-2009,Comedia,US,16,False,True,False,en
tt0332452,2004,2000-2009,Acción/aventura,US,8,False,True,False,en
tt0333766,2004,2000-2009,Comedia,US,44,False,True,True,en
tt0335266,2003,2000-2009,Comedia,US,9,False,False,False,en
tt0335345,2004,2000-2009,Drama,US,34,False,True,True,en
tt0337563,2004,2000-2009,Ciencia ficción/fantasía,US,39,False,True,True,en
tt0337741,2003,2000-2009,Comedia,US,45,True,True,True,en
tt0337978,2007,2000-2009,Acción/aventura,US,15,False,True,True,en
tt0338013,2004,2000-2009,Ciencia ficción/fantasía,US,1,False,True,True,en
tt0338348,2004,2000-2009,Animación,US,35,False,True,False,en
tt0338526,2004,2000-2009,Acción/aventura,US,29,False,True,False,en
tt0338751,2004,2000-2009,Drama,US,23,False,True,True,en
tt0339291,2004,2000-2009,Acción/aventura,US,43,True,True,False,en
tt0340855,2003,2000-2009,Thriller/crimen,US,35,False,True,False,en
tt0343660,2004,2000-2009,Comedia,US,22,True,True,True,en
tt0343818,2004,2000-2009,Acción/aventura,US,9,False,True,True,en
tt0348150,2006,2000-2009,Acción/aventura,US,27,False,True,True,en
tt0349903,2004,2000-2009,Thriller/crimen,US,20,False,True,True,en
tt0351283,2005,2000-2009,Animación,US,10,False,True,True,en
tt0352248,2005,2000-2009,Romance,US,35,False,True,True,en
tt0356150,2004,2000-2009,Comedia,US,41,False,True,True,en
tt0356910,2005,2000-2009,Acción/aventura,US,6,True,True,True,en
tt0357413,2004,2000-2009,Comedia,US,24,True,True,True,en
tt0358082,2005,2000-2009,Animación,US,39,True,True,True,en
tt0358273,2005,2000-2009,Drama,US,25,True,True,False,en
tt0359950,2013,2010-2019,Acción/aventura,US,31,False,True,False,en
tt0360486,2005,2000-2009,Terror,US,14,True,True,False,en
tt0360717,2005,2000-2009,Acción/aventura,US,11,False,True,False,en
tt0361748,2009,2000-2009,Drama,US,1,False,True,False,en
tt0361862,2004,2000-2009,Thriller/crimen,US,19,False,True,False,en
tt0362227,2004,2000-2009,Comedia,US,12,True,True,True,en
tt0362270,2004,2000-2009,Acción/aventura,US,47,True,True,True,en
tt0363547,2004,2000-2009,Terror,US,32,False,True,True,en
tt0363771,2005,2000-2009,Acción/aventura,US,12,True,True,False,en
tt0363988,2004,2000-2009,Thriller/crimen,US,46,True,True,True,en
tt0364725,2004,2000-2009,Comedia,US,33,False,True,True,en
tt0365737,2005,2000-2009,Thriller/crimen,US,50,False,True,True,en
tt0366548,2006,2000-2009,Animación,US,37,False,True,False,en
tt0366551,2004,2000-2009,Acción/aventura,US,50,False,True,False,en
tt0367594,2005,2000-2009,Acción/aventura,US,7,False,True,False,en
tt0367882,2008,2000-2009,Acción/aventura,US,11,False,True,True,en
tt0368447,2004,2000-2009,Thriller/crimen,US,31,False,True,True,en
tt0368891,2004,2000-2009,Acción/aventura,US,26,False,True,True,en
tt0369339,2004,2000-2009,Acción/aventura,US,17,False,True,True,en
tt0369441,2005,2000-2009,Comedia,US,45,False,True,True,en
tt0369610,2015,2010-2019,Acción/aventura,US,8,False,True,True,en
tt0370263,2004,2000-2009,Terror,US,42,False,True,False,en
tt0371724,2005,2000-2009,Acción/aventura,US,33,False,True,False,en
tt0371746,2008,2000-2009,Acción/aventura,US,3,False,True,True,en
tt0372183,2004,2000-2009,Acción/aventura,US,13,False,True,True,en
tt0372784,2005,2000-2009,Thriller/crimen,US,1,True,True,False,en
tt0373469,2005,2000-2009,Comedia,US,28,True,True,True,en
tt0373889,2007,2000-2009,Acción/aventura,US,8,True,True,False,en
tt0374900,2004,2000-2009,Comedia,US,37,False,True,True,en
tt0375063,2004,2000-2009,Comedia,US,48,True,True,True,en
tt0375679,2004,2000-2009,Thriller/crimen,US,18,False,True,False,en
tt0376541,2004,2000-2009,Romance,US,40,False,True,True,en
tt0376994,2006,2000-2009,Acción/aventura,US,8,False,True,False,en
tt0377092,2004,2000-2009,Comedia,US,16,False,True,True,en
tt0378194,2004,2000-2009,Acción/aventura,US,3,False,True,True,en
tt0379725,2005,2000-2009,Thriller/crimen,US,48,True,True,False,en
tt0379786,2005,2000-2009,Acción/aventura,US,23,False,True,True,en
tt0380510,2009,2000-2009,Ciencia ficción/fantasía,US,41,False,True,False,en
tt0381061,2006,2000-2009,Acción/aventura,US,5,False,True,False,en
tt0381681,2004,2000-2009,Romance,US,28,True,True,True,en
tt0381849,2007,2000-2009,Acción/aventura,US,23,True,True,True,en
tt0382625,2006,2000-2009,Thriller/crimen,US,13,False,True,True,en
tt0382932,2007,2000-2009,Animación,US,2,False,True,True,en
tt0383574,2006,2000-2009,Acción/aventura,US,4,True,True,True,en
tt0384793,2006,2000-2009,Comedia,US,48,False,True,True,en
tt0385002,2005,2000-2009,Thriller/crimen,US,42,False,True,False,en
tt0385752,2007,2000-2009,Acción/aventura,US,45,False,True,False,en
tt0385880,2006,2000-2009,Animación,US,45,False,True,True,en
tt0386588,2005,2000-2009,Comedia,US,20,True,True,True,en
tt0387564,2004,2000-2009,Terror,US,15,True,True,True,en
tt0387808,2006,2000-2009,Acción/aventura,US,34,False,True,True,en
tt0388482,2005,2000-2009,Acción/aventura,US,31,True,True,False,en
tt0388795,2005,2000-2009,Romance,US,13,False,True,True,en
tt0389722,2007,2000-2009,Terror,US,46,False,True,True,en
tt0389790,2007,2000-2009,Animación,US,48,True,True,True,en
tt0389860,2006,2000-2009,Ciencia ficción/fantasía,US,19,False,True,True,en
tt0393162,2005,2000-2009,Drama,US,37,False,True,True,en
tt0395169,2004,2000-2009,Drama,US,25,False,True,False,en
tt0396171,2006,2000-2009,Ciencia ficción/fantasía,US,28,False,True,False,en
tt0396269,2005,2000-2009,Comedia,US,15,False,True,True,en
tt0397065,2005,2000-2009,Terror,US,49,False,True,False,en
tt0397535,2005,2000-2009,Romance,US,41,False,True,True,en
tt0397892,2008,2000-2009,Animación,US,39,True,True,True,en
tt0398165,2005,2000-2009,Comedia,US,34,False,True,True,en
tt0398286,2010,2010-2019,Animación,US,11,True,True,True,en
tt0398808,2007,2000-2009,Ciencia ficción/fantasía,US,49,True,True,True,en
tt0399146,2005,2000-2009,Acción/aventura,US,26,True,True,False,en
tt0399201,2005,2000-2009,Acción/aventura,US,21,True,True,True,en
tt0399295,2005,2000-2009,Thriller/crimen,US,18,False,True,False,en
tt0401729,2012,2010-2019,Acción/aventura,US,34,True,True,True,en
tt0401792,2005,2000-2009,Thriller/crimen,US,4,False,True,True,en
tt0401855,2006,2000-2009,Acción/aventura,US,35,False,True,True,en
tt0404032,2005,2000-2009,Terror,US,47,True,True,True,en
tt0405159,2004,2000-2009,Drama,US,6,False,True,True,en
tt0405422,2005,2000-2009,Comedia,US,9,False,True,True,en
tt0407304,2005,2000-2009,Acción/aventura,US,8,True,True,True,en
tt0407887,2006,2000-2009,Thriller/crimen,US,2,False,True,False,en
tt0408236,2007,2000-2009,Terror,US,16,False,True,False,en
tt0408306,2005,2000-2009,Thriller/crimen,US,27,True,True,False,en
tt0408790,2005,2000-2009,Thriller/crimen,US,38,False,True,False,en
tt0409459,2009,2000-2009,Acción/aventura,US,11,True,True,True,en
tt0409847,2011,2010-2019,Acción/aventura,US,48,False,True,True,en
tt0410297,2006,2000-2009,Ciencia ficción/fantasía,US,43,False,True,False,en
tt0411477,2008,2000-2009,Acción/aventura,US,27,False,True,False,en
tt0413267,2007,2000-2009,Animación,US,21,False,True,True,en
tt0413300,2007,2000-2009,Acción/aventura,US,6,False,True,True,en
tt0414387,2005,2000-2009,Romance,US,16,False,True,False,en
tt0414982,2006,2000-2009,Terror,US,41,False,True,False,en
tt0414993,2006,2000-2009,Romance,US,30,False,True,True,en
tt0415306,2006,2000-2009,Comedia,US,36,False,True,True,en
tt0416320,2005,2000-2009,Romance,US,29,False,True,False,en
tt0416449,2006,2000-2009,Acción/aventura,US,3,False,True,True,en
tt0417148,2006,2000-2009,Acción/aventura,US,47,True,True,True,en
tt0417741,2009,2000-2009,Acción/aventura,US,8,False,True,False,en
tt0418279,2007,2000-2009,Acción/aventura,US,5,False,True,True,en
tt0418763,2005,2000-2009,Drama,US,32,False,True,False,en
tt0420223,2006,2000-2009,Ciencia ficción/fantasía,US,31,False,True,True,en
tt0421239,2005,2000-2009,Thriller/crimen,US,44,False,True,True,en
tt0421715,2008,2000-2009,Ciencia ficción/fantasía,US,5,False,True,True,en
tt0424095,2006,2000-2009,Animación,US,46,False,True,False,en
tt0424136,2005,2000-2009,Thriller/crimen,US,40,False,True,True,en
tt0424345,2006,2000-2009,Comedia,US,50,True,True,True,en
tt0425061,2008,2000-2009,Acción/aventura,US,41,False,True,True,en
tt0425210,2006,2000-2009,Thriller/crimen,US,23,False,True,False,en
tt0427944,2005,2000-2009,Comedia,US,30,False,True,True,en
tt0429493,2010,2010-2019,Acción/aventura,US,33,False,True,True,en
tt0430105,2005,2000-2009,Acción/aventura,US,43,False,True,True,en
tt0430922,2008,2000-2009,Comedia,US,37,False,True,False,en
tt0431308,2007,2000-2009,Comedia,US,40,True,True,True,en
tt0432021,2007,2000-2009,Terror,US,43,False,True,False,en
tt0432283,2009,2000-2009,Animación,US,26,False,True,True,en
tt0432348,2005,2000-2009,Terror,US,24,False,True,True,en
tt0433035,2011,2010-2019,Acción/aventura,US,25,False,True,False,en
tt0434409,2005,2000-2009,Acción/aventura,US,2,False,True,False,en
tt0435761,2010,2010-2019,Animación,US,3,False,True,True,en
tt0437086,2019,2010-2019,Acción/aventura,US,22,True,True,True,en
tt0438097,2006,2000-2009,Animación,US,26,False,True,True,en
tt0438488,2009,2000-2009,Acción/aventura,US,17,False,True,True,en
tt0439572,2023,2020-2024,Acción/aventura,US,13,True,True,True,en
tt0440963,2007,2000-2009,Acción/aventura,US,12,True,True,False,en
tt0441773,2008,2000-2009,Animación,US,7,True,True,True,en
tt0443272,2012,2010-2019,Drama,US,38,False,True,True,en
tt0443453,2006,2000-2009,Comedia,US,14,False,True,False,en
tt0443543,2006,2000-2009,Ciencia ficción/fantasía,US,18,True,True,False,en
tt0443680,2007,2000-2009,Thriller/crimen,US,44,False,True,True,en
tt0443706,2007,2000-2009,Thriller/crimen,US,11,True,True,True,en
tt0446029,2010,2010-2019,Acción/aventura,US,12,False,True,False,en
tt0448011,2009,2000-2009,Ciencia ficción/fantasía,US,32,False,True,False,en
tt0448115,2019,2010-2019,Acción/aventura,US,15,True,True,True,en
tt0448134,2007,2000-2009,Ciencia ficción/fantasía,US,29,True,True,False,en
tt0448157,2008,2000-2009,Acción/aventura,US,9,True,True,True,en
tt0449059,2006,2000-2009,Comedia,US,11,False,True,True,en
tt0449088,2007,2000-2009,Acción/aventura,US,4,False,True,True,en
tt0449467,2006,2000-2009,Drama,US,25,False,True,False,en
tt0450259,2006,2000-2009,Acción/aventura,US,7,False,True,False,en
tt0450278,2005,2000-2009,Terror,US,36,False,True,False,en
tt0450385,2007,2000-2009,Terror,US,25,False,True,False,en
tt0451279,2017,2010-2019,Acción/aventura,US,8,True,True,True,en
tt0452594,2006,2000-2009,Comedia,US,49,False,True,True,en
tt0452608,2008,2000-2009,Acción/aventura,US,43,False,True,False,en
tt0452623,2007,2000-2009,Thriller/crimen,US,26,True,True,True,en
tt0453467,2006,2000-2009,Acción/aventura,US,22,True,True,False,en
tt0454841,2006,2000-2009,Terror,US,39,True,True,False,en
tt0454848,2006,2000-2009,Thriller/crimen,US,15,False,True,True,en
tt0454876,2012,2010-2019,Acción/aventura,US,11,False,True,True,en
tt0454921,2006,2000-2009,Drama,US,6,True,True,True,en
tt0454945,2006,2000-2009,Comedia,US,40,False,True,True,en
tt0455944,2014,2010-2019,Acción/aventura,US,24,True,True,True,en
tt0457939,2006,2000-2009,Comedia,US,20,False,True,False,en
tt0458339,2011,2010-2019,Acción/aventura,US,2,True,True,True,en
tt0458352,2006,2000-2009,Comedia,US,9,False,True,True,en
tt0458525,2009,2000-2009,Acción/aventura,US,12,False,True,False,en
tt0461770,2007,2000-2009,Animación,US,39,False,True,True,en
tt0462499,2008,2000-2009,Acción/aventura,US,36,False,True,False,en
tt0462538,2007,2000-2009,Animación,US,22,False,True,True,en
tt0463985,2006,2000-2009,Acción/aventura,US,24,False,True,False,en
tt0465234,2007,2000-2009,Acción/aventura,US,35,False,True,True,en
tt0465494,2007,2000-2009,Acción/aventura,US,50,True,True,False,en
tt0467406,2007,2000-2009,Comedia,US,13,False,True,True,en
tt0468569,2008,2000-2009,Thriller/crimen,US,1,False,True,False,en
tt0469494,2007,2000-2009,Drama,US,7,False,True,True,en
tt0472043,2006,2000-2009,Acción/aventura,US,21,True,True,False,en
tt0473075,2010,2010-2019,Acción/aventura,US,27,False,True,True,en
tt0475394,2006,2000-2009,Acción/aventura,US,44,False,True,False,en
tt0477080,2010,2010-2019,Acción/aventura,US,41,False,True,True,en
tt0477347,2006,2000-2009,Acción/aventura,US,17,False,True,False,en
tt0477348,2007,2000-2009,Thriller/crimen,US,1,False,True,True,en
tt0478087,2008,2000-2009,Thriller/crimen,US,28,False,True,True,en
tt0478311,2007,2000-2009,Comedia,US,17,False,True,True,en
tt0478970,2015,2010-2019,Acción/aventura,US,7,False,True,True,en
tt0479143,2006,2000-2009,Drama,US,32,False,True,True,en
tt0479884,2006,2000-2009,Acción/aventura,US,29,False,True,True,en
tt0479952,2008,2000-2009,Animación,US,34,True,True,True,en
tt0480249,2007,2000-2009,Terror,US,3,False,True,True,en
tt0481369,2007,2000-2009,Thriller/crimen,US,41,True,True,False,en
tt0481499,2013,2010-2019,Animación,US,42,False,True,True,en
tt0482571,2006,2000-2009,Ciencia ficción/fantasía,US,1,False,True,False,en
tt0486576,2007,2000-2009,Acción/aventura,US,27,False,True,False,en
tt0486655,2007,2000-2009,Acción/aventura,US,28,True,True,False,en
tt0486822,2007,2000-2009,Thriller/crimen,US,31,True,True,True,en
tt0488120,2007,2000-2009,Thriller/crimen,US,36,False,True,True,en
tt0489099,2008,2000-2009,Acción/aventura,US,22,False,True,False,en
tt0489270,2006,2000-2009,Terror,US,33,True,True,True,en
tt0493464,2008,2000-2009,Acción/aventura,US,17,False,True,False,en
tt0496806,2007,2000-2009,Thriller/crimen,US,18,True,True,True,en
tt0497465,2008,2000-2009,Comedia,US,29,True,True,False,en
tt0498380,2006,2000-2009,Acción/aventura,US,42,True,True,True,en
tt0499448,2008,2000-2009,Acción/aventura,US,40,False,True,False,en
tt0499549,2009,2000-2009,Acción/aventura,US,2,False,True,True,en
tt0756683,2007,2000-2009,Ciencia ficción/fantasía,US,42,True,True,True,en
tt0758752,2010,2010-2019,Comedia,US,36,True,True,True,en
tt0758758,2007,2000-2009,Acción/aventura,US,10,False,True,True,en
tt0758774,2008,2000-2009,Acción/aventura,US,38,True,True,True,en
tt0765010,2009,2000-2009,Thriller/crimen,US,46,False,True,True,en
tt0765429,2007,2000-2009,Thriller/crimen,US,14,False,True,True,en
tt0765443,2007,2000-2009,Thriller/crimen,US,30,False,True,False,en
tt0770828,2013,2010-2019,Acción/aventura,US,5,False,True,False,en
tt0780504,2011,2010-2019,Acción/aventura,US,4,True,True,True,en
tt0780521,2009,2000-2009,Animación,US,43,False,True,True,en
tt0780536,2008,2000-2009,Comedia,US,14,True,True,False,en
tt0790636,2013,2010-2019,Drama,US,19,False,True,True,en
tt0790724,2012,2010-2019,Acción/aventura,US,20,False,True,True,en
tt0795421,2008,2000-2009,Comedia,US,26,False,True,False,en
tt0796366,2009,2000-2009,Acción/aventura,US,9,False,True,True,en
tt0800039,2008,2000-2009,Comedia,US,25,False,True,True,en
tt0800080,2008,2000-2009,Acción/aventura,US,8,True,True,True,en
tt0800320,2010,2010-2019,Acción/aventura,US,30,False,True,False,en
tt0800369,2011,2010-2019,Acción/aventura,US,3,False,True,True,en
tt0803096,2016,2010-2019,Acción/aventura,US,30,False,True,False,en
tt0808151,2009,2000-2009,Thriller/crimen,US,24,False,True,False,en
tt0810819,2015,2010-2019,Drama,US,37,False,True,False,en
tt0814255,2010,2010-2019,Acción/aventura,US,42,True,True,False,en
tt0814314,2008,2000-2009,Thriller/crimen,US,24,True,True,True,en
tt0816692,2014,2010-2019,Acción/aventura,US,1,False,True,False,en
tt0816711,2013,2010-2019,Terror,US,6,False,True,False,en
tt0822854,2007,2000-2009,Acción/aventura,US,20,False,True,True,en
tt0824747,2008,2000-2009,Thriller/crimen,US,33,True,True,True,en
tt0825232,2007,2000-2009,Acción/aventura,US,32,False,True,True,en
tt0829150,2014,2010-2019,Acción/aventura,US,43,False,True,False,en
tt0829482,2007,2000-2009,Comedia,US,9,False,True,True,en
tt0830515,2008,2000-2009,Acción/aventura,US,12,False,True,False,en
tt0831387,2014,2010-2019,Acción/aventura,US,25,False,True,False,en
tt0834001,2009,2000-2009,Acción/aventura,US,47,False,True,True,en
tt0837562,2012,2010-2019,Animación,US,30,False,True,True,en
tt0838221,2007,2000-2009,Acción/aventura,US,37,False,True,True,en
tt0838283,2008,2000-2009,Comedia,US,21,False,True,True,en
tt0840361,2010,2010-2019,Thriller/crimen,US,14,False,True,True,en
tt0844471,2009,2000-2009,Animación,US,28,True,True,True,en
tt0848228,2012,2010-2019,Acción/aventura,US,3,True,True,True,en
tt0870154,2021,2020-2024,Acción/aventura,US,24,True,True,True,en
tt0878804,2009,2000-2009,Drama,US,18,False,True,True,en
tt0884328,2007,2000-2009,Terror,US,19,True,True,True,en
tt0887883,2008,2000-2009,Comedia,US,19,False,True,False,en
tt0887912,2008,2000-2009,Thriller/crimen,US,13,False,True,True,en
tt0892769,2010,2010-2019,Animación,US,5,True,True,True,en
tt0892782,2009,2000-2009,Animación,US,42,True,True,True,en
tt0892791,2010,2010-2019,Animación,US,37,False,True,True,en
tt0898367,2009,2000-2009,Thriller/crimen,US,31,False,True,True,en
tt0903624,2012,2010-2019,Acción/aventura,US,5,True,True,False,en
tt0910936,2008,2000-2009,Acción/aventura,US,20,False,True,True,en
tt0910970,2008,2000-2009,Animación,US,2,True,True,True,en
tt0914798,2008,2000-2009,Drama,US,30,True,True,False,en
tt0926084,2010,2010-2019,Acción/aventura,US,8,False,True,False,en
tt0936501,2008,2000-2009,Acción/aventura,US,6,False,True,False,en
tt0938283,2010,2010-2019,Acción/aventura,US,49,True,True,True,en
tt0942385,2008,2000-2009,Acción/aventura,US,15,False,True,False,en
tt0944835,2010,2010-2019,Acción/aventura,US,24,False,True,True,en
tt0945513,2011,2010-2019,Acción/aventura,US,10,False,True,False,en
tt0947798,2010,2010-2019,Thriller/crimen,US,6,False,True,True,en
tt0948470,2012,2010-2019,Acción/aventura,US,6,False,True,True,en
tt0949731,2008,2000-2009,Acción/aventura,US,45,False,True,True,en
tt0955308,2010,2010-2019,Acción/aventura,US,31,False,True,False,en
tt0959337,2008,2000-2009,Romance,US,42,True,True,False,en
tt0960144,2008,2000-2009,Acción/aventura,US,44,False,True,True,en
tt0964517,2010,2010-2019,Acción/aventura,US,17,False,True,True,en
tt0970179,2011,2010-2019,Acción/aventura,US,29,False,True,False,en
tt0970416,2008,2000-2009,Acción/aventura,US,49,False,True,False,en
tt0974015,2017,2010-2019,Ciencia ficción/fantasía,US,16,True,True,True,en
tt0974661,2009,2000-2009,Ciencia ficción/fantasía,US,34,False,True,True,en
tt0976051,2008,2000-2009,Romance,US,35,False,True,False,en
tt0978764,2011,2010-2019,Acción/aventura,US,43,True,True,True,en
tt0983193,2011,2010-2019,Animación,US,45,False,True,False,en
tt0985694,2010,2010-2019,Acción/aventura,US,45,False,True,True,en
tt0985699,2008,2000-2009,Thriller/crimen,US,31,False,True,False,en
tt0986263,2009,2000-2009,Acción/aventura,US,44,False,True,True,en
tt0988045,2009,2000-2009,Acción/aventura,US,6,True,True,False,en
tt0988595,2008,2000-2009,Comedia,US,48,False,True,True,en
tt0993840,2021,2020-2024,Acción/aventura,US,28,False,True,True,en
tt0993846,2013,2010-2019,Comedia,US,1,False,True,True,en
tt1001508,2009,2000-2009,Comedia,US,40,False,True,False,en
tt1001526,2010,2010-2019,Animación,US,26,False,True,True,en
tt10016180,2021,2020-2024,Thriller/crimen,US,40,False,True,True,en
tt10059518,2020,2020-2024,Acción/aventura,US,40,True,True,True,en
tt1007028,2008,2000-2009,Comedia,US,50,True,True,True,en
tt1013743,2010,2010-2019,Acción/aventura,US,40,False,True,True,en
tt1013752,2009,2000-2009,Acción/aventura,US,22,True,True,False,en
tt1014759,2010,2010-2019,Acción/aventura,US,13,False,True,False,en
tt10151854,2023,2020-2024,Acción/aventura,US,37,True,True,True,en
tt1016150,2022,2020-2024,Drama,US,11,False,True,False,en
tt1022603,2009,2000-2009,Comedia,US,10,False,True,True,en
tt1024648,2012,2010-2019,Drama,US,12,False,True,True,en
tt1028528,2007,2000-2009,Thriller/crimen,US,24,False,True,True,en
tt1028532,2009,2000-2009,Drama,US,21,True,True,False,en
tt10293406,2021,2020-2024,Drama,US,20,True,True,False,en
tt10298810,2022,2020-2024,Animación,US,45,True,True,True,en
tt1032755,2008,2000-2009,Acción/aventura,US,32,True,True,False,en
tt1033575,2011,2010-2019,Comedia,US,44,True,True,True,en
tt1033643,2008,2000-2009,Comedia,US,47,False,True,True,en
tt10366206,2023,2020-2024,Acción/aventura,US,6,False,True,True,en
tt10366460,2021,2020-2024,Comedia,US,23,True,True,False,en
tt1037705,2010,2010-2019,Acción/aventura,US,23,False,True,True,en
tt1041829,2009,2000-2009,Comedia,US,15,False,True,True,en
tt1045658,2012,2010-2019,Romance,US,8,True,True,True,en
tt1046173,2009,2000-2009,Acción/aventura,US,38,True,True,True,en
tt1049413,2009,2000-2009,Animación,US,3,False,True,True,en
tt10514222,2020,2020-2024,Drama,US,45,False,True,True,en
tt1051906,2020,2020-2024,Terror,US,6,True,True,False,en
tt10539608,2020,2020-2024,Acción/aventura,US,36,True,True,True,en
tt10545296,2023,2020-2024,Acción/aventura,US,24,True,True,True,en
tt1055369,2009,2000-2009,Acción/aventura,US,13,False,True,True,en
tt1057500,2009,2000-2009,Drama,US,48,True,True,False,en
tt1059786,2008,2000-2009,Acción/aventura,US,46,False,True,False,en
tt1060277,2008,2000-2009,Terror,US,16,False,True,True,en
tt10618286,2020,2020-2024,Drama,US,32,False,True,True,en
tt10633456,2020,2020-2024,Drama,US,26,False,True,True,en
tt10640346,2022,2020-2024,Comedia,US,30,False,True,True,en
tt10648342,2022,2020-2024,Acción/aventura,US,9,False,True,True,en
tt1065073,2014,2010-2019,Comedia,US,31,False,True,True,en
tt10655524,2024,2020-2024,Romance,US,46,True,True,True,en
tt10676048,2023,2020-2024,Acción/aventura,US,30,True,True,True,en
tt10682266,2020,2020-2024,Terror,US,48,False,True,True,en
tt1068680,2008,2000-2009,Comedia,US,18,True,True,False,en
tt1070874,2020,2020-2024,Thriller/crimen,US,13,False,True,True,en
tt10731256,2022,2020-2024,Thriller/crimen,US,35,False,True,True,en
tt1074638,2012,2010-2019,Acción/aventura,US,7,True,True,False,en
tt1077258,2007,2000-2009,Terror,US,38,False,True,True,en
tt1077368,2012,2010-2019,Terror,US,36,True,True,False,en
tt1078912,2009,2000-2009,Acción/aventura,US,36,False,True,False,en
tt1080016,2009,2000-2009,Animación,US,29,False,True,True,en
tt10838180,2021,2020-2024,Acción/aventura,US,14,False,True,True,en
tt10872600,2021,2020-2024,Acción/aventura,US,2,True,True,True,en
tt1091191,2013,2010-2019,Acción/aventura,US,33,True,True,True,en
tt1091722,2009,2000-2009,Comedia,US,49,False,True,True,en
tt10919380,2020,2020-2024,Terror,US,41,False,True,True,en
tt1092026,2011,2010-2019,Acción/aventura,US,35,False,True,False,en
tt10954600,2023,2020-2024,Acción/aventura,US,10,True,True,True,en
tt10954652,2021,2020-2024,Thriller/crimen,US,32,True,True,True,en
tt10954984,2022,2020-2024,Terror,US,12,True,True,False,en
tt1099212,2008,2000-2009,Ciencia ficción/fantasía,US,10,False,True,True,en
tt1104001,2010,2010-2019,Acción/aventura,US,18,False,True,True,en
tt11057302,2024,2020-2024,Acción/aventura,US,41,True,True,True,en
tt11083552,2021,2020-2024,Acción/aventura,US,22,True,True,False,en
tt1111422,2009,2000-2009,Acción/aventura,US,39,True,True,True,en
tt11138512,2022,2020-2024,Acción/aventura,US,16,False,True,False,en
tt1119646,2009,2000-2009,Comedia,US,4,False,True,True,en
tt1120985,2010,2010-2019,Romance,US,39,False,True,True,en
tt11214590,2021,2020-2024,Thriller/crimen,US,36,True,True,True,en
tt1121931,2009,2000-2009,Acción/aventura,US,50,False,True,True,en
tt11233960,2021,2020-2024,Thriller/crimen,US,45,True,True,False,en
tt1124035,2011,2010-2019,Thriller/crimen,US,49,True,True,True,en
tt11245972,2022,2020-2024,Terror,US,32,True,True,True,en
tt1125849,2008,2000-2009,Drama,US,23,False,True,False,en
tt11271038,2021,2020-2024,Comedia,US,39,True,True,True,en
tt1127180,2009,2000-2009,Terror,US,35,False,True,True,en
tt11286314,2021,2020-2024,Ciencia ficción/fantasía,US,3,True,True,True,en
tt11291274,2022,2020-2024,Acción/aventura,US,34,False,True,True,en
tt11301886,2024,2020-2024,Acción/aventura,US,45,False,True,True,en
tt1130884,2010,2010-2019,Thriller/crimen,US,2,True,True,True,en
tt11315808,2024,2020-2024,Thriller/crimen,US,20,True,True,True,en
tt1131734,2009,2000-2009,Terror,US,45,False,True,True,en
tt1133985,2011,2010-2019,Acción/aventura,US,33,False,True,True,en
tt11358390,2023,2020-2024,Acción/aventura,US,49,False,True,True,en
tt1136608,2009,2000-2009,Acción/aventura,US,5,False,True,False,en
tt1136617,2023,2020-2024,Acción/aventura,US,16,True,True,True,en
tt11389872,2024,2020-2024,Acción/aventura,US,26,False,True,True,en
tt1142988,2009,2000-2009,Comedia,US,33,False,True,True,en
tt1148204,2009,2000-2009,Terror,US,30,True,True,False,en
tt1152836,2009,2000-2009,Thriller/crimen,US,23,False,True,True,en
tt1155056,2009,2000-2009,Comedia,US,37,False,True,True,en
tt1155076,2010,2010-2019,Acción/aventura,US,38,True,True,False,en
tt11563598,2024,2020-2024,Drama,US,39,True,True,True,en
tt1156398,2009,2000-2009,Terror,US,7,False,True,True,en
tt11564570,2022,2020-2024,Comedia,US,7,True,True,True,en
tt1160419,2021,2020-2024,Acción/aventura,US,1,False,True,False,en
tt1170358,2013,2010-2019,Acción/aventura,US,11,True,True,False,en
tt1179904,2007,2000-2009,Terror,US,33,False,True,True,en
tt1179933,2016,2010-2019,Terror,US,18,False,True,True,en
tt11813216,2022,2020-2024,Comedia,US,17,False,True,False,en
tt1182345,2009,2000-2009,Ciencia ficción/fantasía,US,16,False,True,False,en
tt11858890,2023,2020-2024,Acción/aventura,US,19,True,True,True,en
tt11866324,2022,2020-2024,Terror,US,19,True,True,True,en
tt1189340,2011,2010-2019,Thriller/crimen,US,41,True,True,True,en
tt1190080,2009,2000-2009,Acción/aventura,US,14,False,True,False,en
tt1192628,2011,2010-2019,Animación,US,32,False,True,True,en
tt1193138,2009,2000-2009,Comedia,US,19,True,True,True,en
tt1194173,2012,2010-2019,Acción/aventura,US,28,False,True,True,en
tt1197624,2009,2000-2009,Acción/aventura,US,20,False,True,True,en
tt12003946,2022,2020-2024,Acción/aventura,US,50,True,True,True,en
tt1201607,2011,2010-2019,Acción/aventura,US,1,False,True,False,en
tt12037194,2024,2020-2024,Acción/aventura,US,4,False,True,False,en
tt1205489,2008,2000-2009,Drama,US,4,False,True,False,en
tt1210166,2011,2010-2019,Drama,US,16,True,True,True,en
tt1210819,2013,2010-2019,Acción/aventura,US,43,False,True,True,en
tt1211837,2016,2010-2019,Acción/aventura,US,3,False,True,True,en
tt1211956,2013,2010-2019,Acción/aventura,US,37,False,True,True,en
tt1212450,2012,2010-2019,Thriller/crimen,US,43,True,True,True,en
tt1213641,2018,2010-2019,Drama,US,29,False,True,True,en
tt1213663,2013,2010-2019,Acción/aventura,US,34,False,True,False,en
tt1216475,2011,2010-2019,Animación,US,42,False,True,True,en
tt1217209,2012,2010-2019,Animación,US,17,False,True,True,en
tt1219289,2011,2010-2019,Ciencia ficción/fantasía,US,6,False,True,True,en
tt1219827,2017,2010-2019,Acción/aventura,US,35,True,True,False,en
tt1220634,2010,2010-2019,Terror,US,48,False,True,False,en
tt1226229,2010,2010-2019,Comedia,US,47,False,True,True,en
tt12263384,2023,2020-2024,Acción/aventura,US,29,True,True,True,en
tt1228705,2010,2010-2019,Acción/aventura,US,4,False,True,True,en
tt1229238,2011,2010-2019,Acción/aventura,US,12,False,True,True,en
tt1231583,2010,2010-2019,Comedia,US,21,False,True,True,en
tt1231587,2010,2010-2019,Ciencia ficción/fantasía,US,46,True,True,True,en
tt1232829,2012,2010-2019,Acción/aventura,US,13,False,True,True,en
tt1234721,2014,2010-2019,Acción/aventura,US,40,False,True,True,en
tt12361974,2021,2020-2024,Acción/aventura,US,8,False,True,True,en
tt1243957,2010,2010-2019,Acción/aventura,US,34,False,True,False,en
tt1245492,2013,2010-2019,Ciencia ficción/fantasía,US,27,False,True,True,en
tt1245526,2010,2010-2019,Acción/aventura,US,25,True,True,True,en
tt1250777,2010,2010-2019,Acción/aventura,US,10,False,True,False,en
tt1253863,2014,2010-2019,Acción/aventura,US,35,False,True,True,en
tt12584954,2024,2020-2024,Acción/aventura,US,17,True,True,True,en
tt12593682,2022,2020-2024,Acción/aventura,US,6,False,True,False,en
tt1259521,2011,2010-2019,Terror,US,18,False,True,False,en
tt1259528,2018,2010-2019,Acción/aventura,US,49,True,True,True,en
tt1259571,2009,2000-2009,Acción/aventura,US,25,False,True,True,en
tt1262426,2024,2020-2024,Ciencia ficción/fantasía,US,13,True,True,True,en
tt1270797,2018,2010-2019,Acción/aventura,US,8,False,True,False,en
tt1270798,2011,2010-2019,Acción/aventura,US,5,False,True,False,en
tt1272878,2013,2010-2019,Acción/aventura,US,46,True,True,True,en
tt12747748,2023,2020-2024,Thriller/crimen,US,14,False,True,True,en
tt1276104,2012,2010-2019,Acción/aventura,US,14,False,True,False,en
tt1277953,2012,2010-2019,Animación,US,48,False,True,True,en
tt1279935,2010,2010-2019,Comedia,US,50,False,True,True,en
tt12801262,2021,2020-2024,Animación,US,25,False,True,True,en
tt1282140,2010,2010-2019,Comedia,US,15,False,True,True,en
tt1284575,2011,2010-2019,Comedia,US,50,False,True,True,en
tt1285016,2010,2010-2019,Drama,US,7,False,True,True,en
tt1289401,2016,2010-2019,Acción/aventura,US,35,True,True,True,en
tt1291150,2014,2010-2019,Animación,US,42,True,True,True,en
tt1291584,2011,2010-2019,Acción/aventura,US,14,True,True,True,en
tt1298650,2011,2010-2019,Acción/aventura,US,8,False,True,True,en
tt1300854,2013,2010-2019,Acción/aventura,US,2,True,True,True,en
tt1302006,2019,2010-2019,Thriller/crimen,US,13,False,True,True,en
tt1302011,2011,2010-2019,Animación,US,27,False,True,True,en
tt1306980,2011,2010-2019,Comedia,US,28,False,True,True,en
tt13143964,2020,2020-2024,Comedia,US,20,False,True,True,en
tt1318514,2011,2010-2019,Acción/aventura,US,9,True,True,True,en
tt1320253,2010,2010-2019,Acción/aventura,US,19,True,True,True,en
tt1321870,2013,2010-2019,Acción/aventura,US,47,False,True,False,en
tt1323594,2010,2010-2019,Animación,US,9,True,True,False,en
tt13238346,2023,2020-2024,Romance,US,27,False,True,True,en
tt1324999,2011,2010-2019,Acción/aventura,US,39,False,True,True,en
tt1325004,2010,2010-2019,Acción/aventura,US,32,True,True,True,en
tt13287846,2023,2020-2024,Acción/aventura,US,23,False,True,False,en
tt13320622,2022,2020-2024,Acción/aventura,US,36,True,True,True,en
tt1340138,2015,2010-2019,Acción/aventura,US,25,False,True,True,en
tt1343092,2013,2010-2019,Romance,US,14,False,True,False,en
tt13433802,2024,2020-2024,Terror,US,23,True,True,True,en
tt1343727,2012,2010-2019,Acción/aventura,US,32,False,True,False,en
tt13452446,2024,2020-2024,Acción/aventura,US,40,True,True,True,en
tt1345836,2012,2010-2019,Thriller/crimen,US,1,False,True,False,en
tt1355644,2016,2010-2019,Ciencia ficción/fantasía,US,13,True,True,False,en
tt1355683,2015,2010-2019,Thriller/crimen,US,39,True,True,False,en
tt13560574,2022,2020-2024,Terror,US,26,True,True,False,en
tt13622970,2024,2020-2024,Animación,US,37,True,True,True,en
tt1365519,2018,2010-2019,Acción/aventura,US,25,True,True,False,en
tt1371111,2012,2010-2019,Ciencia ficción/fantasía,US,21,False,True,False,en
tt1375666,2010,2010-2019,Acción/aventura,US,1,True,True,False,en
tt1375670,2010,2010-2019,Comedia,US,28,False,True,True,en
tt13833688,2022,2020-2024,Drama,US,13,True,True,True,en
tt1385826,2011,2010-2019,Thriller/crimen,US,36,True,True,True,en
tt1386588,2010,2010-2019,Acción/aventura,US,29,False,True,True,en
tt1386697,2016,2010-2019,Acción/aventura,US,7,False,True,True,en
tt1386703,2012,2010-2019,Acción/aventura,US,41,False,True,True,en
tt1390411,2015,2010-2019,Acción/aventura,US,50,False,True,False,en
tt1392170,2012,2010-2019,Acción/aventura,US,4,True,True,True,en
tt1392190,2015,2010-2019,Acción/aventura,US,1,False,True,False,en
tt1392214,2013,2010-2019,Thriller/crimen,US,3,False,True,True,en
tt1396484,2017,2010-2019,Terror,US,11,True,True,True,en
tt1398426,2015,2010-2019,Drama,US,35,False,True,True,en
tt1399103,2011,2010-2019,Acción/aventura,US,22,False,True,True,en
tt1401152,2011,2010-2019,Acción/aventura,US,38,True,True,False,en
tt1403865,2010,2010-2019,Drama,US,20,True,True,True,en
tt1408101,2013,2010-2019,Acción/aventura,US,24,False,True,True,en
tt1409024,2012,2010-2019,Acción/aventura,US,18,False,True,True,en
tt1411238,2011,2010-2019,Comedia,US,46,True,True,True,en
tt1411697,2011,2010-2019,Comedia,US,11,False,True,True,en
tt14138650,2022,2020-2024,Terror,US,44,False,True,True,en
tt14208870,2022,2020-2024,Drama,US,46,False,True,True,en
tt14209916,2023,2020-2024,Comedia,US,46,False,True,True,en
tt14230388,2023,2020-2024,Comedia,US,38,False,True,True,en
tt14230458,2023,2020-2024,Comedia,US,5,True,True,False,en
tt1424381,2010,2010-2019,Acción/aventura,US,35,True,True,True,en
tt14257582,2024,2020-2024,Acción/aventura,US,43,False,True,True,en
tt1428538,2013,2010-2019,Terror,US,49,False,True,False,en
tt1430132,2013,2010-2019,Acción/aventura,US,20,False,True,False,en
tt1431045,2016,2010-2019,Acción/aventura,US,1,False,True,True,en
tt1436562,2011,2010-2019,Animación,US,37,False,True,True,en
tt1440129,2012,2010-2019,Acción/aventura,US,42,False,True,True,en
tt1446192,2012,2010-2019,Animación,US,50,True,True,True,en
tt1446714,2012,2010-2019,Acción/aventura,US,10,True,True,False,en
tt1453405,2013,2010-2019,Animación,US,29,False,True,True,en
tt14539740,2024,2020-2024,Acción/aventura,US,34,True,True,False,en
tt1454029,2011,2010-2019,Drama,US,15,True,True,True,en
tt1454468,2013,2010-2019,Ciencia ficción/fantasía,US,4,True,True,False,en
tt1457767,2013,2010-2019,Terror,US,15,False,True,True,en
tt1458175,2010,2010-2019,Acción/aventura,US,43,False,True,True,en
tt1462764,2023,2020-2024,Acción/aventura,US,15,True,True,True,en
tt14641788,2022,2020-2024,Acción/aventura,US,48,False,True,False,en
tt1464335,2022,2020-2024,Acción/aventura,US,15,False,True,True,en
tt1464540,2011,2010-2019,Acción/aventura,US,47,True,True,True,en
tt1465522,2010,2010-2019,Terror,US,44,False,True,False,en
tt1469304,2017,2010-2019,Acción/aventura,US,39,False,True,True,en
tt1477834,2018,2010-2019,Acción/aventura,US,9,False,True,True,en
tt1478338,2011,2010-2019,Comedia,US,31,True,True,True,en
tt1483013,2013,2010-2019,Acción/aventura,US,16,False,True,True,en
tt14846026,2022,2020-2024,Acción/aventura,US,49,False,True,False,en
tt14849194,2023,2020-2024,Comedia,US,12,False,True,True,en
tt1485796,2017,2010-2019,Drama,US,24,True,True,True,en
tt14858658,2024,2020-2024,Thriller/crimen,US,35,True,True,False,en
tt1488589,2022,2020-2024,Animación,US,40,True,True,False,en
tt1488606,2019,2010-2019,Acción/aventura,US,44,True,True,True,en
tt1489887,2019,2010-2019,Comedia,US,48,False,True,True,en
tt1489889,2016,2010-2019,Acción/aventura,US,39,False,True,True,en
tt1490017,2014,2010-2019,Animación,US,29,True,True,False,en
tt14948432,2024,2020-2024,Acción/aventura,US,31,False,True,True,en
tt14966898,2023,2020-2024,Terror,US,35,False,True,False,en
tt1499658,2011,2010-2019,Comedia,US,19,False,True,True,en
tt14998742,2023,2020-2024,Acción/aventura,US,41,True,True,True,en
tt15009428,2024,2020-2024,Acción/aventura,US,47,False,True,False,en
tt1502397,2020,2020-2024,Acción/aventura,US,14,False,True,False,en
tt1502407,2018,2010-2019,Terror,US,40,False,True,True,en
tt1502712,2015,2010-2019,Animación,US,42,False,True,True,en
tt1515091,2011,2010-2019,Acción/aventura,US,17,True,True,False,en
tt1517268,2023,2020-2024,Acción/aventura,US,2,True,True,False,en
tt1517451,2018,2010-2019,Romance,US,13,False,True,True,en
tt15239678,2024,2020-2024,Acción/aventura,US,1,False,True,False,en
tt15314262,2024,2020-2024,Acción/aventura,US,21,True,True,True,en
tt15325794,2022,2020-2024,Acción/aventura,US,43,True,True,False,en
tt1535108,2013,2010-2019,Acción/aventura,US,25,False,True,True,en
tt1535109,2013,2010-2019,Acción/aventura,US,22,False,True,True,en
tt15398776,2023,2020-2024,Drama,US,1,True,True,False,en
tt1542344,2010,2010-2019,Drama,US,16,False,True,True,en
tt15474916,2022,2020-2024,Terror,US,24,True,True,True,en
tt1560220,2019,2010-2019,Terror,US,35,False,True,True,en
tt1564367,2011,2010-2019,Comedia,US,34,False,True,True,en
tt15671028,2023,2020-2024,Comedia,US,17,False,True,True,en
tt1568346,2011,2010-2019,Thriller/crimen,US,13,False,True,False,en
tt1570728,2011,2010-2019,Comedia,US,7,True,True,True,en
tt1571234,2018,2010-2019,Acción/aventura,US,50,False,True,False,en
tt15789038,2023,2020-2024,Animación,US,31,True,True,True,en
tt15791034,2022,2020-2024,Terror,US,20,True,True,True,en
tt1587310,2014,2010-2019,Acción/aventura,US,27,False,True,True,en
tt1588173,2013,2010-2019,Acción/aventura,US,40,False,True,True,en
tt1591095,2010,2010-2019,Terror,US,22,False,True,False,en
tt1596343,2011,2010-2019,Acción/aventura,US,23,False,True,True,en
tt1596363,2015,2010-2019,Comedia,US,11,True,True,True,en
tt1598778,2011,2010-2019,Thriller/crimen,US,30,False,True,True,en
tt1599348,2012,2010-2019,Acción/aventura,US,45,True,True,False,en
tt1601913,2011,2010-2019,Acción/aventura,US,40,False,True,True,en
tt1605630,2012,2010-2019,Comedia,US,47,False,True,True,en
tt1605783,2011,2010-2019,Ciencia ficción/fantasía,US,21,False,True,False,en
tt1606378,2013,2010-2019,Acción/aventura,US,50,True,True,True,en
tt1606389,2012,2010-2019,Romance,US,49,False,True,True,en
tt1617661,2015,2010-2019,Acción/aventura,US,40,False,True,False,en
tt1618434,2019,2010-2019,Romance,US,41,False,True,True,en
tt16277242,2023,2020-2024,Acción/aventura,US,28,True,True,False,en
tt1628841,2016,2010-2019,Acción/aventura,US,50,False,True,True,en
tt1630029,2022,2020-2024,Acción/aventura,US,4,True,True,True,en
tt1631867,2014,2010-2019,Acción/aventura,US,9,False,True,True,en
tt1632708,2011,2010-2019,Comedia,US,24,True,True,True,en
tt1634106,2020,2020-2024,Acción/aventura,US,37,False,True,True,en
tt16366836,2024,2020-2024,Terror,US,29,True,True,True,en
tt1636826,2012,2010-2019,Comedia,US,44,True,True,True,en
tt1637688,2011,2010-2019,Acción/aventura,US,20,False,True,True,en
tt1637725,2012,2010-2019,Comedia,US,9,False,True,True,en
tt1638355,2015,2010-2019,Acción/aventura,US,18,False,True,False,en
tt16419074,2023,2020-2024,Drama,US,20,True,True,True,en
tt16426418,2024,2020-2024,Comedia,US,22,False,True,True,en
tt1645170,2012,2010-2019,Comedia,US,23,False,True,True,en
tt1646971,2014,2010-2019,Animación,US,30,True,True,True,en
tt1649418,2022,2020-2024,Acción/aventura,US,18,True,True,True,en
tt1650062,2011,2010-2019,Acción/aventura,US,26,False,True,True,en
tt1650554,2013,2010-2019,Acción/aventura,US,36,True,True,False,en
tt1655441,2015,2010-2019,Ciencia ficción/fantasía,US,36,False,True,True,en
tt1659337,2012,2010-2019,Drama,US,15,True,True,True,en
tt1661199,2015,2010-2019,Acción/aventura,US,38,False,True,False,en
tt1663202,2015,2010-2019,Acción/aventura,US,5,True,True,True,en
tt1663662,2013,2010-2019,Acción/aventura,US,18,False,True,False,en
tt1667889,2012,2010-2019,Animación,US,46,False,True,True,en
tt1670345,2013,2010-2019,Thriller/crimen,US,10,False,True,False,en
tt1673434,2012,2010-2019,Acción/aventura,US,39,False,True,True,en
tt1677720,2018,2010-2019,Acción/aventura,US,10,True,True,True,en
tt1684562,2024,2020-2024,Acción/aventura,US,10,True,True,True,en
tt1690953,2013,2010-2019,Animación,US,26,False,True,True,en
tt1700841,2016,2010-2019,Animación,US,41,False,True,True,en
tt17024450,2023,2020-2024,Acción/aventura,US,32,True,True,True,en
tt1706593,2012,2010-2019,Ciencia ficción/fantasía,US,40,False,True,False,en
tt1706620,2013,2010-2019,Acción/aventura,US,30,True,True,False,en
tt1707386,2012,2010-2019,Romance,US,24,True,True,False,en
tt1723121,2013,2010-2019,Comedia,US,21,True,True,False,en
tt1727824,2018,2010-2019,Drama,US,7,False,True,False,en
tt17279496,2024,2020-2024,Acción/aventura,US,11,False,True,False,en
tt1731141,2013,2010-2019,Acción/aventura,US,38,False,True,True,en
tt1735898,2012,2010-2019,Acción/aventura,US,31,False,True,False,en
tt1745960,2022,2020-2024,Acción/aventura,US,2,False,True,True,en
tt1748122,2012,2010-2019,Acción/aventura,US,22,True,True,True,en
tt17526714,2024,2020-2024,Terror,US,3,True,True,False,en
tt1764651,2012,2010-2019,Acción/aventura,US,27,False,True,True,en
tt17663992,2023,2020-2024,Terror,US,34,True,True,True,en
tt1772341,2012,2010-2019,Animación,US,16,False,True,True,en
tt1790809,2017,2010-2019,Acción/aventura,US,19,False,True,True,en
tt1790864,2014,2010-2019,Acción/aventura,US,18,False,True,True,en
tt1790885,2012,2010-2019,Thriller/crimen,US,26,True,True,True,en
tt1798684,2015,2010-2019,Acción/aventura,US,29,False,True,True,en
tt1798709,2013,2010-2019,Ciencia ficción/fantasía,US,12,False,True,True,en
tt1800241,2013,2010-2019,Thriller/crimen,US,23,True,True,True,en
tt1809398,2014,2010-2019,Drama,US,48,False,True,True,en
tt1817273,2012,2010-2019,Thriller/crimen,US,33,False,True,True,en
tt1823672,2015,2010-2019,Acción/aventura,US,28,True,True,False,en
tt1825683,2018,2010-2019,Acción/aventura,US,2,False,True,True,en
tt1840309,2014,2010-2019,Acción/aventura,US,21,True,True,True,en
tt18412256,2024,2020-2024,Terror,US,7,False,True,True,en
tt1843866,2014,2010-2019,Acción/aventura,US,5,False,True,True,en
tt1853728,2012,2010-2019,Drama,US,2,False,True,True,en
tt1855199,2012,2010-2019,Acción/aventura,US,35,False,True,True,en
tt1856101,2017,2010-2019,Acción/aventura,US,7,False,True,False,en
tt1860357,2016,2010-2019,Acción/aventura,US,49,False,True,True,en
tt1872181,2014,2010-2019,Acción/aventura,US,16,False,True,True,en
tt1872194,2014,2010-2019,Thriller/crimen,US,44,False,True,True,en
tt1877830,2022,2020-2024,Acción/aventura,US,1,True,True,True,en
tt1877832,2014,2010-2019,Acción/aventura,US,10,True,True,False,en
tt18925334,2022,2020-2024,Terror,US,41,False,True,True,en
tt1895587,2015,2010-2019,Thriller/crimen,US,12,False,True,True,en
tt1905041,2013,2010-2019,Acción/aventura,US,28,True,True,False,en
tt1907668,2012,2010-2019,Thriller/crimen,US,19,False,True,True,en
tt1922777,2012,2010-2019,Terror,US,29,False,True,False,en
tt1931533,2012,2010-2019,Comedia,US,37,False,True,False,en
tt1935859,2016,2010-2019,Acción/aventura,US,46,False,True,False,en
tt1950186,2019,2010-2019,Acción/aventura,US,8,True,True,False,en
tt1951261,2013,2010-2019,Comedia,US,32,True,True,True,en
tt1951264,2013,2010-2019,Acción/aventura,US,9,False,True,True,en
tt1951265,2014,2010-2019,Acción/aventura,US,20,True,True,True,en
tt1951266,2015,2010-2019,Acción/aventura,US,17,False,True,False,en
tt1959490,2014,2010-2019,Acción/aventura,US,38,False,True,True,en
tt1959563,2017,2010-2019,Acción/aventura,US,32,True,True,True,en
tt1964418,2015,2010-2019,Acción/aventura,US,41,True,True,True,en
tt1972591,2017,2010-2019,Acción/aventura,US,34,False,True,False,en
tt19770238,2022,2020-2024,Drama,US,47,True,True,False,en
tt1979320,2013,2010-2019,Drama,US,17,False,True,False,en
tt1979376,2019,2010-2019,Animación,US,21,True,True,True,en
tt1980209,2013,2010-2019,Acción/aventura,US,45,False,True,True,en
tt1981115,2013,2010-2019,Acción/aventura,US,8,False,True,True,en
tt1981677,2012,2010-2019,Comedia,US,25,False,True,True,en
tt2004420,2014,2010-2019,Comedia,US,34,False,True,True,en
tt2005151,2016,2010-2019,Comedia,US,28,False,True,True,en
tt2015381,2014,2010-2019,Acción/aventura,US,2,False,True,True,en
tt20215234,2024,2020-2024,Thriller/crimen,US,8,True,True,False,en
tt20215968,2023,2020-2024,Comedia,US,44,False,True,True,en
tt2024469,2014,2010-2019,Acción/aventura,US,37,False,True,False,en
tt2024544,2013,2010-2019,Drama,US,7,False,True,False,en
tt2049403,2024,2020-2024,Terror,US,24,True,True,True,en
tt2066051,2019,2010-2019,Drama,US,39,False,True,False,en
tt2080374,2015,2010-2019,Drama,US,43,False,True,False,en
tt2084970,2014,2010-2019,Thriller/crimen,US,7,False,True,True,en
tt2094766,2016,2010-2019,Acción/aventura,US,43,False,True,False,en
tt2096673,2015,2010-2019,Animación,US,6,False,True,True,en
tt2103281,2014,2010-2019,Acción/aventura,US,22,False,True,True,en
tt21064584,2023,2020-2024,Drama,US,47,True,True,False,en
tt2109248,2014,2010-2019,Acción/aventura,US,33,False,True,True,en
tt2119532,2016,2010-2019,Drama,US,9,True,True,False,en
tt2120120,2015,2010-2019,Animación,US,45,True,True,True,en
tt21235248,2024,2020-2024,Acción/aventura,US,44,False,True,True,en
tt2126355,2015,2010-2019,Acción/aventura,US,30,False,True,False,en
tt21382296,2024,2020-2024,Acción/aventura,US,18,True,True,True,en
tt2140479,2016,2010-2019,Acción/aventura,US,17,False,True,True,en
tt2170439,2014,2010-2019,Comedia,US,50,True,True,True,en
tt2179136,2014,2010-2019,Acción/aventura,US,17,True,True,True,en
tt21823606,2024,2020-2024,Comedia,US,28,True,True,False,en
tt2184339,2013,2010-2019,Terror,US,39,False,True,False,en
tt22022452,2024,2020-2024,Animación,US,12,True,True,True,en
tt22048412,2024,2020-2024,Terror,US,49,True,True,True,en
tt2209764,2014,2010-2019,Ciencia ficción/fantasía,US,41,False,True,True,en
tt2222042,2020,2020-2024,Acción/aventura,US,21,True,True,True,en
tt2229499,2013,2010-2019,Comedia,US,41,False,True,True,en
tt2231461,2018,2010-2019,Acción/aventura,US,34,False,True,True,en
tt2234155,2013,2010-2019,Comedia,US,48,False,True,True,en
tt2239822,2017,2010-2019,Acción/aventura,US,40,False,True,False,en
tt2245084,2014,2010-2019,Animación,US,19,False,True,True,en
tt2250912,2017,2010-2019,Acción/aventura,US,4,False,True,True,en
tt2267968,2016,2010-2019,Animación,US,42,True,True,False,en
tt2267998,2014,2010-2019,Thriller/crimen,US,3,True,True,True,en
tt22687790,2023,2020-2024,Terror,US,39,False,True,False,en
tt2277860,2016,2010-2019,Animación,US,25,False,True,True,en
tt2278388,2014,2010-2019,Comedia,US,6,False,True,False,en
tt2283336,2019,2010-2019,Acción/aventura,US,45,True,True,True,en
tt2283362,2017,2010-2019,Acción/aventura,US,15,True,True,True,en
tt2293640,2015,2010-2019,Animación,US,27,True,True,True,en
tt2294449,2014,2010-2019,Acción/aventura,US,26,True,True,True,en
tt2294629,2013,2010-2019,Animación,US,13,False,True,True,en
tt2302755,2013,2010-2019,Acción/aventura,US,35,False,True,True,en
tt2310332,2014,2010-2019,Acción/aventura,US,14,False,True,False,en
tt2316204,2017,2010-2019,Terror,US,25,False,True,False,en
tt2322441,2015,2010-2019,Romance,US,20,True,True,True,en
tt2333784,2014,2010-2019,Acción/aventura,US,47,False,True,False,en
tt2334879,2013,2010-2019,Acción/aventura,US,44,True,True,True,en
tt2345759,2017,2010-2019,Acción/aventura,US,37,False,True,True,en
tt23468450,2024,2020-2024,Terror,US,16,False,True,True,en
tt23561236,2023,2020-2024,Comedia,US,33,True,True,True,en
tt2361509,2015,2010-2019,Comedia,US,23,False,True,True,en
tt2379713,2015,2010-2019,Acción/aventura,US,13,False,True,False,en
tt2380307,2017,2010-2019,Animación,US,9,False,True,False,en
tt2381249,2015,2010-2019,Acción/aventura,US,15,False,True,False,en
tt2381941,2015,2010-2019,Comedia,US,26,False,True,True,en
tt2382320,2021,2020-2024,Acción/aventura,US,6,True,True,False,en
tt2386490,2019,2010-2019,Animación,US,43,False,True,True,en
tt2395427,2015,2010-2019,Acción/aventura,US,4,True,True,True,en
tt2404435,2016,2010-2019,Acción/aventura,US,38,False,True,False,en
tt2406566,2017,2010-2019,Acción/aventura,US,38,True,True,True,en
tt2446042,2014,2010-2019,Acción/aventura,US,45,False,True,False,en
tt2463208,2022,2020-2024,Acción/aventura,US,22,False,True,True,en
tt2488496,2015,2010-2019,Acción/aventura,US,2,False,True,True,en
tt2510894,2015,2010-2019,Animación,US,49,False,True,True,en
tt2527336,2017,2010-2019,Acción/aventura,US,10,False,True,True,en
tt2527338,2019,2010-2019,Acción/aventura,US,9,True,True,True,en
tt2543164,2016,2010-2019,Ciencia ficción/fantasía,US,4,False,True,True,en
tt2543472,2017,2010-2019,Drama,US,43,False,True,True,en
tt2554274,2015,2010-2019,Terror,US,48,False,True,False,en
tt2557490,2014,2010-2019,Comedia,US,46,False,True,True,en
tt2562232,2014,2010-2019,Comedia,US,12,False,True,True,en
tt2582782,2016,2010-2019,Thriller/crimen,US,32,False,True,True,en
tt2582802,2014,2010-2019,Drama,US,4,False,True,True,en
tt2582846,2014,2010-2019,Romance,US,28,False,True,True,en
tt2584384,2019,2010-2019,Comedia,US,11,False,True,False,en
tt26047818,2023,2020-2024,Comedia,US,25,True,True,False,en
tt2637276,2015,2010-2019,Comedia,US,33,False,True,True,en
tt2660888,2016,2010-2019,Acción/aventura,US,33,False,True,True,en
tt2674426,2016,2010-2019,Romance,US,23,False,True,False,en
tt26753003,2024,2020-2024,Thriller/crimen,US,25,False,True,True,en
tt2704998,2018,2010-2019,Acción/aventura,US,22,False,True,True,en
tt2709768,2016,2010-2019,Animación,US,40,False,True,True,en
tt2713180,2014,2010-2019,Acción/aventura,US,15,True,True,False,en
tt2719848,2015,2010-2019,Acción/aventura,US,34,False,True,False,en
tt2737304,2018,2010-2019,Terror,US,14,False,True,True,en
tt27403986,2024,2020-2024,Thriller/crimen,US,36,False,True,True,en
tt27489557,2024,2020-2024,Acción/aventura,US,38,True,True,True,en
tt27534307,2024,2020-2024,Terror,US,33,False,True,True,en
tt2771200,2017,2010-2019,Acción/aventura,US,23,False,True,True,en
tt2788710,2014,2010-2019,Acción/aventura,US,32,True,True,True,en
tt2798920,2018,2010-2019,Terror,US,17,True,True,False,en
tt28015403,2024,2020-2024,Terror,US,14,True,True,True,en
tt2802144,2014,2010-2019,Acción/aventura,US,11,False,True,False,en
tt2820852,2015,2010-2019,Acción/aventura,US,16,False,True,True,en
tt2848292,2015,2010-2019,Comedia,US,46,True,True,True,en
tt2854926,2018,2010-2019,Acción/aventura,US,48,False,True,True,en
tt28607951,2024,2020-2024,Comedia,US,6,True,True,True,en
tt2872718,2014,2010-2019,Thriller/crimen,US,13,False,True,True,en
tt2873282,2018,2010-2019,Thriller/crimen,US,28,False,True,True,en
tt2883512,2014,2010-2019,Acción/aventura,US,39,False,True,True,en
tt2906216,2023,2020-2024,Acción/aventura,US,11,False,True,False,en
tt2908446,2015,2010-2019,Acción/aventura,US,32,True,True,True,en
tt2911666,2014,2010-2019,Acción/aventura,US,8,False,True,True,en
tt29268110,2024,2020-2024,Terror,US,32,False,True,True,en
tt2935510,2019,2010-2019,Acción/aventura,US,29,True,True,True,en
tt2948356,2016,2010-2019,Animación,US,10,False,True,True,en
tt2948372,2020,2020-2024,Animación,US,2,True,True,True,en
tt2953050,2021,2020-2024,Animación,US,15,False,True,False,en
tt29623480,2024,2020-2024,Animación,US,15,False,True,True,en
tt2975590,2016,2010-2019,Ciencia ficción/fantasía,US,5,False,True,True,en
tt2980516,2014,2010-2019,Romance,US,23,False,True,False,en
tt3040964,2016,2010-2019,Animación,US,29,False,True,True,en
tt3062096,2016,2010-2019,Acción/aventura,US,48,False,True,True,en
tt3065204,2016,2010-2019,Terror,US,22,True,True,True,en
tt3076658,2015,2010-2019,Acción/aventura,US,22,True,True,True,en
tt3079380,2015,2010-2019,Acción/aventura,US,31,False,True,True,en
tt3104988,2018,2010-2019,Comedia,US,32,True,True,True,en
tt3110958,2016,2010-2019,Acción/aventura,US,19,True,True,False,en
tt3170832,2015,2010-2019,Thriller/crimen,US,14,False,True,False,en
tt3183660,2016,2010-2019,Acción/aventura,US,12,False,True,False,en
tt3228774,2021,2020-2024,Acción/aventura,US,16,True,True,False,en
tt3235888,2014,2010-2019,Terror,US,36,False,True,True,en
tt3263904,2016,2010-2019,Drama,US,27,True,True,False,en
tt3281548,2019,2010-2019,Romance,US,28,False,True,True,en
tt3315342,2017,2010-2019,Acción/aventura,US,1,True,True,True,en
tt3322940,2014,2010-2019,Terror,US,49,False,True,True,en
tt3359350,2024,2020-2024,Acción/aventura,US,19,False,True,True,en
tt3371366,2017,2010-2019,Acción/aventura,US,45,False,True,True,en
tt3385516,2016,2010-2019,Acción/aventura,US,14,False,True,True,en
tt3397884,2015,2010-2019,Acción/aventura,US,10,False,True,True,en
tt3402236,2017,2010-2019,Comedia,US,27,True,True,False,en
tt3420504,2021,2020-2024,Acción/aventura,US,49,False,True,True,en
tt3450958,2017,2010-2019,Acción/aventura,US,26,False,True,True,en
tt3460252,2015,2010-2019,Thriller/crimen,US,9,True,True,True,en
tt3469046,2017,2010-2019,Animación,US,47,True,True,True,en
tt3470600,2016,2010-2019,Animación,US,44,False,True,True,en
tt3480822,2021,2020-2024,Acción/aventura,US,7,True,True,True,en
tt3498820,2016,2010-2019,Acción/aventura,US,2,False,True,True,en
tt3501632,2017,2010-2019,Acción/aventura,US,2,False,True,True,en
tt3521164,2016,2010-2019,Animación,US,15,True,True,True,en
tt3532216,2017,2010-2019,Acción/aventura,US,36,False,True,True,en
tt3553976,2016,2010-2019,Acción/aventura,US,37,False,True,True,en
tt3567288,2015,2010-2019,Terror,US,47,True,True,True,en
tt3581652,2021,2020-2024,Thriller/crimen,US,42,True,True,True,en
tt3606756,2018,2010-2019,Animación,US,19,False,True,True,en
tt3631112,2016,2010-2019,Thriller/crimen,US,45,False,True,True,en
tt3659388,2015,2010-2019,Acción/aventura,US,3,False,True,True,en
tt3682448,2015,2010-2019,Thriller/crimen,US,21,True,True,False,en
tt3704428,2022,2020-2024,Drama,US,21,True,True,False,en
tt3731562,2017,2010-2019,Acción/aventura,US,20,True,True,True,en
tt3741700,2019,2010-2019,Acción/aventura,US,34,True,True,False,en
tt3741834,2016,2010-2019,Drama,US,34,True,True,False,en
tt3748528,2016,2010-2019,Acción/aventura,US,8,False,True,True,en
tt3766354,2018,2010-2019,Acción/aventura,US,26,False,True,True,en
tt3778644,2018,2010-2019,Acción/aventura,US,16,False,True,True,en
tt3783958,2016,2010-2019,Comedia,US,6,False,True,True,en
tt3794354,2020,2020-2024,Acción/aventura,US,15,False,True,False,en
tt3799694,2016,2010-2019,Acción/aventura,US,16,True,True,True,en
tt3811906,2021,2020-2024,Terror,US,46,True,True,True,en
tt3829266,2018,2010-2019,Acción/aventura,US,47,False,True,True,en
tt3890160,2017,2010-2019,Acción/aventura,US,12,False,True,False,en
tt3896198,2017,2010-2019,Acción/aventura,US,3,True,True,True,en
tt3915174,2022,2020-2024,Animación,US,25,False,True,True,en
tt4034228,2016,2010-2019,Drama,US,20,False,True,True,en
tt4046784,2015,2010-2019,Acción/aventura,US,24,False,True,True,en
tt4116284,2017,2010-2019,Animación,US,44,False,True,False,en
tt4123430,2018,2010-2019,Acción/aventura,US,20,True,True,False,en
tt4123432,2022,2020-2024,Acción/aventura,US,31,True,True,False,en
tt4154664,2019,2010-2019,Acción/aventura,US,7,False,True,True,en
tt4154756,2018,2010-2019,Acción/aventura,US,1,False,True,True,en
tt4154796,2019,2010-2019,Acción/aventura,US,2,False,True,True,en
tt4160708,2016,2010-2019,Terror,US,26,True,True,True,en
tt4178092,2015,2010-2019,Thriller/crimen,US,44,False,True,False,en
tt4196776,2016,2010-2019,Acción/aventura,US,36,False,True,True,en
tt4209788,2017,2010-2019,Thriller/crimen,US,42,True,True,True,en
tt4244994,2021,2020-2024,Thriller/crimen,US,27,True,True,True,en
tt4263482,2015,2010-2019,Terror,US,19,False,True,False,en
tt4276820,2016,2010-2019,Drama,US,47,False,True,True,en
tt4425200,2017,2010-2019,Acción/aventura,US,14,False,True,True,en
tt4495098,2023,2020-2024,Acción/aventura,US,43,True,True,False,en
tt4500922,2018,2010-2019,Acción/aventura,US,36,False,True,True,en
tt4513678,2021,2020-2024,Acción/aventura,US,21,False,True,True,en
tt4520988,2019,2010-2019,Animación,US,36,True,True,True,en
tt4550098,2016,2010-2019,Thriller/crimen,US,24,False,True,True,en
tt4566758,2020,2020-2024,Acción/aventura,US,19,True,True,True,en
tt4589218,2023,2020-2024,Terror,US,40,False,True,True,en
tt4630562,2017,2010-2019,Acción/aventura,US,30,False,True,True,en
tt4633694,2018,2010-2019,Animación,US,3,False,True,True,en
tt4649466,2017,2010-2019,Acción/aventura,US,18,False,True,False,en
tt4682266,2020,2020-2024,Terror,US,34,True,True,True,en
tt4701182,2018,2010-2019,Acción/aventura,US,31,True,True,True,en
tt4777008,2019,2010-2019,Acción/aventura,US,50,False,True,True,en
tt4779682,2018,2010-2019,Terror,US,27,False,True,False,en
tt4846340,2016,2010-2019,Drama,US,31,False,True,True,en
tt4873118,2023,2020-2024,Acción/aventura,US,18,True,True,True,en
tt4881806,2018,2010-2019,Acción/aventura,US,18,False,True,True,en
tt4912910,2018,2010-2019,Acción/aventura,US,15,False,True,False,en
tt4919268,2024,2020-2024,Acción/aventura,US,42,True,True,True,en
tt4925292,2017,2010-2019,Comedia,US,21,False,True,True,en
tt4972582,2016,2010-2019,Terror,US,11,False,True,True,en
tt4975722,2016,2010-2019,Drama,US,21,False,True,True,en
tt5013056,2017,2010-2019,Acción/aventura,US,6,True,True,False,en
tt5027774,2017,2010-2019,Comedia,US,13,False,True,False,en
tt5034838,2021,2020-2024,Acción/aventura,US,18,True,True,True,en
tt5040012,2024,2020-2024,Terror,US,9,False,True,True,en
tt5052448,2017,2010-2019,Terror,US,5,False,True,False,en
tt5052474,2018,2010-2019,Acción/aventura,US,37,False,True,False,en
tt5083738,2018,2010-2019,Comedia,US,24,True,True,False,en
tt5090568,2023,2020-2024,Acción/aventura,US,45,True,True,False,en
tt5095030,2018,2010-2019,Acción/aventura,US,11,True,True,True,en
tt5104604,2018,2010-2019,Animación,US,30,False,True,False,en
tt5108870,2022,2020-2024,Terror,US,38,True,True,True,en
tt5109280,2021,2020-2024,Animación,US,31,True,True,True,en
tt5109784,2017,2010-2019,Terror,US,31,True,True,True,en
tt5140878,2017,2010-2019,Terror,US,50,False,True,True,en
tt5164214,2018,2010-2019,Comedia,US,23,False,True,True,en
tt5177120,2024,2020-2024,Acción/aventura,US,27,True,True,False,en
tt5308322,2017,2010-2019,Terror,US,46,True,True,True,en
tt5362988,2017,2010-2019,Thriller/crimen,US,28,False,True,False,en
tt5363618,2019,2010-2019,Drama,US,42,True,True,True,en
tt5433138,2021,2020-2024,Acción/aventura,US,34,False,True,True,en
tt5433140,2023,2020-2024,Acción/aventura,US,36,True,True,True,en
tt5439796,2017,2010-2019,Acción/aventura,US,48,False,True,True,en
tt5442430,2017,2010-2019,Terror,US,29,False,True,True,en
tt5463162,2018,2010-2019,Acción/aventura,US,4,False,True,True,en
tt5519340,2017,2010-2019,Acción/aventura,US,41,True,True,True,en
tt5537002,2023,2020-2024,Thriller/crimen,US,8,False,True,True,en
tt5580036,2017,2010-2019,Comedia,US,33,False,True,False,en
tt5580390,2017,2010-2019,Ciencia ficción/fantasía,US,17,False,True,False,en
tt5606664,2019,2010-2019,Terror,US,32,True,True,True,en
tt5726616,2017,2010-2019,Romance,US,22,False,True,False,en
tt5727208,2019,2010-2019,Thriller/crimen,US,19,False,True,False,en
tt5774060,2020,2020-2024,Terror,US,30,True,True,True,en
tt5814060,2018,2010-2019,Terror,US,35,True,True,True,en
tt5848272,2018,2010-2019,Animación,US,33,False,True,True,en
tt5884052,2019,2010-2019,Acción/aventura,US,40,False,True,False,en
tt5886046,2019,2010-2019,Terror,US,46,False,True,True,en
tt5971474,2023,2020-2024,Acción/aventura,US,26,True,True,True,en
tt6048922,2020,2020-2024,Acción/aventura,US,25,True,True,True,en
tt6105098,2019,2010-2019,Animación,US,27,True,True,True,en
tt6139732,2019,2010-2019,Acción/aventura,US,24,False,True,True,en
tt6146586,2019,2010-2019,Acción/aventura,US,12,False,True,True,en
tt6155172,2018,2010-2019,Drama,US,43,True,True,False,en
tt6166392,2023,2020-2024,Acción/aventura,US,21,False,True,False,en
tt6263850,2024,2020-2024,Acción/aventura,US,2,True,True,True,en
tt6264654,2021,2020-2024,Acción/aventura,US,5,True,True,True,en
tt6266538,2018,2010-2019,Comedia,US,44,False,True,True,en
tt6294822,2017,2010-2019,Drama,US,49,True,True,True,en
tt6320628,2019,2010-2019,Acción/aventura,US,6,False,True,True,en
tt6334354,2021,2020-2024,Acción/aventura,US,9,False,True,True,en
tt6343314,2018,2010-2019,Acción/aventura,US,45,True,True,True,en
tt6394270,2019,2010-2019,Drama,US,49,False,True,True,en
tt6412452,2018,2010-2019,Comedia,US,41,False,True,True,en
tt6443346,2022,2020-2024,Acción/aventura,US,14,False,True,True,en
tt6450804,2019,2010-2019,Acción/aventura,US,37,True,True,True,en
tt6475714,2020,2020-2024,Acción/aventura,US,46,True,True,False,en
tt6565702,2019,2010-2019,Acción/aventura,US,33,False,True,True,en
tt6566576,2021,2020-2024,Terror,US,50,False,True,True,en
tt6628394,2018,2010-2019,Thriller/crimen,US,42,False,True,True,en
tt6644200,2018,2010-2019,Terror,US,6,False,True,True,en
tt6673612,2020,2020-2024,Acción/aventura,US,43,True,True,True,en
tt6710474,2022,2020-2024,Acción/aventura,US,3,True,True,True,en
tt6718170,2023,2020-2024,Animación,US,9,False,True,True,en
tt6723592,2020,2020-2024,Acción/aventura,US,1,False,True,False,en
tt6791350,2023,2020-2024,Acción/aventura,US,4,True,True,True,en
tt6806448,2019,2010-2019,Acción/aventura,US,31,False,True,True,en
tt6823368,2019,2010-2019,Terror,US,26,False,True,True,en
tt6856242,2021,2020-2024,Acción/aventura,US,29,True,True,False,en
tt6857112,2019,2010-2019,Terror,US,16,False,True,True,en
tt6878306,2020,2020-2024,Acción/aventura,US,35,False,True,True,en
tt6966692,2018,2010-2019,Comedia,US,5,False,True,True,en
tt7040874,2018,2010-2019,Comedia,US,39,False,True,True,en
tt7069210,2021,2020-2024,Terror,US,37,False,True,True,en
tt7097896,2021,2020-2024,Acción/aventura,US,13,False,True,True,en
tt7126948,2020,2020-2024,Acción/aventura,US,4,True,True,True,en
tt7131622,2019,2010-2019,Comedia,US,3,True,True,False,en
tt7144666,2021,2020-2024,Terror,US,17,False,True,True,en
tt7146812,2020,2020-2024,Animación,US,16,False,True,True,en
tt7160372,2023,2020-2024,Drama,US,22,True,True,False,en
tt7286456,2019,2010-2019,Drama,US,1,False,True,True,en
tt7322224,2022,2020-2024,Comedia,US,27,False,True,False,en
tt7349662,2018,2010-2019,Comedia,US,21,True,True,True,en
tt7349950,2019,2010-2019,Terror,US,18,False,True,True,en
tt7395114,2020,2020-2024,Thriller/crimen,US,18,True,True,True,en
tt7405458,2022,2020-2024,Comedia,US,28,True,True,False,en
tt7504726,2020,2020-2024,Acción/aventura,US,50,False,True,True,en
tt7550000,2020,2020-2024,Acción/aventura,US,33,True,True,True,en
tt7556122,2020,2020-2024,Acción/aventura,US,12,True,True,True,en
tt7599146,2023,2020-2024,Thriller/crimen,US,42,False,True,True,en
tt7638348,2020,2020-2024,Acción/aventura,US,38,True,True,True,en
tt7653254,2019,2010-2019,Romance,US,17,True,True,False,en
tt7657566,2022,2020-2024,Thriller/crimen,US,29,True,True,False,en
tt7668870,2018,2010-2019,Thriller/crimen,US,38,False,True,True,en
tt7713068,2020,2020-2024,Acción/aventura,US,7,True,True,True,en
tt7737786,2020,2020-2024,Acción/aventura,US,17,False,True,True,en
tt7740496,2021,2020-2024,Thriller/crimen,US,33,True,True,False,en
tt7784604,2018,2010-2019,Terror,US,12,True,True,True,en
tt7798634,2019,2010-2019,Terror,US,30,False,True,True,en
tt7846844,2020,2020-2024,Acción/aventura,US,9,True,True,False,en
tt7888964,2021,2020-2024,Acción/aventura,US,11,False,True,True,en
tt7939766,2020,2020-2024,Thriller/crimen,US,28,True,True,True,en
tt7959026,2018,2010-2019,Thriller/crimen,US,46,False,True,True,en
tt7975244,2019,2010-2019,Acción/aventura,US,23,False,True,True,en
tt7979580,2021,2020-2024,Animación,US,41,False,True,False,en
tt7984734,2019,2010-2019,Terror,US,25,True,True,False,en
tt7991608,2021,2020-2024,Acción/aventura,US,12,True,True,True,en
tt8009428,2022,2020-2024,Comedia,US,39,True,True,True,en
tt8041270,2022,2020-2024,Acción/aventura,US,23,True,True,True,en
tt8097030,2022,2020-2024,Animación,US,37,True,True,True,en
tt8106534,2019,2010-2019,Acción/aventura,US,38,False,True,True,en
tt8244784,2020,2020-2024,Terror,US,23,False,True,True,en
tt8332922,2020,2020-2024,Terror,US,3,True,True,True,en
tt8367814,2019,2010-2019,Acción/aventura,US,14,True,True,False,en
tt8385148,2021,2020-2024,Acción/aventura,US,47,False,True,True,en
tt8404614,2019,2010-2019,Drama,US,47,False,True,False,en
tt8503618,2020,2020-2024,Drama,US,24,False,False,True,en
tt8579674,2019,2010-2019,Drama,US,5,False,True,False,en
tt8580274,2020,2020-2024,Comedia,US,29,True,True,True,en
tt8629748,2020,2020-2024,Acción/aventura,US,31,True,True,True,en
tt8633478,2020,2020-2024,Terror,US,27,True,True,True,en
tt8721424,2021,2020-2024,Comedia,US,44,True,True,True,en
tt8760708,2022,2020-2024,Terror,US,33,True,True,True,en
tt8772262,2019,2010-2019,Terror,US,10,True,True,False,en
tt8784956,2020,2020-2024,Acción/aventura,US,49,False,True,True,en
tt8847712,2021,2020-2024,Comedia,US,38,True,True,False,en
tt8936646,2020,2020-2024,Acción/aventura,US,5,True,True,True,en
tt8946378,2019,2010-2019,Comedia,US,4,False,True,True,en
tt8999762,2024,2020-2024,Drama,US,30,True,True,False,en
tt9032400,2021,2020-2024,Acción/aventura,US,10,True,True,True,en
tt9114286,2022,2020-2024,Acción/aventura,US,10,True,True,True,en
tt9214772,2024,2020-2024,Acción/aventura,US,48,True,True,False,en
tt9214832,2020,2020-2024,Comedia,US,47,True,True,False,en
tt9218128,2024,2020-2024,Acción/aventura,US,5,True,True,False,en
tt9243804,2021,2020-2024,Acción/aventura,US,43,True,True,False,en
tt9243946,2019,2010-2019,Thriller/crimen,US,20,False,True,True,en
tt9362722,2023,2020-2024,Animación,US,3,True,True,True,en
tt9362930,2023,2020-2024,Acción/aventura,US,50,False,True,False,en
tt9376612,2021,2020-2024,Acción/aventura,US,4,True,True,True,en
tt9411972,2022,2020-2024,Romance,US,42,True,True,True,en
tt9419884,2022,2020-2024,Acción/aventura,US,5,True,True,True,en
tt9421570,2021,2020-2024,Thriller/crimen,US,35,False,True,True,en
tt9466114,2024,2020-2024,Comedia,US,50,False,True,True,en
tt9484998,2020,2020-2024,Ciencia ficción/fantasía,US,11,False,True,True,en
tt9603212,2023,2020-2024,Acción/aventura,US,7,True,True,True,en
tt9620288,2021,2020-2024,Drama,US,30,False,True,True,en
tt9620292,2020,2020-2024,Thriller/crimen,US,8,True,True,False,en
tt9663764,2023,2020-2024,Acción/aventura,US,48,True,True,True,en
tt9686708,2020,2020-2024,Comedia,US,42,True,True,True,en
tt9731534,2020,2020-2024,Terror,US,44,True,True,True,en
tt9764362,2022,2020-2024,Terror,US,8,True,True,True,en
tt9770150,2020,2020-2024,Drama,US,10,True,True,True,en
tt9777666,2021,2020-2024,Acción/aventura,US,19,False,True,True,en
tt9784798,2021,2020-2024,Thriller/crimen,US,48,True,True,True,en
tt9866072,2020,2020-2024,Comedia,US,39,True,True,True,en
tt9893250,2020,2020-2024,Comedia,US,22,True,True,True,en
tt0082924,1980,1980-1989,Acción/aventura,ES,1,False,True,False,es
tt0080931,1980,1980-1989,Terror,ES,2,False,True,False,es
tt0081323,1980,1980-1989,Comedia,ES,3,False,True,False,es
tt0082559,1980,1980-1989,Terror,ES,4,False,True,False,en
tt0080379,1980,1980-1989,Terror,ES,5,False,True,False,en
tt0078797,1980,1980-1989,Terror,ES,6,False,True,False,en
tt0078936,1980,1980-1989,Terror,ES,8,False,True,False,en
tt0083185,1980,1980-1989,Terror,ES,9,False,True,False,en
tt0081218,1980,1980-1989,Thriller/crimen,ES,10,False,True,False,es
tt0081790,1980,1980-1989,Comedia,ES,14,False,True,False,es
tt0079586,1980,1980-1989,Thriller/crimen,ES,16,False,True,False,en
tt0081027,1981,1980-1989,Terror,ES,1,False,True,False,en
tt0082088,1981,1980-1989,Romance,ES,2,False,True,False,es
tt0082210,1981,1980-1989,Thriller/crimen,ES,3,False,True,False,es
tt0082259,1981,1980-1989,Romance,ES,4,False,True,False,en
tt0083019,1981,1980-1989,Acción/aventura,ES,5,False,True,False,en
tt0081415,1981,1980-1989,Terror,ES,6,False,True,False,en
tt0083291,1981,1980-1989,Acción/aventura,ES,7,False,True,False,en
tt0082769,1981,1980-1989,Terror,ES,8,False,True,False,es
tt0082888,1981,1980-1989,Comedia,ES,9,False,True,False,es
tt0082655,1981,1980-1989,Comedia,ES,11,False,True,False,es
tt0082131,1981,1980-1989,Comedia,ES,14,False,True,False,es
tt0082748,1982,1980-1989,Terror,ES,1,False,True,False,es
tt0084228,1982,1980-1989,Comedia,ES,2,False,True,False,en
tt0084874,1982,1980-1989,Drama,ES,4,False,True,False,es
tt0083743,1982,1980-1989,Drama,ES,6,False,True,False,es
tt0080554,1982,1980-1989,Comedia,ES,8,False,True,False,es
tt0084383,1982,1980-1989,Comedia,ES,9,False,True,False,es
tt0083567,1982,1980-1989,Drama,ES,10,False,True,False,en
tt0083813,1982,1980-1989,Drama,ES,12,False,True,False,en
tt0083859,1982,1980-1989,Drama,ES,13,False,True,False,en
tt0085496,1983,1980-1989,Comedia,ES,1,False,True,False,en
tt0084740,1983,1980-1989,Romance,ES,2,False,True,False,en
tt0086026,1983,1980-1989,Terror,ES,3,False,True,False,en
tt0085297,1983,1980-1989,Romance,ES,4,False,True,False,en
tt0085356,1983,1980-1989,Acción/aventura,ES,5,False,True,False,en
tt0087436,1983,1980-1989,Acción/aventura,ES,6,False,True,False,en
tt0086104,1983,1980-1989,Thriller/crimen,ES,8,False,True,False,en
tt0085374,1983,1980-1989,Thriller/crimen,ES,9,False,True,False,es
tt0084781,1983,1980-1989,Acción/aventura,ES,10,False,True,False,en
tt0085824,1983,1980-1989,Terror,ES,11,False,True,False,en
tt0084826,1983,1980-1989,Drama,ES,12,False,True,False,en
tt0084592,1983,1980-1989,Terror,ES,13,False,True,False,es
tt0085249,1983,1980-1989,Romance,ES,14,False,True,False,en
tt0085233,1983,1980-1989,Terror,ES,15,False,True,False,en
tt0088461,1984,1980-1989,Comedia,ES,1,False,True,False,en
tt0088040,1984,1980-1989,Drama,ES,2,False,True,False,en
tt0087027,1984,1980-1989,Romance,ES,3,False,True,False,es
tt0087913,1984,1980-1989,Thriller/crimen,ES,5,False,True,False,es
tt0088230,1984,1980-1989,Drama,ES,6,False,True,False,es
tt0087238,1984,1980-1989,Thriller/crimen,ES,10,False,True,False,en
tt0085972,1984,1980-1989,Thriller/crimen,ES,14,False,True,False,es
tt0089153,1985,1980-1989,Acción/aventura,ES,1,False,True,False,es
tt0089945,1985,1980-1989,Comedia,ES,2,False,True,False,en
tt0090250,1985,1980-1989,Comedia,ES,3,False,True,False,es
tt0090249,1985,1980-1989,Animación,ES,4,False,True,False,es
tt0088870,1985,1980-1989,Acción/aventura,ES,5,False,True,False,en
tt0090354,1985,1980-1989,Acción/aventura,ES,6,False,True,False,es
tt0090116,1985,1980-1989,Comedia,ES,9,False,True,False,es
tt0089752,1985,1980-1989,Terror,ES,12,False,True,False,es
tt0091495,1986,1980-1989,Thriller/crimen,ES,1,False,True,False,es
tt0090197,1986,1980-1989,Terror,ES,2,False,True,False,es
tt0090903,1986,1980-1989,Thriller/crimen,ES,3,False,True,False,en
tt0090259,1986,1980-1989,Comedia,ES,4,False,True,False,es
tt0090679,1986,1980-1989,Comedia,ES,5,False,True,False,en
tt0090636,1986,1980-1989,Drama,ES,6,False,True,False,en
tt0090949,1986,1980-1989,Drama,ES,12,False,True,False,en
tt0093412,1987,1980-1989,Comedia,ES,1,False,True,False,es
tt0090644,1987,1980-1989,Terror,ES,2,False,True,False,en
tt0092693,1987,1980-1989,Ciencia ficción/fantasía,ES,4,False,True,False,es
tt0092983,1987,1980-1989,Comedia,ES,5,False,True,False,es
tt0092873,1987,1980-1989,Terror,ES,6,False,True,False,en
tt0093458,1987,1980-1989,Drama,ES,7,False,True,False,en
tt0091897,1987,1980-1989,Acción/aventura,ES,8,False,True,False,es
tt0093569,1987,1980-1989,Comedia,ES,10,False,True,False,es
tt0090652,1987,1980-1989,Terror,ES,15,False,True,False,en
tt0092901,1987,1980-1989,Drama,ES,16,False,True,False,en
tt0092619,1987,1980-1989,Comedia,ES,17,False,True,False,en
tt0095675,1988,1980-1989,Comedia,ES,1,False,True,False,es
tt0093995,1988,1980-1989,Terror,ES,2,False,True,False,en
tt0095125,1988,1980-1989,Terror,ES,3,False,True,False,en
tt0093840,1988,1980-1989,Terror,ES,4,False,True,False,en
tt0094773,1988,1980-1989,Acción/aventura,ES,5,False,True,False,es
tt0095053,1988,1980-1989,Drama,ES,6,False,True,False,es
tt0092982,1988,1980-1989,Comedia,ES,7,False,True,False,es
tt0092596,1988,1980-1989,Terror,ES,8,False,True,False,es
tt0101026,1989,1980-1989,Comedia,ES,1,False,True,False,es
tt0098194,1989,1980-1989,Acción/aventura,ES,3,False,True,False,es
tt0098251,1989,1980-1989,Romance,ES,4,False,True,False,en
tt0094705,1989,1980-1989,Comedia,ES,5,False,True,False,es
tt0097986,1989,1980-1989,Ciencia ficción/fantasía,ES,6,False,True,False,es
tt0097113,1989,1980-1989,Drama,ES,7,False,True,False,es
tt0098324,1989,1980-1989,Romance,ES,8,False,True,False,en
tt0096968,1989,1980-1989,Drama,ES,9,False,True,False,en
tt0097998,1989,1980-1989,Drama,ES,12,False,True,False,es
tt0099484,1990,1990-1999,Drama,ES,1,False,True,False,en
tt0101025,1990,1990-1999,Comedia,ES,2,False,True,False,en
tt0099701,1990,1990-1999,Terror,ES,3,False,True,False,en
tt0099381,1990,1990-1999,Terror,ES,4,False,True,False,en
tt0100269,1990,1990-1999,Drama,ES,5,False,True,False,en
tt0099234,1990,1990-1999,Romance,ES,9,False,True,False,es
tt0099226,1990,1990-1999,Drama,ES,10,False,True,False,es
tt0101829,1991,1990-1999,Thriller/crimen,ES,1,False,True,False,en
tt0103030,1991,1990-1999,Comedia,ES,2,False,True,False,en
tt0101317,1991,1990-1999,Romance,ES,3,False,True,False,en
tt0101290,1991,1990-1999,Thriller/crimen,ES,4,False,True,False,es
tt0102788,1991,1990-1999,Comedia,ES,5,False,True,False,es
tt0101638,1991,1990-1999,Comedia,ES,10,False,True,False,es
tt0102401,1991,1990-1999,Drama,ES,12,False,True,False,es
tt0099103,1991,1990-1999,Acción/aventura,ES,15,False,True,False,es
tt0103594,1992,1990-1999,Acción/aventura,ES,1,False,True,False,es
tt0104545,1992,1990-1999,Comedia,ES,2,False,True,False,en
tt0103791,1992,1990-1999,Comedia,ES,3,False,True,False,en
tt0103186,1992,1990-1999,Romance,ES,4,False,True,False,es
tt0104774,1992,1990-1999,Drama,ES,6,False,True,False,es
tt0105438,1992,1990-1999,Otros,ES,7,False,True,False,en
tt0104820,1992,1990-1999,Comedia,ES,10,False,True,False,es
tt0107315,1993,1990-1999,Comedia,ES,1,False,True,False,es
tt0106966,1993,1990-1999,Comedia,ES,2,False,True,False,es
tt0106215,1993,1990-1999,Ciencia ficción/fantasía,ES,3,False,True,False,en
tt0106305,1993,1990-1999,Comedia,ES,4,False,True,False,en
tt0107165,1993,1990-1999,Comedia,ES,5,False,True,False,es
tt0108355,1993,1990-1999,Comedia,ES,7,False,True,False,es
tt0108670,1993,1990-1999,Romance,ES,9,False,True,False,es
tt0106251,1993,1990-1999,Comedia,ES,10,False,True,False,en
tt0107224,1993,1990-1999,Romance,ES,12,False,True,False,en
tt0105352,1993,1990-1999,Comedia,ES,13,False,True,False,es
tt0108180,1993,1990-1999,Thriller/crimen,ES,14,False,True,False,es
tt0109162,1994,1990-1999,Animación,ES,1,False,True,False,es
tt0110490,1994,1990-1999,Acción/aventura,ES,2,False,True,False,es
tt0111403,1994,1990-1999,Comedia,ES,3,False,True,False,es
tt0109699,1994,1990-1999,Thriller/crimen,ES,5,False,True,False,es
tt0110785,1994,1990-1999,Romance,ES,6,False,True,False,en
tt0109372,1994,1990-1999,Drama,ES,7,False,True,False,es
tt0108356,1994,1990-1999,Comedia,ES,8,False,True,False,es
tt0111449,1994,1990-1999,Comedia,ES,10,False,True,False,es
tt0109075,1994,1990-1999,Comedia,ES,12,False,True,False,es
tt0112682,1995,1990-1999,Acción/aventura,ES,1,False,True,False,es
tt0112922,1995,1990-1999,Acción/aventura,ES,2,False,True,False,es
tt0113083,1995,1990-1999,Comedia,ES,3,False,True,False,es
tt0114671,1995,1990-1999,Drama,ES,4,False,True,False,es
tt0118001,1995,1990-1999,Comedia,ES,5,False,True,False,en
tt0113918,1995,1990-1999,Thriller/crimen,ES,7,False,True,False,es
tt0110036,1995,1990-1999,Acción/aventura,ES,9,False,True,False,en
tt0109949,1995,1990-1999,Comedia,ES,10,False,True,False,es
tt0113312,1995,1990-1999,Comedia,ES,12,False,True,False,es
tt0111058,1995,1990-1999,Thriller/crimen,ES,13,False,True,False,es
tt0112380,1995,1990-1999,Thriller/crimen,ES,17,False,True,False,es
tt0110568,1995,1990-1999,Thriller/crimen,ES,20,False,True,False,es
tt0117883,1996,1990-1999,Terror,ES,1,False,True,False,es
tt0115561,1996,1990-1999,Romance,ES,2,False,True,False,en
tt0115832,1996,1990-1999,Romance,ES,4,False,True,False,es
tt0113649,1996,1990-1999,Drama,ES,5,False,True,False,en
tt0115536,1996,1990-1999,Comedia,ES,6,False,True,False,en
tt0115950,1996,1990-1999,Comedia,ES,8,False,True,False,en
tt0116274,1996,1990-1999,Comedia,ES,9,False,True,False,es
tt0116770,1996,1990-1999,Terror,ES,10,False,True,False,es
tt0113314,1996,1990-1999,Romance,ES,11,False,True,False,en
tt0116769,1996,1990-1999,Terror,ES,13,False,True,False,es
tt0117106,1996,1990-1999,Thriller/crimen,ES,14,False,True,False,es
tt0117866,1996,1990-1999,Romance,ES,15,False,True,False,es
tt0117131,1996,1990-1999,Comedia,ES,20,False,True,False,es
tt0117985,1996,1990-1999,Romance,ES,27,False,True,False,es
tt0113783,1996,1990-1999,Comedia,ES,28,False,True,False,es
tt0125659,1997,1990-1999,Ciencia ficción/fantasía,ES,1,False,True,False,en
tt0118819,1997,1990-1999,Drama,ES,2,False,True,False,es
tt0119879,1997,1990-1999,Terror,ES,3,False,True,False,en
tt0119248,1997,1990-1999,Romance,ES,4,False,True,False,en
tt0115487,1997,1990-1999,Acción/aventura,ES,5,False,True,False,en
tt0119626,1997,1990-1999,Drama,ES,6,False,True,False,es
tt0118788,1997,1990-1999,Drama,ES,7,False,True,False,en
tt0119623,1997,1990-1999,Comedia,ES,9,False,True,False,en
tt0129923,1997,1990-1999,Romance,ES,10,False,True,False,en
tt0118822,1997,1990-1999,Romance,ES,11,False,True,False,es
tt0120371,1997,1990-1999,Drama,ES,12,False,True,False,es
tt0120622,1997,1990-1999,Terror,ES,14,False,True,False,es
tt0118610,1997,1990-1999,Comedia,ES,15,False,True,False,es
tt0116193,1997,1990-1999,Romance,ES,16,False,True,False,en
tt0118937,1997,1990-1999,Comedia,ES,22,False,True,False,es
tt0154421,1998,1990-1999,Comedia,ES,1,False,True,False,en
tt0133363,1998,1990-1999,Romance,ES,2,False,True,False,es
tt0120868,1998,1990-1999,Comedia,ES,3,False,True,False,es
tt0151691,1998,1990-1999,Romance,ES,4,False,True,False,es
tt0158030,1998,1990-1999,Comedia,ES,5,False,True,False,es
tt0151572,1998,1990-1999,Ciencia ficción/fantasía,ES,6,False,True,False,es
tt0146468,1998,1990-1999,Drama,ES,7,False,True,False,es
tt0120274,1998,1990-1999,Drama,ES,8,False,True,False,es
tt0176415,1998,1990-1999,Drama,ES,10,False,True,False,es
tt0176422,1998,1990-1999,Romance,ES,11,False,True,False,en
tt0162556,1998,1990-1999,Comedia,ES,12,False,True,False,es
tt0146547,1998,1990-1999,Comedia,ES,13,False,True,False,es
tt0168749,1998,1990-1999,Drama,ES,14,False,True,False,es
tt0125936,1998,1990-1999,Drama,ES,15,False,True,False,es
tt0140879,1998,1990-1999,Drama,ES,19,False,True,False,es
tt0142688,1999,1990-1999,Thriller/crimen,ES,1,False,True,False,es
tt0185125,1999,1990-1999,Comedia,ES,2,False,True,False,es
tt0188030,1999,1990-1999,Drama,ES,3,False,True,False,es
tt0222368,1999,1990-1999,Terror,ES,4,False,True,False,es
tt0181530,1999,1990-1999,Acción/aventura,ES,5,False,True,False,en
tt0190798,1999,1990-1999,Drama,ES,6,False,True,False,en
tt1623780,1999,1990-1999,Animación,ES,8,False,True,False,en
tt0177747,1999,1990-1999,Romance,ES,9,False,True,False,en
tt0209174,1999,1990-1999,Thriller/crimen,ES,11,False,True,False,es
tt0232611,1999,1990-1999,Romance,ES,13,False,True,False,es
tt0120775,1999,1990-1999,Acción/aventura,ES,15,False,True,False,es
tt0205843,1999,1990-1999,Acción/aventura,ES,17,False,True,False,es
tt0193167,1999,1990-1999,Comedia,ES,19,False,True,False,en
tt0201721,1999,1990-1999,Ciencia ficción/fantasía,ES,22,False,True,False,es
tt0212854,1999,1990-1999,Thriller/crimen,ES,23,False,True,False,en
tt0203119,2000,2000-2009,Thriller/crimen,ES,1,False,True,False,en
tt0330994,2000,2000-2009,Animación,ES,3,False,True,False,en
tt0227277,2000,2000-2009,Romance,ES,5,False,True,False,en
tt0250478,2000,2000-2009,Comedia,ES,6,False,True,False,es
tt0212826,2000,2000-2009,Drama,ES,7,False,True,False,es
tt0223268,2000,2000-2009,Terror,ES,8,False,True,False,es
tt0120626,2000,2000-2009,Drama,ES,9,False,True,False,en
tt0251777,2000,2000-2009,Comedia,ES,11,False,True,False,es
tt0220631,2000,2000-2009,Drama,ES,12,False,True,False,en
tt0247887,2000,2000-2009,Comedia,ES,15,False,True,False,es
tt0242285,2000,2000-2009,Terror,ES,16,False,True,False,es
tt0261190,2000,2000-2009,Drama,ES,17,False,True,False,es
tt0266079,2000,2000-2009,Romance,ES,18,False,True,False,es
tt0248001,2000,2000-2009,Comedia,ES,19,False,True,False,en
tt0220703,2000,2000-2009,Thriller/crimen,ES,23,False,True,False,es
tt0230600,2001,2000-2009,Terror,ES,1,False,True,False,es
tt0256009,2001,2000-2009,Terror,ES,2,False,True,False,es
tt0254455,2001,2000-2009,Romance,ES,3,False,True,False,en
tt0264508,2001,2000-2009,Terror,ES,4,False,True,False,es
tt0292542,2001,2000-2009,Comedia,ES,5,False,True,False,en
tt0220580,2001,2000-2009,Ciencia ficción/fantasía,ES,6,False,True,False,es
tt0240419,2001,2000-2009,Comedia,ES,7,False,True,False,es
tt0257231,2001,2000-2009,Acción/aventura,ES,8,False,True,False,es
tt0284491,2001,2000-2009,Thriller/crimen,ES,9,False,True,False,es
tt0270480,2001,2000-2009,Drama,ES,10,False,True,False,es
tt0271972,2001,2000-2009,Terror,ES,11,False,True,False,en
tt0283015,2001,2000-2009,Ciencia ficción/fantasía,ES,12,False,True,False,en
tt0261311,2001,2000-2009,Romance,ES,13,False,True,False,es
tt0268711,2001,2000-2009,Acción/aventura,ES,15,False,True,False,es
tt0235412,2001,2000-2009,Comedia,ES,16,False,True,False,en
tt0287467,2002,2000-2009,Romance,ES,1,False,True,False,en
tt0283900,2002,2000-2009,Comedia,ES,2,False,True,False,en
tt0273517,2002,2000-2009,Terror,ES,3,False,True,False,es
tt0319769,2002,2000-2009,Comedia,ES,4,False,True,False,en
tt0313670,2002,2000-2009,Thriller/crimen,ES,5,False,True,False,es
tt0313196,2002,2000-2009,Romance,ES,6,False,True,False,es
tt0118926,2002,2000-2009,Thriller/crimen,ES,7,False,True,False,es
tt0301524,2002,2000-2009,Comedia,ES,8,False,True,False,es
tt0291988,2002,2000-2009,Comedia,ES,9,False,True,False,es
tt0292886,2002,2000-2009,Acción/aventura,ES,10,False,True,False,en
tt0296915,2002,2000-2009,Comedia,ES,11,False,True,False,es
tt0322824,2002,2000-2009,Drama,ES,13,False,True,False,es
tt0320042,2002,2000-2009,Drama,ES,14,False,True,False,en
tt0274407,2002,2000-2009,Drama,ES,16,False,True,False,es
tt0318523,2002,2000-2009,Thriller/crimen,ES,17,False,True,False,es
tt0314412,2003,2000-2009,Romance,ES,1,False,True,False,en
tt0326977,2003,2000-2009,Thriller/crimen,ES,2,False,True,False,en
tt0326835,2003,2000-2009,Romance,ES,3,False,True,False,en
tt0273689,2003,2000-2009,Ciencia ficción/fantasía,ES,4,False,True,False,en
tt0350193,2003,2000-2009,Romance,ES,5,False,True,False,es
tt0258816,2003,2000-2009,Thriller/crimen,ES,6,False,True,False,es
tt0348853,2003,2000-2009,Romance,ES,7,False,True,False,es
tt0376800,2003,2000-2009,Acción/aventura,ES,8,False,True,False,es
tt0339806,2003,2000-2009,Comedia,ES,9,False,True,False,es
tt0337930,2003,2000-2009,Acción/aventura,ES,10,False,True,False,es
tt0314121,2003,2000-2009,Acción/aventura,ES,11,False,True,False,es
tt0314197,2003,2000-2009,Ciencia ficción/fantasía,ES,12,False,True,False,es
tt0377834,2003,2000-2009,Comedia,ES,13,False,True,False,es
tt0339489,2003,2000-2009,Thriller/crimen,ES,14,False,True,False,en
tt0385703,2003,2000-2009,Drama,ES,15,False,True,False,en
tt0361862,2004,2000-2009,Thriller/crimen,ES,1,False,True,False,es
tt0318462,2004,2000-2009,Acción/aventura,ES,2,False,True,False,es
tt0369702,2004,2000-2009,Drama,ES,3,False,True,False,es
tt0275491,2004,2000-2009,Thriller/crimen,ES,4,False,True,False,es
tt0338097,2004,2000-2009,Romance,ES,5,False,True,False,es
tt0395125,2004,2000-2009,Comedia,ES,6,False,True,False,en
tt0379306,2004,2000-2009,Comedia,ES,7,False,True,False,en
tt0330702,2004,2000-2009,Romance,ES,8,False,True,False,es
tt0381392,2004,2000-2009,Romance,ES,9,False,True,False,es
tt0331370,2004,2000-2009,Comedia,ES,10,False,True,False,es
tt0436374,2004,2000-2009,Thriller/crimen,ES,12,False,True,False,en
tt0356336,2004,2000-2009,Acción/aventura,ES,13,False,True,False,es
tt0300270,2004,2000-2009,Drama,ES,14,False,True,False,es
tt0420548,2004,2000-2009,Drama,ES,15,False,True,False,en
tt0385842,2004,2000-2009,Thriller/crimen,ES,16,False,True,False,en
tt0422272,2005,2000-2009,Terror,ES,1,False,True,False,es
tt0429715,2005,2000-2009,Thriller/crimen,ES,2,False,True,False,en
tt0430576,2005,2000-2009,Romance,ES,3,False,True,False,es
tt0427582,2005,2000-2009,Thriller/crimen,ES,4,False,True,False,en
tt0422015,2005,2000-2009,Comedia,ES,5,False,True,False,es
tt0443584,2005,2000-2009,Drama,ES,6,False,True,False,en
tt0444505,2005,2000-2009,Comedia,ES,7,False,True,False,es
tt0434292,2005,2000-2009,Drama,ES,8,False,True,False,en
tt0453047,2005,2000-2009,Comedia,ES,9,False,True,False,es
tt0371853,2005,2000-2009,Terror,ES,10,False,True,False,es
tt0441761,2005,2000-2009,Comedia,ES,11,False,True,False,en
tt0434382,2005,2000-2009,Comedia,ES,12,False,True,False,es
tt0461894,2005,2000-2009,Thriller/crimen,ES,13,False,True,False,es
tt0441297,2005,2000-2009,Drama,ES,14,False,True,False,es
tt0434304,2005,2000-2009,Comedia,ES,15,False,True,False,es
tt0457430,2006,2000-2009,Ciencia ficción/fantasía,ES,1,False,True,False,es
tt0396171,2006,2000-2009,Ciencia ficción/fantasía,ES,2,False,True,False,es
tt0441909,2006,2000-2009,Comedia,ES,3,False,True,False,es
tt0460989,2006,2000-2009,Drama,ES,4,False,True,False,es
tt0430912,2006,2000-2009,Thriller/crimen,ES,5,False,True,False,en
tt0455957,2006,2000-2009,Drama,ES,6,False,True,False,es
tt0395119,2006,2000-2009,Acción/aventura,ES,7,False,True,False,es
tt0475937,2006,2000-2009,Terror,ES,8,False,True,False,es
tt0452971,2006,2000-2009,Comedia,ES,9,False,True,False,es
tt0473333,2006,2000-2009,Terror,ES,10,False,True,False,en
tt0415160,2006,2000-2009,Acción/aventura,ES,11,False,True,False,es
tt0455584,2006,2000-2009,Ciencia ficción/fantasía,ES,12,False,True,False,es
tt0439123,2006,2000-2009,Animación,ES,13,False,True,False,en
tt0456111,2006,2000-2009,Thriller/crimen,ES,15,False,True,False,es
tt0484273,2006,2000-2009,Terror,ES,16,False,True,False,es
tt0463854,2007,2000-2009,Terror,ES,1,False,True,False,es
tt1038988,2007,2000-2009,Terror,ES,2,False,True,False,es
tt0464141,2007,2000-2009,Terror,ES,3,False,True,False,es
tt0480669,2007,2000-2009,Terror,ES,4,False,True,False,es
tt0473360,2007,2000-2009,Drama,ES,5,False,True,False,en
tt1016301,2007,2000-2009,Thriller/crimen,ES,6,False,True,False,es
tt0995829,2007,2000-2009,Romance,ES,7,False,True,False,es
tt1039652,2007,2000-2009,Thriller/crimen,ES,9,False,True,False,es
tt0905329,2007,2000-2009,Drama,ES,10,False,True,False,es
tt0456340,2007,2000-2009,Romance,ES,11,False,True,False,es
tt1085862,2007,2000-2009,Thriller/crimen,ES,12,False,True,False,en
tt0836682,2007,2000-2009,Animación,ES,13,False,True,False,en
tt0419704,2007,2000-2009,Animación,ES,15,False,True,False,es
tt0809533,2007,2000-2009,Drama,ES,16,False,True,False,es
tt0812377,2007,2000-2009,Drama,ES,19,False,True,False,en
tt0497465,2008,2000-2009,Comedia,ES,1,True,True,False,es
tt1082868,2008,2000-2009,Terror,ES,2,False,True,False,es
tt0800241,2008,2000-2009,Thriller/crimen,ES,3,False,True,False,en
tt0488604,2008,2000-2009,Thriller/crimen,ES,5,False,True,False,en
tt1111890,2008,2000-2009,Romance,ES,6,False,True,False,en
tt1217637,2008,2000-2009,Thriller/crimen,ES,7,False,True,False,en
tt1104083,2008,2000-2009,Drama,ES,8,False,True,False,es
tt1020955,2008,2000-2009,Comedia,ES,14,False,True,False,es
tt1078600,2008,2000-2009,Thriller/crimen,ES,15,False,True,False,es
tt0951333,2008,2000-2009,Animación,ES,19,False,True,False,es
tt1002539,2008,2000-2009,Drama,ES,20,False,True,False,en
tt1319695,2008,2000-2009,Animación,ES,23,False,True,False,es
tt0970469,2008,2000-2009,Acción/aventura,ES,25,False,True,False,es
tt1172974,2008,2000-2009,Comedia,ES,26,False,True,False,es
tt1056419,2008,2000-2009,Drama,ES,29,False,True,False,es
tt1305806,2009,2000-2009,Romance,ES,1,False,True,False,es
tt1245112,2009,2000-2009,Terror,ES,2,False,True,False,es
tt1186830,2009,2000-2009,Acción/aventura,ES,3,False,True,False,es
tt1242422,2009,2000-2009,Acción/aventura,ES,4,False,True,False,es
tt0762125,2009,2000-2009,Animación,ES,5,False,True,False,es
tt0913425,2009,2000-2009,Romance,ES,6,False,True,False,es
tt0865559,2009,2000-2009,Comedia,ES,7,False,True,False,en
tt1242545,2009,2000-2009,Ciencia ficción/fantasía,ES,8,False,True,False,es
tt0964185,2009,2000-2009,Drama,ES,9,False,True,False,es
tt1217070,2009,2000-2009,Thriller/crimen,ES,10,False,True,False,en
tt1235830,2009,2000-2009,Animación,ES,11,False,True,False,es
tt0458455,2009,2000-2009,Romance,ES,12,False,True,False,es
tt1206488,2009,2000-2009,Drama,ES,13,False,True,False,es
tt0870937,2009,2000-2009,Terror,ES,14,False,True,False,en
tt1467391,2009,2000-2009,Comedia,ES,15,False,True,False,en
tt1462758,2010,2010-2019,Thriller/crimen,ES,1,False,True,False,es
tt1164999,2010,2010-2019,Romance,ES,2,False,True,False,es
tt1182350,2010,2010-2019,Comedia,ES,3,False,True,False,es
tt1512685,2010,2010-2019,Terror,ES,4,False,True,False,es
tt1441912,2010,2010-2019,Comedia,ES,5,False,True,False,en
tt1648216,2010,2010-2019,Acción/aventura,ES,6,False,True,False,es
tt1263750,2010,2010-2019,Romance,ES,7,False,True,False,en
tt1572491,2010,2010-2019,Terror,ES,8,False,True,False,es
tt1422032,2010,2010-2019,Drama,ES,9,False,True,False,es
tt1629377,2010,2010-2019,Terror,ES,10,False,True,False,es
tt1183911,2010,2010-2019,Comedia,ES,11,False,True,False,en
tt1734067,2010,2010-2019,Terror,ES,12,False,True,False,es
tt1454523,2010,2010-2019,Thriller/crimen,ES,13,False,True,False,es
tt1282153,2010,2010-2019,Ciencia ficción/fantasía,ES,15,False,True,False,en
tt1242744,2010,2010-2019,Terror,ES,16,False,True,False,es
tt1605783,2011,2010-2019,Ciencia ficción/fantasía,ES,1,False,True,False,es
tt1189073,2011,2010-2019,Thriller/crimen,ES,2,False,True,False,es
tt1692486,2011,2010-2019,Comedia,ES,3,False,True,False,es
tt1437358,2011,2010-2019,Terror,ES,4,False,True,False,en
tt1772250,2011,2010-2019,Thriller/crimen,ES,5,False,True,False,es
tt1592281,2011,2010-2019,Comedia,ES,6,False,True,False,es
tt1705786,2011,2010-2019,Comedia,ES,8,False,True,False,es
tt1235841,2011,2010-2019,Comedia,ES,9,False,True,False,es
tt1712159,2011,2010-2019,Terror,ES,10,False,True,False,en
tt1838571,2011,2010-2019,Terror,ES,12,False,True,False,es
tt1629705,2011,2010-2019,Acción/aventura,ES,13,False,True,False,es
tt1298554,2011,2010-2019,Ciencia ficción/fantasía,ES,14,False,True,False,en
tt1417108,2011,2010-2019,Acción/aventura,ES,15,False,True,False,es
tt1661862,2011,2010-2019,Thriller/crimen,ES,16,False,True,False,es
tt1407052,2011,2010-2019,Animación,ES,19,False,True,False,en
tt1371111,2012,2010-2019,Ciencia ficción/fantasía,ES,1,False,True,False,en
tt1649419,2012,2010-2019,Thriller/crimen,ES,2,False,True,False,es
tt1859650,2012,2010-2019,Comedia,ES,3,False,True,False,es
tt1937149,2012,2010-2019,Thriller/crimen,ES,4,False,True,False,en
tt1748179,2012,2010-2019,Ciencia ficción/fantasía,ES,5,False,True,False,es
tt1649444,2012,2010-2019,Acción/aventura,ES,6,False,True,False,es
tt1366365,2012,2010-2019,Acción/aventura,ES,7,False,True,False,es
tt1829012,2012,2010-2019,Thriller/crimen,ES,8,False,True,False,es
tt1396226,2012,2010-2019,Romance,ES,10,False,True,False,en
tt1797504,2012,2010-2019,Romance,ES,11,False,True,False,es
tt1854513,2012,2010-2019,Ciencia ficción/fantasía,ES,12,False,True,False,es
tt1764625,2012,2010-2019,Animación,ES,13,False,True,False,es
tt1924277,2012,2010-2019,Acción/aventura,ES,14,False,True,False,es
tt1852770,2012,2010-2019,Terror,ES,15,False,True,False,en
tt1924273,2012,2010-2019,Acción/aventura,ES,17,False,True,False,en
tt1905041,2013,2010-2019,Acción/aventura,ES,1,True,True,False,es
tt2316411,2013,2010-2019,Thriller/crimen,ES,2,False,True,False,es
tt2023587,2013,2010-2019,Terror,ES,3,False,True,False,es
tt2278871,2013,2010-2019,Romance,ES,4,False,True,False,es
tt1715336,2013,2010-2019,Ciencia ficción/fantasía,ES,5,False,True,False,en
tt2243389,2013,2010-2019,Comedia,ES,6,False,True,False,es
tt2039345,2013,2010-2019,Thriller/crimen,ES,7,False,True,False,en
tt2404738,2013,2010-2019,Acción/aventura,ES,8,False,True,False,es
tt1634003,2013,2010-2019,Animación,ES,9,False,True,False,es
tt2425486,2013,2010-2019,Comedia,ES,10,False,True,False,es
tt1935914,2013,2010-2019,Terror,ES,11,False,True,False,en
tt2093270,2013,2010-2019,Terror,ES,12,False,True,False,en
tt1847746,2013,2010-2019,Thriller/crimen,ES,13,False,True,False,es
tt2896036,2013,2010-2019,Comedia,ES,14,False,True,False,es
tt1639826,2013,2010-2019,Animación,ES,16,False,True,False,en
tt3011894,2014,2010-2019,Comedia,ES,1,False,True,False,en
tt2446042,2014,2010-2019,Acción/aventura,ES,2,False,True,False,es
tt1528100,2014,2010-2019,Acción/aventura,ES,3,False,True,False,es
tt1971325,2014,2010-2019,Acción/aventura,ES,4,False,True,False,es
tt2669336,2014,2010-2019,Ciencia ficción/fantasía,ES,5,False,True,False,es
tt3253930,2014,2010-2019,Thriller/crimen,ES,6,False,True,False,en
tt2515030,2014,2010-2019,Thriller/crimen,ES,7,False,True,False,en
tt1649443,2014,2010-2019,Acción/aventura,ES,8,False,True,False,es
tt2955316,2014,2010-2019,Comedia,ES,9,False,True,False,es
tt2409818,2014,2010-2019,Thriller/crimen,ES,10,False,True,False,es
tt3417756,2014,2010-2019,Terror,ES,11,False,True,False,es
tt3089326,2014,2010-2019,Thriller/crimen,ES,12,False,True,False,en
tt2872724,2014,2010-2019,Terror,ES,17,False,True,False,es
tt2494384,2014,2010-2019,Drama,ES,18,False,True,False,en
tt3230668,2014,2010-2019,Romance,ES,19,False,True,False,es
tt1390411,2015,2010-2019,Acción/aventura,ES,1,False,True,False,es
tt2515034,2015,2010-2019,Acción/aventura,ES,2,False,True,False,en
tt3319920,2015,2010-2019,Thriller/crimen,ES,3,False,True,False,en
tt3467412,2015,2010-2019,Acción/aventura,ES,5,False,True,False,en
tt4411504,2015,2010-2019,Thriller/crimen,ES,6,False,True,False,es
tt3202202,2015,2010-2019,Romance,ES,8,False,True,False,en
tt3169770,2015,2010-2019,Acción/aventura,ES,9,False,True,False,en
tt3626742,2015,2010-2019,Comedia,ES,10,False,True,False,es
tt4291590,2015,2010-2019,Terror,ES,11,False,True,False,en
tt4441280,2015,2010-2019,Thriller/crimen,ES,12,False,True,False,es
tt3500544,2015,2010-2019,Comedia,ES,13,False,True,False,en
tt4412362,2015,2010-2019,Comedia,ES,14,False,True,False,es
tt3480886,2015,2010-2019,Drama,ES,15,False,True,False,en
tt3510480,2015,2010-2019,Acción/aventura,ES,16,False,True,False,es
tt3896100,2015,2010-2019,Animación,ES,17,False,True,False,es
tt2094766,2016,2010-2019,Acción/aventura,ES,1,False,True,False,es
tt4857264,2016,2010-2019,Thriller/crimen,ES,2,False,True,False,es
tt3416532,2016,2010-2019,Acción/aventura,ES,3,False,True,False,en
tt4680182,2016,2010-2019,Ciencia ficción/fantasía,ES,4,False,True,False,es
tt4326444,2016,2010-2019,Romance,ES,5,False,True,False,es
tt3707104,2016,2010-2019,Thriller/crimen,ES,6,False,True,False,en
tt1183374,2016,2010-2019,Terror,ES,7,False,True,False,en
tt4562518,2016,2010-2019,Comedia,ES,8,False,True,False,es
tt4698584,2016,2010-2019,Thriller/crimen,ES,11,False,True,False,en
tt4356480,2016,2010-2019,Comedia,ES,13,False,True,False,en
tt1713440,2016,2010-2019,Thriller/crimen,ES,14,False,True,False,es
tt3655414,2016,2010-2019,Acción/aventura,ES,15,False,True,False,es
tt4922692,2016,2010-2019,Comedia,ES,17,False,True,False,es
tt5170810,2016,2010-2019,Terror,ES,19,False,True,False,en
tt4631532,2016,2010-2019,Comedia,ES,20,False,True,False,es
tt5093026,2017,2010-2019,Acción/aventura,ES,1,False,True,False,en
tt5862312,2017,2010-2019,Terror,ES,2,False,True,False,es
tt5886440,2017,2010-2019,Terror,ES,3,False,True,False,es
tt5121816,2017,2010-2019,Terror,ES,4,False,True,False,en
tt5639354,2017,2010-2019,Drama,ES,5,False,True,False,es
tt6060156,2017,2010-2019,Comedia,ES,7,False,True,False,en
tt1034385,2017,2010-2019,Acción/aventura,ES,8,False,True,False,en
tt4924942,2017,2010-2019,Thriller/crimen,ES,9,False,True,False,es
tt3127022,2017,2010-2019,Drama,ES,10,False,True,False,en
tt5592878,2017,2010-2019,Terror,ES,12,False,True,False,es
tt3563262,2017,2010-2019,Romance,ES,13,False,True,False,en
tt5897636,2017,2010-2019,Drama,ES,14,False,True,False,en
tt3469798,2017,2010-2019,Ciencia ficción/fantasía,ES,15,False,True,False,en
tt5808778,2017,2010-2019,Ciencia ficción/fantasía,ES,16,False,True,False,es
tt5176252,2017,2010-2019,Comedia,ES,19,False,True,False,es
tt6908274,2018,2010-2019,Ciencia ficción/fantasía,ES,1,False,True,False,en
tt4964788,2018,2010-2019,Thriller/crimen,ES,2,False,True,False,en
tt1318517,2018,2010-2019,Acción/aventura,ES,3,False,True,False,en
tt6704776,2018,2010-2019,Drama,ES,4,False,True,False,es
tt6793580,2018,2010-2019,Comedia,ES,5,False,True,False,es
tt6792282,2018,2010-2019,Acción/aventura,ES,7,False,True,False,en
tt7095482,2018,2010-2019,Thriller/crimen,ES,8,False,True,False,es
tt7605922,2018,2010-2019,Comedia,ES,9,False,True,False,en
tt7295450,2018,2010-2019,Ciencia ficción/fantasía,ES,10,False,True,False,en
tt3711510,2018,2010-2019,Ciencia ficción/fantasía,ES,11,False,True,False,en
tt7841496,2018,2010-2019,Thriller/crimen,ES,13,False,True,False,es
tt4110388,2018,2010-2019,Acción/aventura,ES,14,False,True,False,es
tt7104984,2018,2010-2019,Acción/aventura,ES,15,False,True,False,en
tt3732280,2018,2010-2019,Terror,ES,16,False,True,False,en
tt6053948,2018,2010-2019,Drama,ES,17,False,True,False,es
tt8228288,2019,2010-2019,Terror,ES,1,False,True,False,es
tt4729430,2019,2010-2019,Animación,ES,2,False,True,False,es
tt8291806,2019,2010-2019,Drama,ES,3,False,True,False,es
tt6127004,2019,2010-2019,Terror,ES,4,False,True,False,en
tt6428676,2019,2010-2019,Animación,ES,5,False,True,False,es
tt6760876,2019,2010-2019,Thriller/crimen,ES,6,False,True,False,es
tt7304802,2019,2010-2019,Thriller/crimen,ES,7,False,True,False,en
tt7967412,2019,2010-2019,Thriller/crimen,ES,8,False,True,False,en
tt7937168,2019,2010-2019,Drama,ES,9,False,True,False,en
tt7818580,2019,2010-2019,Drama,ES,10,False,True,False,es
tt9063902,2019,2010-2019,Comedia,ES,11,False,True,False,es
tt6704898,2019,2010-2019,Romance,ES,13,False,True,False,es
tt9150970,2019,2010-2019,Comedia,ES,14,False,True,False,en
tt8988748,2019,2010-2019,Drama,ES,15,False,True,False,es
tt8453986,2019,2010-2019,Comedia,ES,19,False,True,False,es
tt9345754,2020,2020-2024,Thriller/crimen,ES,1,False,True,False,es
tt11750282,2020,2020-2024,Terror,ES,2,False,True,False,en
tt11127690,2020,2020-2024,Thriller/crimen,ES,3,False,True,False,en
tt8593904,2020,2020-2024,Comedia,ES,4,False,True,False,es
tt5827790,2020,2020-2024,Acción/aventura,ES,6,False,True,False,en
tt10952782,2020,2020-2024,Terror,ES,7,False,True,False,es
tt10127708,2020,2020-2024,Terror,ES,8,False,True,False,en
tt9916362,2020,2020-2024,Terror,ES,9,False,True,False,en
tt9616700,2020,2020-2024,Drama,ES,10,False,True,False,es
tt10978398,2020,2020-2024,Acción/aventura,ES,11,False,True,False,es
tt9421200,2020,2020-2024,Thriller/crimen,ES,13,False,True,False,en
tt4359330,2020,2020-2024,Thriller/crimen,ES,14,False,True,False,en
tt11394282,2020,2020-2024,Drama,ES,17,False,True,False,en
tt11272898,2020,2020-2024,Terror,ES,19,True,True,False,en
tt9519642,2020,2020-2024,Comedia,ES,22,False,True,False,es
tt12618926,2021,2020-2024,Drama,ES,1,False,True,False,en
tt9742794,2021,2020-2024,Acción/aventura,ES,2,False,True,False,en
tt9845564,2021,2020-2024,Acción/aventura,ES,3,False,True,False,en
tt11700260,2021,2020-2024,Comedia,ES,4,False,True,False,en
tt11698630,2021,2020-2024,Comedia,ES,6,False,True,False,es
tt11807888,2021,2020-2024,Terror,ES,7,False,True,False,en
tt11658120,2021,2020-2024,Acción/aventura,ES,10,False,True,False,en
tt13323118,2021,2020-2024,Terror,ES,11,False,True,False,en
tt11698662,2021,2020-2024,Comedia,ES,16,False,True,False,es
tt7214954,2022,2020-2024,Animación,ES,1,False,True,False,en
tt13229894,2022,2020-2024,Thriller/crimen,ES,2,False,True,False,es
tt15006566,2022,2020-2024,Thriller/crimen,ES,3,False,True,False,en
tt14463484,2022,2020-2024,Comedia,ES,4,False,True,False,en
tt10399608,2022,2020-2024,Terror,ES,5,False,True,False,en
tt21874760,2022,2020-2024,Terror,ES,6,False,True,False,es
tt6722802,2022,2020-2024,Thriller/crimen,ES,7,False,True,False,es
tt12683756,2022,2020-2024,Terror,ES,8,False,True,False,en
tt11930126,2022,2020-2024,Drama,ES,9,False,True,False,en
tt22964884,2022,2020-2024,Drama,ES,12,False,True,False,en
tt15128358,2022,2020-2024,Thriller/crimen,ES,13,False,True,False,es
tt13660916,2022,2020-2024,Thriller/crimen,ES,19,False,True,False,en
tt10483152,2022,2020-2024,Animación,ES,20,False,True,False,en
tt14941698,2022,2020-2024,Animación,ES,22,False,True,False,es
tt15006754,2022,2020-2024,Drama,ES,24,False,True,False,en
tt16277242,2023,2020-2024,Acción/aventura,ES,1,True,True,False,en
tt13375076,2023,2020-2024,Terror,ES,2,False,True,False,es
tt15789472,2023,2020-2024,Thriller/crimen,ES,3,False,True,False,en
tt21909764,2023,2020-2024,Romance,ES,4,False,True,False,en
tt14400246,2023,2020-2024,Terror,ES,5,False,True,False,es
tt6906292,2023,2020-2024,Acción/aventura,ES,6,False,True,False,en
tt12672536,2023,2020-2024,Acción/aventura,ES,7,False,True,False,es
tt13429870,2023,2020-2024,Animación,ES,8,False,True,False,en
tt12672620,2023,2020-2024,Acción/aventura,ES,9,False,True,False,en
tt19175696,2023,2020-2024,Terror,ES,10,False,True,False,en
tt7354440,2023,2020-2024,Terror,ES,13,False,True,False,en
tt15789492,2023,2020-2024,Acción/aventura,ES,15,False,True,False,es
tt21113962,2023,2020-2024,Drama,ES,17,False,True,False,es
tt18315204,2023,2020-2024,Terror,ES,20,False,True,False,es
tt15977250,2023,2020-2024,Comedia,ES,22,False,True,False,es
tt27729779,2024,2020-2024,Terror,ES,1,False,True,False,en
tt29439114,2024,2020-2024,Drama,ES,2,False,True,False,en
tt27599851,2024,2020-2024,Terror,ES,3,False,True,False,es
tt11687002,2024,2020-2024,Drama,ES,4,False,True,False,es
tt28510079,2024,2020-2024,Romance,ES,5,False,True,False,en
tt26677014,2024,2020-2024,Drama,ES,6,False,True,False,en
tt11891850,2024,2020-2024,Comedia,ES,7,False,True,False,es
tt27751957,2024,2020-2024,Drama,ES,12,False,True,False,es
tt32085997,2024,2020-2024,Comedia,ES,14,False,True,False,en
tt27599713,2024,2020-2024,Drama,ES,16,False,True,False,en
tt31723358,2024,2020-2024,Romance,ES,19,False,True,False,en
tt7093904,2024,2020-2024,Animación,ES,20,False,True,False,en
tt27518776,2024,2020-2024,Drama,ES,28,False,True,False,es
tt26530493,2024,2020-2024,Animación,ES,30,False,True,False,en
