id,tconst,etapa_origen,batch
F00D05E67,tt4160708,v2_modb,cde_01
F01766181,tt0081562,v2_modb,cde_01
F01DB687B,tt0362227,v2_modb,cde_01
F02748BB7,tt0318627,v2_modb,cde_01
F02993BF6,tt8633478,v2_modb,cde_01
F0336CFC0,tt0114369,v2_modb,cde_01
F03B1CBC9,tt0386588,v2_modb,cde_01
F044CFC27,tt0328107,v2_modb,cde_01
F04E30554,tt0095444,v2_modb,cde_01
F04FDE101,tt0109068,v2_modb,cde_01
F058E7330,tt0451279,v2_modb,cde_01
F05AAF8A3,tt9603212,v2_modb,cde_01
F05AC7FBE,tt4123432,v2_modb,cde_01
F05CD1DCD,tt0087799,v2_modb,cde_01
F05D0FE20,tt0780504,v2_modb,cde_01
F05F8F768,tt3402236,v2_modb,cde_01
F06542304,tt0108052,v2_modb,cde_01
F065C2574,tt2713180,v2_modb,cde_01
F06CC9DBE,tt1464540,v2_modb,cde_01
F0722B3F9,tt0111255,v2_modb,cde_01
F0778A499,tt0125439,v2_modb,cde_01
F077ABB2E,tt0095159,v2_modb,cde_01
F07985BD0,tt0110367,v2_modb,cde_01
F07A89A4F,tt0082926,v2_modb,cde_01
F0853E663,tt17663992,v2_modb,cde_01
F08E6C3C9,tt0089893,v2_modb,cde_01
F091C554F,tt0448134,v2_modb,cde_01
F0961C13B,tt15325794,v2_modb,cde_01
F097842A7,tt0185937,v2_modb,cde_01
F09C0259C,tt0080549,v2_modb,cde_01
F09CA1355,tt0120907,v2_modb,cde_01
F0A17306D,tt0104348,v2_modb,cde_01
F0A82D8A0,tt0082533,v2_modb,cde_01
F0AC936BD,tt0110932,v2_modb,cde_01
F0ADDAC03,tt0111282,v2_modb,cde_01
F0BD60FEC,tt1790885,v2_modb,cde_01
F0BDD5A64,tt0082517,v2_modb,cde_01
F0BE514D0,tt2322441,v2_modb,cde_01
F0BFC3246,tt0387564,v2_modb,cde_01
F0C3FCA84,tt6710474,v2_modb,cde_01
F0CA007BE,tt13833688,v2_modb,cde_01
F0CD7F243,tt0080365,v2_modb,cde_01
F0D90BC11,tt0479952,v2_modb,cde_01
F0D9404E2,tt0093010,v2_modb,cde_01
F0E1BDE49,tt0102070,v2_modb,cde_01
F0E5B2786,tt5095030,v2_modb,cde_01
F0F4660AE,tt7653254,v2_modb,cde_01
F0FB24D41,tt0091369,v2_modb,cde_01
F0FC3A236,tt0210945,v2_modb,cde_01
F1056415B,tt0093605,v2_modb,cde_01
F11451A5E,tt6264654,v2_modb,cde_01
F121E1A60,tt2120120,v2_modb,cde_01
F124594A5,tt3704428,v2_modb,cde_01
F124D75D6,tt0087538,v2_modb,cde_01
F124DB514,tt1124035,v2_modb,cde_01
F13392864,tt0163651,v2_modb,cde_01
F1362180B,tt0093822,v2_modb,cde_01
F139E0229,tt0080716,v2_modb,cde_01
F151F90D3,tt0160862,v2_modb,cde_01
F1520F10B,tt0091886,v2_modb,cde_01
F15B9DBEF,tt0101516,v2_modb,cde_02
F1616AC0D,tt13560574,v2_modb,cde_02
F171EE9C0,tt1272878,v2_modb,cde_02
F1746426C,tt0780536,v2_modb,cde_02
F177F79A6,tt9032400,v2_modb,cde_02
F19291F07,tt0080661,v2_modb,cde_02
F199DC385,tt0217505,v2_modb,cde_02
F19B31D8C,tt0265086,v2_modb,cde_02
F19B68564,tt0102798,v2_modb,cde_02
F1AF0715F,tt0100935,v2_modb,cde_02
F1AF20FA0,tt0221027,v2_modb,cde_02
F1B37880A,tt1706620,v2_modb,cde_02
F1B53824F,tt0448157,v2_modb,cde_02
F1B87051E,tt0316654,v2_modb,cde_02
F1BAE0B19,tt7126948,v2_modb,cde_02
F1CA17939,tt0452623,v2_modb,cde_02
F1CB5DE1B,tt1401152,v2_modb,cde_02
F1CC81C95,tt1291150,v2_modb,cde_02
F1D0357A9,tt1245526,v2_modb,cde_02
F1D7591C9,tt0082817,v2_modb,cde_02
F1D838092,tt4244994,v2_modb,cde_02
F1E63063A,tt16419074,v2_modb,cde_02
F1E776436,tt0212985,v2_modb,cde_02
F1EF4E9D3,tt0082242,v2_modb,cde_02
F1F30EECD,tt0089670,v2_modb,cde_02
F1F9D09BB,tt0118689,v2_modb,cde_02
F200E82C6,tt0337741,v2_modb,cde_02
F202D2FA1,tt0087262,v2_modb,cde_02
F205C774D,tt0082846,v2_modb,cde_02
F20A30B96,tt1325004,v2_modb,cde_02
F20BD2F7F,tt5034838,v2_modb,cde_02
F20DB993C,tt7713068,v2_modb,cde_02
F213CD3C5,tt0085780,v2_modb,cde_02
F21A56BBA,tt8580274,v2_modb,cde_02
F21BABBFA,tt0343660,v2_modb,cde_02
F21F1EF37,tt0132477,v2_modb,cde_02
F220F548D,tt1478338,v2_modb,cde_02
F2242B730,tt0102803,v2_modb,cde_02
F225324B2,tt5083738,v2_modb,cde_02
F22A75930,tt0098282,v2_modb,cde_02
F22EC8383,tt2267998,v2_modb,cde_02
F22FBE41F,tt0096969,v2_modb,cde_02
F2350072A,tt0118607,v2_modb,cde_02
F23A44913,tt1490017,v2_modb,cde_02
F24A82EB1,tt0083722,v2_modb,cde_02
F24E23A62,tt0102614,v2_modb,cde_02
F2509C718,tt20215234,v2_modb,cde_02
F2522FD2F,tt0086216,v2_modb,cde_02
F253BFF88,tt0096487,v2_modb,cde_02
F254CF2BC,tt7784604,v2_modb,cde_02
F255EAC0A,tt0119488,v2_modb,cde_02
F256020AE,tt0758752,v2_modb,cde_02
F25FE158F,tt1045658,v2_modb,cde_02
F25FF5025,tt0082495,v2_modb,cde_02
F2618A378,tt0093300,v2_modb,cde_02
F264D9E6E,tt10655524,v2_modb,cde_02
F26657FFF,tt8772262,v2_modb,cde_02
F26A90560,tt0091225,v2_modb,cde_02
F26D23536,tt0085276,v2_modb,cde_02
F271D1EA0,tt1189340,v2_modb,cde_02
F273A2912,tt2935510,v2_modb,cde_03
F275C25F5,tt0128853,v2_modb,cde_03
F289F0A6B,tt0119978,v2_modb,cde_03
F29393475,tt9731534,v2_modb,cde_03
F29935CB9,tt0117438,v2_modb,cde_03
F2A1B6CC2,tt22022452,v2_modb,cde_03
F2A40F282,tt7846844,v2_modb,cde_03
F2A8A1238,tt0120611,v2_modb,cde_03
F2A985F10,tt0375063,v2_modb,cde_03
F2B28EB27,tt1355683,v2_modb,cde_03
F2BAFCC3A,tt0109635,v2_modb,cde_03
F2C4459A7,tt0486822,v2_modb,cde_03
F2CE21C96,tt0084899,v2_modb,cde_03
F2D1D3253,tt3315342,v2_modb,cde_03
F2D723B18,tt0084522,v2_modb,cde_03
F2DD719AE,tt7657566,v2_modb,cde_03
F2E43D114,tt1136617,v2_modb,cde_03
F2E4886B7,tt0283111,v2_modb,cde_03
F2E9164AF,tt0098439,v2_modb,cde_03
F2EAAEB46,tt1877830,v2_modb,cde_03
F2F753387,tt0128442,v2_modb,cde_03
F2F877B95,tt9784798,v2_modb,cde_03
F300785C8,tt0089767,v2_modb,cde_03
F30B13B2C,tt0105151,v2_modb,cde_03
F30B476BB,tt0120623,v2_modb,cde_03
F3105F6CE,tt0293662,v2_modb,cde_03
F31854B60,tt0085811,v2_modb,cde_03
F3228392B,tt0112579,v2_modb,cde_03
F339F3915,tt0085407,v2_modb,cde_03
F34BD266B,tt0108525,v2_modb,cde_03
F35828086,tt0120102,v2_modb,cde_03
F36439BBD,tt12003946,v2_modb,cde_03
F369687D6,tt0120188,v2_modb,cde_03
F36C0A535,tt0106387,v2_modb,cde_03
F36DE4EA5,tt1262426,v2_modb,cde_03
F378D2F65,tt0094963,v2_modb,cde_03
F3811B367,tt0455944,v2_modb,cde_03
F38186D87,tt0358082,v2_modb,cde_03
F3883E90E,tt0381849,v2_modb,cde_03
F38CB31C8,tt0892769,v2_modb,cde_03
F38E2186F,tt0080736,v2_modb,cde_03
F38E56A28,tt0120789,v2_modb,cde_03
F38FFA089,tt11286314,v2_modb,cde_03
F391DC13C,tt0094889,v2_modb,cde_03
F39AEA404,tt1424381,v2_modb,cde_03
F39C29AA2,tt0096787,v2_modb,cde_03
F3A4E31B1,tt0094947,v2_modb,cde_03
F3A549CD5,tt0399146,v2_modb,cde_03
F3ACD548A,tt2119532,v2_modb,cde_03
F3B6478FC,tt0296572,v2_modb,cde_03
F3B856739,tt0087781,v2_modb,cde_03
F3BF7A5A4,tt0119051,v2_modb,cde_03
F3C0C70CA,tt3799694,v2_modb,cde_03
F3C392075,tt0974015,v2_modb,cde_03
F3C61F151,tt0105477,v2_modb,cde_03
F3C91AD70,tt0099422,v2_modb,cde_03
F3C945BCE,tt3896198,v2_modb,cde_03
F3CB2C4C2,tt9686708,v2_modb,cde_03
F3CEA39EE,tt0095687,v2_modb,cde_03
F3CF17D90,tt0417148,v2_modb,cde_03
F3D8C51E0,tt0105417,v2_modb,cde_04
F3DA7486C,tt0086491,v2_modb,cde_04
F3E699E68,tt1650554,v2_modb,cde_04
F3ED0F997,tt0104714,v2_modb,cde_04
F3F03E1BA,tt0088172,v2_modb,cde_04
F3F061146,tt0094898,v2_modb,cde_04
F3F073945,tt1170358,v2_modb,cde_04
F3F827EA0,tt17526714,v2_modb,cde_04
F3FCD5CEF,tt0100502,v2_modb,cde_04
F3FFAE920,tt0084335,v2_modb,cde_04
F403DBA6F,tt0241303,v2_modb,cde_04
F4098E850,tt0399201,v2_modb,cde_04
F4157FDED,tt0443543,v2_modb,cde_04
F41F8A016,tt0118884,v2_modb,cde_04
F438C1A0A,tt0084865,v2_modb,cde_04
F43944937,tt11564570,v2_modb,cde_04
F440C77CA,tt1632708,v2_modb,cde_04
F44C2883F,tt0104691,v2_modb,cde_04
F44E938EA,tt2848292,v2_modb,cde_04
F456F1694,tt3104988,v2_modb,cde_04
F457065D5,tt5109280,v2_modb,cde_04
F458A1532,tt0106220,v2_modb,cde_04
F459204F4,tt1606378,v2_modb,cde_04
F45EDF118,tt1599348,v2_modb,cde_04
F46022CA5,tt1964418,v2_modb,cde_04
F4673B338,tt0120681,v2_modb,cde_04
F47156EA5,tt1355644,v2_modb,cde_04
F473AC834,tt1396484,v2_modb,cde_04
F4786C757,tt17024450,v2_modb,cde_04
F47DBDBC9,tt1630029,v2_modb,cde_04
F487DD551,tt0453467,v2_modb,cde_04
F4A0D0A9E,tt7405458,v2_modb,cde_04
F4A1B731E,tt0404032,v2_modb,cde_04
F4A542915,tt0112817,v2_modb,cde_04
F4A884D03,tt0091828,v2_modb,cde_04
F4B1D77F0,tt5177120,v2_modb,cde_04
F4B4B03D4,tt0084745,v2_modb,cde_04
F4B8BCCA3,tt0398808,v2_modb,cde_04
F4BC78CC9,tt14230458,v2_modb,cde_04
F4DCA3FB3,tt1111422,v2_modb,cde_04
F4E3AF68E,tt0083131,v2_modb,cde_04
F4E5058BF,tt9764362,v2_modb,cde_04
F4F6D1467,tt7349662,v2_modb,cde_04
F4FFB25B4,tt0203009,v2_modb,cde_04
F50AC0C58,tt0207201,v2_modb,cde_04
F50BE78AA,tt0098627,v2_modb,cde_04
F50DD7BEB,tt0424345,v2_modb,cde_04
F50E0B9C8,tt1323594,v2_modb,cde_04
F50FB2B34,tt0209958,v2_modb,cde_04
F518684BE,tt0119643,v2_modb,cde_04
F525A5911,tt3741700,v2_modb,cde_04
F5267D84C,tt2283362,v2_modb,cde_04
F52A1D10E,tt11272898,v2_modb,cde_04
F52C067F0,tt11083552,v2_modb,cde_04
F5307A097,tt0162222,v2_modb,cde_04
F53326582,tt21064584,v2_modb,cde_04
F533D213C,tt1318514,v2_modb,cde_04
F53DF9202,tt1057500,v2_modb,cde_04
F53F36D74,tt0085615,v2_modb,cde_04
F53FE17BD,tt5013056,v2_modb,cde_04
F5514997F,tt0498380,v2_modb,cde_05
F551EFF28,tt4566758,v2_modb,cde_05
F55A8A4F1,tt5090568,v2_modb,cde_05
F55CBC5B1,tt0084434,v2_modb,cde_05
F5620916E,tt0356910,v2_modb,cde_05
F571B7444,tt0234215,v2_modb,cde_05
F57456CEC,tt0101921,v2_modb,cde_05
F574CEB3F,tt0325703,v2_modb,cde_05
F576988C1,tt6856242,v2_modb,cde_05
F576C7E49,tt11233960,v2_modb,cde_05
F57BB8AB3,tt0101540,v2_modb,cde_05
F57BBD243,tt7984734,v2_modb,cde_05
F57BECAB3,tt6475714,v2_modb,cde_05
F57C63C8C,tt8009428,v2_modb,cde_05
F57DAEF0A,tt0093260,v2_modb,cde_05
F58316B5A,tt0112950,v2_modb,cde_05
F58802F5A,tt0311429,v2_modb,cde_05
F58CC92AA,tt1488606,v2_modb,cde_05
F58EBB4EC,tt0278504,v2_modb,cde_05
F593BCC18,tt6155172,v2_modb,cde_05
F59A94EE5,tt0137523,v2_modb,cde_05
F59B7C25A,tt0089370,v2_modb,cde_05
F59D6E8BB,tt0088933,v2_modb,cde_05
F59F524FE,tt0360486,v2_modb,cde_05
F5AE34B64,tt0454841,v2_modb,cde_05
F5B1E599D,tt11057302,v2_modb,cde_05
F5BA2518E,tt0217869,v2_modb,cde_05
F5BC1B202,tt0327084,v2_modb,cde_05
F5BC3A3EC,tt0756683,v2_modb,cde_05
F5C6A59EF,tt0472043,v2_modb,cde_05
F5C6ADAE7,tt4873118,v2_modb,cde_05
F5DBBF9BA,tt0081375,v2_modb,cde_05
F5DF56C63,tt8332922,v2_modb,cde_05
F5E0E2B0A,tt0481369,v2_modb,cde_05
F5E16ADB3,tt0110657,v2_modb,cde_05
F5E8645CC,tt11315808,v2_modb,cde_05
F5E97FD12,tt4123430,v2_modb,cde_05
F5F5703B1,tt1403865,v2_modb,cde_05
F5F9ADC1A,tt0080678,v2_modb,cde_05
F5FF23E54,tt0084234,v2_modb,cde_05
F601CE473,tt0095031,v2_modb,cde_05
F603F9D41,tt0240772,v2_modb,cde_05
F609859BD,tt9243804,v2_modb,cde_05
F61B1900D,tt1454029,v2_modb,cde_05
F61BC66D2,tt0397892,v2_modb,cde_05
F61E3B1F2,tt0105665,v2_modb,cde_05
F6217C353,tt0116287,v2_modb,cde_05
F6294C9E4,tt0109520,v2_modb,cde_05
F62961003,tt0129387,v2_modb,cde_05
F62B47E09,tt0180093,v2_modb,cde_05
F62B9C85E,tt0107120,v2_modb,cde_05
F62FDFFB0,tt12263384,v2_modb,cde_05
F631B26BA,tt4682266,v2_modb,cde_05
F63971E8E,tt0266987,v2_modb,cde_05
F63F2592F,tt0379725,v2_modb,cde_05
F63FC1DB3,tt0848228,v2_modb,cde_05
F653C1C10,tt0087928,v2_modb,cde_05
F65A88246,tt0116126,v2_modb,cde_05
F65F53429,tt15398776,v2_modb,cde_05
F660E8F04,tt0082934,v2_modb,cde_05
F660F9490,tt0111280,v2_modb,cde_06
F6635C09A,tt0101912,v2_modb,cde_06
F665ABA6A,tt0081554,v2_modb,cde_06
F66BF64CC,tt14998742,v2_modb,cde_06
F66CD9A5D,tt1193138,v2_modb,cde_06
F6717BA8D,tt8999762,v2_modb,cde_06
F6776AEB2,tt1289401,v2_modb,cde_06
F67EF07EB,tt7556122,v2_modb,cde_06
F69531046,tt0256415,v2_modb,cde_06
F6961D20E,tt0437086,v2_modb,cde_06
F6A43E9CE,tt0215129,v2_modb,cde_06
F6ABB3E0C,tt0486655,v2_modb,cde_06
F6AD3501B,tt9419884,v2_modb,cde_06
F6B5F1CDE,tt3263904,v2_modb,cde_06
F6BCAF816,tt0114924,v2_modb,cde_06
F6C2BC8F8,tt0088184,v2_modb,cde_06
F6C493016,tt0091059,v2_modb,cde_06
F6C6F4181,tt0099700,v2_modb,cde_06
F6C8EFAB7,tt0108002,v2_modb,cde_06
F6CA2D501,tt0114436,v2_modb,cde_06
F6CC862D0,tt0085694,v2_modb,cde_06
F6D35D216,tt0363771,v2_modb,cde_06
F6DBE9750,tt0448115,v2_modb,cde_06
F6E4C7E76,tt5108870,v2_modb,cde_06
F6E81EF70,tt0119654,v2_modb,cde_06
F6E953FE0,tt0105112,v2_modb,cde_06
F6F1D0C7F,tt0277434,v2_modb,cde_06
F6F5D9F36,tt0298203,v2_modb,cde_06
F6FB35A8A,tt3567288,v2_modb,cde_06
F7050C6D5,tt0388482,v2_modb,cde_06
F711A47B1,tt0298130,v2_modb,cde_06
F713AB0F9,tt11245972,v2_modb,cde_06
F715DAA72,tt11563598,v2_modb,cde_06
F71B8A14D,tt6105098,v2_modb,cde_06
F71F45074,tt1212450,v2_modb,cde_06
F7202EE76,tt0312004,v2_modb,cde_06
F7231FB0F,tt0086508,v2_modb,cde_06
F7241B2AC,tt0295700,v2_modb,cde_06
F730BC28B,tt0106697,v2_modb,cde_06
F739182CC,tt1032755,v2_modb,cde_06
F74EA4E9D,tt0082801,v2_modb,cde_06
F7565564F,tt6048922,v2_modb,cde_06
F75FEB5D4,tt0087078,v2_modb,cde_06
F760ADFB1,tt1130884,v2_modb,cde_06
F7614D7BF,tt0112740,v2_modb,cde_06
F767F5094,tt0265208,v2_modb,cde_06
F7742CBE7,tt0112818,v2_modb,cde_06
F775C9DFD,tt0093870,v2_modb,cde_06
F775F0C49,tt0289879,v2_modb,cde_06
F778E1639,tt0109813,v2_modb,cde_06
F77AD5BA4,tt10298810,v2_modb,cde_06
F77BDFDEC,tt1077368,v2_modb,cde_06
F77EEBE60,tt6343314,v2_modb,cde_06
F781CE40F,tt1033575,v2_modb,cde_06
F7835A7FC,tt0083907,v2_modb,cde_06
F79FDF504,tt0090305,v2_modb,cde_06
F7A431155,tt2334879,v2_modb,cde_06
F7A64D8F0,tt10539608,v2_modb,cde_06
F7B6F61AB,tt0139654,v2_modb,cde_06
F7B9EBB1B,tt8629748,v2_modb,cde_06
F7C5844CE,tt0146316,v2_modb,cde_07
F7C9D2B88,tt0358273,v2_modb,cde_07
F7CB0DCF3,tt8041270,v2_modb,cde_07
F7D35C114,tt1877832,v2_modb,cde_07
F7D6CF9DA,tt7160372,v2_modb,cde_07
F7E391F4C,tt0104409,v2_modb,cde_07
F7E412CC0,tt10366460,v2_modb,cde_07
F7EC5376A,tt1515091,v2_modb,cde_07
F8048927C,tt0105698,v2_modb,cde_07
F80DBCFD3,tt0093058,v2_modb,cde_07
F80F59840,tt0139134,v2_modb,cde_07
F81446813,tt0114069,v2_modb,cde_07
F81A0192D,tt0328880,v2_modb,cde_07
F81CDF71E,tt1959563,v2_modb,cde_07
F81D146B8,tt0089560,v2_modb,cde_07
F81EE208B,tt0892782,v2_modb,cde_07
F81F0A346,tt0106519,v2_modb,cde_07
F82A7CA2B,tt0110632,v2_modb,cde_07
F831659C2,tt0099582,v2_modb,cde_07
F83E4AC39,tt0105629,v2_modb,cde_07
F8440822C,tt0093560,v2_modb,cde_07
F8466FD2C,tt1979376,v2_modb,cde_07
F8487D086,tt1748122,v2_modb,cde_07
F84D917BE,tt1723121,v2_modb,cde_07
F85552FF3,tt1446714,v2_modb,cde_07
F85AB87A2,tt0119177,v2_modb,cde_07
F85AC938F,tt10545296,v2_modb,cde_07
F85B2A2B8,tt0259446,v2_modb,cde_07
F85D9383E,tt0251127,v2_modb,cde_07
F860269B4,tt13433802,v2_modb,cde_07
F86220090,tt0082186,v2_modb,cde_07
F86CF5146,tt0381681,v2_modb,cde_07
F870DABA8,tt0082766,v2_modb,cde_07
F8716AA50,tt0138704,v2_modb,cde_07
F877A0DBF,tt0266697,v2_modb,cde_07
F887F0858,tt1677720,v2_modb,cde_07
F888A5EF5,tt9866072,v2_modb,cde_07
F88C25171,tt1596363,v2_modb,cde_07
F894907E7,tt0120832,v2_modb,cde_07
F895EF583,tt9214772,v2_modb,cde_07
F89929453,tt0293564,v2_modb,cde_07
F899DAE64,tt1649418,v2_modb,cde_07
F89A4CC43,tt9362722,v2_modb,cde_07
F8A8CD19F,tt0497465,v2_modb,cde_07
F8AC41F39,tt0251160,v2_modb,cde_07
F8AC92B32,tt0089927,v2_modb,cde_07
F8B06079C,tt0144084,v2_modb,cde_07
F8BB5EC8E,tt3731562,v2_modb,cde_07
F8C878DD4,tt0086250,v2_modb,cde_07
F8CC0CC85,tt10872600,v2_modb,cde_07
F8D1D39C1,tt0080474,v2_modb,cde_07
F8DA08C7E,tt0115956,v2_modb,cde_07
F8DB563F7,tt0181875,v2_modb,cde_07
F8DE33C34,tt27489557,v2_modb,cde_07
F8DEBFF37,tt1231587,v2_modb,cde_07
F8E62A004,tt0198781,v2_modb,cde_07
F8E8D343D,tt15314262,v2_modb,cde_07
F8EDF04ED,tt0286499,v2_modb,cde_07
F8EED7822,tt1013752,v2_modb,cde_07
F8EF10905,tt1454468,v2_modb,cde_07
F8F15E760,tt10151854,v2_modb,cde_08
F8F7FBDDF,tt0097647,v2_modb,cde_08
F8FABA74C,tt0257106,v2_modb,cde_08
F8FD3942D,tt3811906,v2_modb,cde_08
F8FE3BE9B,tt0082136,v2_modb,cde_08
F9021DB79,tt0093936,v2_modb,cde_08
F902572BC,tt0115963,v2_modb,cde_08
F9038695B,tt0099052,v2_modb,cde_08
F9083D7FD,tt6263850,v2_modb,cde_08
F913BD445,tt0118749,v2_modb,cde_08
F915B856A,tt0088272,v2_modb,cde_08
F91A971B1,tt0085542,v2_modb,cde_08
F9227B980,tt0099810,v2_modb,cde_08
F933B19B9,tt1148204,v2_modb,cde_08
F9343EE10,tt0238380,v2_modb,cde_08
F93AE5D9D,tt11214590,v2_modb,cde_08
F94449631,tt2283336,v2_modb,cde_08
F95B99325,tt0242423,v2_modb,cde_08
F95DC8445,tt1385826,v2_modb,cde_08
F964222CA,tt7991608,v2_modb,cde_08
F96424703,tt15474916,v2_modb,cde_08
F9670F103,tt0440963,v2_modb,cde_08
F96FAEC57,tt0120647,v2_modb,cde_08
F97316306,tt0978764,v2_modb,cde_08
F9774139A,tt0086927,v2_modb,cde_08
F9784AD4A,tt1951261,v2_modb,cde_08
F97B1D96B,tt0082031,v2_modb,cde_08
F9801D59E,tt0104952,v2_modb,cde_08
F987A9A2E,tt0093773,v2_modb,cde_08
F987D5441,tt1684562,v2_modb,cde_08
F98DD32ED,tt0104257,v2_modb,cde_08
F99074777,tt0372784,v2_modb,cde_08
F99158C12,tt13452446,v2_modb,cde_08
F99928296,tt0407304,v2_modb,cde_08
F99A2E6E8,tt8721424,v2_modb,cde_08
F99BCA534,tt0113189,v2_modb,cde_08
F99BEA0FA,tt2382320,v2_modb,cde_08
F99CE02A7,tt9218128,v2_modb,cde_08
F9A3250D4,tt1074638,v2_modb,cde_08
F9A3CDFAC,tt2948372,v2_modb,cde_08
F9A5F8B85,tt0408306,v2_modb,cde_08
F9B3A8D53,tt1028532,v2_modb,cde_08
F9B6C73D1,tt0401729,v2_modb,cde_08
F9B708F6D,tt0195685,v2_modb,cde_08
F9BAB60FC,tt4701182,v2_modb,cde_08
F9BC37761,tt0088286,v2_modb,cde_08
F9BF8C2D7,tt3110958,v2_modb,cde_08
F9C760985,tt0113277,v2_modb,cde_08
F9C87EE4B,tt6791350,v2_modb,cde_08
F9CFF9B4A,tt5774060,v2_modb,cde_08
F9D13AC68,tt0117802,v2_modb,cde_08
F9D348AD7,tt0088011,v2_modb,cde_08
F9D8C58E5,tt1636826,v2_modb,cde_08
F9D9AD7DF,tt0101393,v2_modb,cde_08
F9DC7F5E8,tt0112401,v2_modb,cde_08
F9DD30D25,tt0112431,v2_modb,cde_08
F9E082D7E,tt0090021,v2_modb,cde_08
F9E75CC46,tt0844471,v2_modb,cde_08
F9EFB3C73,tt2049403,v2_modb,cde_08
F9F0DD745,tt6294822,v2_modb,cde_08
FA0691156,tt0120784,v2_modb,cde_09
FA07ECF6A,tt0454921,v2_modb,cde_09
FA08797A0,tt0104291,v2_modb,cde_09
FA0C2E943,tt2293640,v2_modb,cde_09
FA11E6339,tt0088993,v2_modb,cde_09
FA17B4E69,tt0268978,v2_modb,cde_09
FA2AA2512,tt0117381,v2_modb,cde_09
FA2B35C16,tt0120762,v2_modb,cde_09
FA2D604B6,tt0095631,v2_modb,cde_09
FA3FF49B2,tt0081505,v2_modb,cde_09
FA4842777,tt0103074,v2_modb,cde_09
FA4B6A7AF,tt0082334,v2_modb,cde_09
FA4E51578,tt9214832,v2_modb,cde_09
FA53830F4,tt0114558,v2_modb,cde_09
FA5863E5D,tt0103939,v2_modb,cde_09
FA5E03F1A,tt3076658,v2_modb,cde_09
FA5EACD49,tt0190332,v2_modb,cde_09
FA62505EF,tt0105046,v2_modb,cde_09
FA6356F86,tt10293406,v2_modb,cde_09
FA646D767,tt0092099,v2_modb,cde_09
FA65599EC,tt0099892,v2_modb,cde_09
FA706748E,tt0091738,v2_modb,cde_09
FA7D36358,tt0172495,v2_modb,cde_09
FA7DA62CE,tt0120783,v2_modb,cde_09
FA7ED3515,tt9620292,v2_modb,cde_09
FA7F0CF8A,tt0107798,v2_modb,cde_09
FA81E167F,tt0088814,v2_modb,cde_09
FA8962400,tt1411238,v2_modb,cde_09
FA8D289DE,tt0118655,v2_modb,cde_09
FA8EB3E4B,tt0107818,v2_modb,cde_09
FA93CC6B6,tt1488589,v2_modb,cde_09
FA9454F4A,tt5308322,v2_modb,cde_09
FA95DB3EA,tt10954652,v2_modb,cde_09
FA9888E8F,tt1210166,v2_modb,cde_09
FA9F69438,tt0143145,v2_modb,cde_09
FAB08712E,tt0112642,v2_modb,cde_09
FAB0977F4,tt1707386,v2_modb,cde_09
FAB58896F,tt1007028,v2_modb,cde_09
FAB952232,tt0120863,v2_modb,cde_09
FABA263AD,tt1155076,v2_modb,cde_09
FABBF5245,tt0100436,v2_modb,cde_09
FABCF47DD,tt0119008,v2_modb,cde_09
FAC43289A,tt0099487,v2_modb,cde_09
FACC8754A,tt0092007,v2_modb,cde_09
FAD4E905B,tt0095956,v2_modb,cde_09
FADCD6875,tt0252866,v2_modb,cde_09
FAE112AF9,tt0116683,v2_modb,cde_09
FAE63B361,tt0339291,v2_modb,cde_09
FAEC2661E,tt0357413,v2_modb,cde_09
FAF52E31F,tt15789038,v2_modb,cde_09
FAF64FC86,tt21823606,v2_modb,cde_09
FAF93C92B,tt5363618,v2_modb,cde_09
FAFB401D5,tt0087892,v2_modb,cde_09
FAFE0191A,tt26047818,v2_modb,cde_09
FAFE8F9AE,tt11858890,v2_modb,cde_09
FB00D2B76,tt0240890,v2_modb,cde_09
FB02D7A00,tt14539740,v2_modb,cde_09
FB064942E,tt0102558,v2_modb,cde_09
FB070A524,tt0110366,v2_modb,cde_09
FB0916390,tt3065204,v2_modb,cde_09
FB0F3E2A7,tt6673612,v2_modb,cde_10
FB29C4F83,tt6450804,v2_modb,cde_10
FB2AB9767,tt0088170,v2_modb,cde_10
FB3F4988F,tt0080360,v2_modb,cde_10
FB3FF383B,tt1951265,v2_modb,cde_10
FB4A29F5B,tt0160127,v2_modb,cde_10
FB4EB96D6,tt0083791,v2_modb,cde_10
FB4EF705A,tt0081184,v2_modb,cde_10
FB51D4CE1,tt0084787,v2_modb,cde_10
FB51EF229,tt0096071,v2_modb,cde_10
FB549E5BA,tt2527338,v2_modb,cde_10
FB5E395DE,tt0116225,v2_modb,cde_10
FB69EAB4E,tt0120616,v2_modb,cde_10
FB6A82FEE,tt0330373,v2_modb,cde_10
FB74D3E08,tt0086873,v2_modb,cde_10
FB79C2626,tt0305224,v2_modb,cde_10
FB99C1493,tt0082329,v2_modb,cde_10
FBA2EBDC1,tt1219827,v2_modb,cde_10
FBB4DC0A7,tt2788710,v2_modb,cde_10
FBC98BF91,tt1517268,v2_modb,cde_10
FBCC5D2D8,tt0098382,v2_modb,cde_10
FBCE1274D,tt1365519,v2_modb,cde_10
FBDD3200F,tt1051906,v2_modb,cde_10
FBDF8A012,tt1068680,v2_modb,cde_10
FBDFEDDDD,tt0118883,v2_modb,cde_10
FBE5104EB,tt0363988,v2_modb,cde_10
FBF06FE58,tt2170439,v2_modb,cde_10
FBF0FD4DA,tt0099423,v2_modb,cde_10
FBF2BA144,tt2406566,v2_modb,cde_10
FBF6CDB1D,tt0092086,v2_modb,cde_10
FC033F68F,tt0102510,v2_modb,cde_10
FC0BC623C,tt10954600,v2_modb,cde_10
FC0BCE3BF,tt0149261,v2_modb,cde_10
FC0C44B5D,tt1950186,v2_modb,cde_10
FC0DA57E9,tt0091949,v2_modb,cde_10
FC10E25A1,tt0147800,v2_modb,cde_10
FC10E99F4,tt0089155,v2_modb,cde_10
FC16145CD,tt1646971,v2_modb,cde_10
FC180DAE6,tt0115759,v2_modb,cde_10
FC1941ED5,tt0277371,v2_modb,cde_10
FC1B2B80D,tt9411972,v2_modb,cde_10
FC242C26F,tt4495098,v2_modb,cde_10
FC257F38C,tt8936646,v2_modb,cde_10
FC28014B8,tt0824747,v2_modb,cde_10
FC2C1EC73,tt0093105,v2_modb,cde_10
FC398736F,tt0104231,v2_modb,cde_10
FC5C280BA,tt0095925,v2_modb,cde_10
FC68B48C7,tt5109784,v2_modb,cde_10
FC6B75FBC,tt21382296,v2_modb,cde_10
FC6CDE436,tt0102492,v2_modb,cde_10
FC727181E,tt0287978,v2_modb,cde_10
FC7426E51,tt1446192,v2_modb,cde_10
FC755FCC5,tt0094894,v2_modb,cde_10
FC798717C,tt0081974,v2_modb,cde_10
FC79A7A31,tt0096734,v2_modb,cde_10
FC7FE7447,tt0389790,v2_modb,cde_10
FC8A86B46,tt1375666,v2_modb,cde_10
FC8BB802C,tt7395114,v2_modb,cde_10
FC93F58AB,tt9114286,v2_modb,cde_10
FC962CF31,tt0903624,v2_modb,cde_10
FC96A5465,tt0884328,v2_modb,cde_11
FC9B82FDF,tt4209788,v2_modb,cde_11
FC9BBEB9A,tt5433140,v2_modb,cde_11
FCA0718FD,tt1046173,v2_modb,cde_11
FCA13DED3,tt0870154,v2_modb,cde_11
FCA391C4B,tt4919268,v2_modb,cde_11
FCA859868,tt0106364,v2_modb,cde_11
FCA8CABA7,tt0107211,v2_modb,cde_11
FCB344EB8,tt0758774,v2_modb,cde_11
FCB5DD174,tt22048412,v2_modb,cde_11
FCBF167B7,tt1462764,v2_modb,cde_11
FCC495855,tt5971474,v2_modb,cde_11
FCC818B73,tt13622970,v2_modb,cde_11
FCC82FCC6,tt3581652,v2_modb,cde_11
FCCC4E3AE,tt0109190,v2_modb,cde_11
FCCDB518B,tt0101272,v2_modb,cde_11
FCD3137CB,tt0089118,v2_modb,cde_11
FCD982A53,tt0092675,v2_modb,cde_11
FCDB48322,tt0101414,v2_modb,cde_11
FCDDC9125,tt0187393,v2_modb,cde_11
FCDFD096C,tt28015403,v2_modb,cde_11
FCE034175,tt0100944,v2_modb,cde_11
FCE3EAB00,tt0119396,v2_modb,cde_11
FCEBD4B19,tt10676048,v2_modb,cde_11
FCEF5842F,tt0383574,v2_modb,cde_11
FCEF614DB,tt0115734,v2_modb,cde_11
FCF18DABD,tt0091209,v2_modb,cde_11
FD008DD81,tt0082418,v2_modb,cde_11
FD16331FA,tt28607951,v2_modb,cde_11
FD1772BCC,tt0245844,v2_modb,cde_11
FD190B580,tt0083943,v2_modb,cde_11
FD22E53CA,tt0258000,v2_modb,cde_11
FD2B2993E,tt23561236,v2_modb,cde_11
FD2CEF180,tt3480822,v2_modb,cde_11
FD3271B57,tt0082406,v2_modb,cde_11
FD3313387,tt0496806,v2_modb,cde_11
FD34EA0BA,tt0097778,v2_modb,cde_11
FD4D84992,tt4520988,v2_modb,cde_11
FD514E6DD,tt9893250,v2_modb,cde_11
FD561084A,tt0398286,v2_modb,cde_11
FD64796E7,tt1300854,v2_modb,cde_11
FD67E1307,tt1485796,v2_modb,cde_11
FD691CC27,tt5606664,v2_modb,cde_11
FD6AC58DA,tt0441773,v2_modb,cde_11
FD6E18A25,tt0158983,v2_modb,cde_11
FD7020BD8,tt0443706,v2_modb,cde_11
FD7582803,tt8367814,v2_modb,cde_11
FD8DA237F,tt3521164,v2_modb,cde_11
FD8EE17C6,tt0088117,v2_modb,cde_11
FD8F69290,tt0099763,v2_modb,cde_11
FD9CC48A8,tt2222042,v2_modb,cde_11
FDA18B608,tt0250687,v2_modb,cde_11
FDA59C76F,tt0116365,v2_modb,cde_11
FDAB61437,tt10059518,v2_modb,cde_11
FDAD05033,tt0080455,v2_modb,cde_11
FDB0A3A67,tt13320622,v2_modb,cde_11
FDB147806,tt0090264,v2_modb,cde_11
FDB94920E,tt0373889,v2_modb,cde_11
FDBA0000D,tt0431308,v2_modb,cde_11
FDC808FEB,tt0489270,v2_modb,cde_11
FDCC18F1B,tt0100258,v2_modb,cde_12
FDCFB1AF0,tt0081283,v2_modb,cde_12
FDCFC5DF4,tt0088680,v2_modb,cde_12
FDD0B5BBA,tt16366836,v2_modb,cde_12
FDD8E6127,tt1291584,v2_modb,cde_12
FDDA259A7,tt0119468,v2_modb,cde_12
FDDA89E3C,tt0120667,v2_modb,cde_12
FDDF3EA25,tt9770150,v2_modb,cde_12
FDE58C65C,tt0081568,v2_modb,cde_12
FDEC5735D,tt0251075,v2_modb,cde_12
FDEE03320,tt19770238,v2_modb,cde_12
FDEE17A9A,tt9376612,v2_modb,cde_12
FDF5EADC0,tt0800080,v2_modb,cde_12
FDF669402,tt0439572,v2_modb,cde_12
FDF67FE3D,tt1392170,v2_modb,cde_12
FDF7021D0,tt0091635,v2_modb,cde_12
FDF8678EB,tt3682448,v2_modb,cde_12
FE131D8B9,tt3228774,v2_modb,cde_12
FE14E1DE2,tt0091877,v2_modb,cde_12
FE1D144C4,tt0373469,v2_modb,cde_12
FE212217F,tt0246578,v2_modb,cde_12
FE216B7D1,tt0099871,v2_modb,cde_12
FE28E8BDF,tt0317219,v2_modb,cde_12
FE2B5CFE0,tt0938283,v2_modb,cde_12
FE3010F86,tt0465494,v2_modb,cde_12
FE301861F,tt1823672,v2_modb,cde_12
FE3CCA33A,tt0290002,v2_modb,cde_12
FE3D983A3,tt1091191,v2_modb,cde_12
FE528678E,tt0128445,v2_modb,cde_12
FE5B605D7,tt0097216,v2_modb,cde_12
FE5DEF83B,tt0104431,v2_modb,cde_12
FE5DF722C,tt1259528,v2_modb,cde_12
FE6DF5248,tt3460252,v2_modb,cde_12
FE711D5EB,tt0092699,v2_modb,cde_12
FE71A7B42,tt1800241,v2_modb,cde_12
FE88C5027,tt0959337,v2_modb,cde_12
FE94B93F3,tt0084021,v2_modb,cde_12
FE96771F6,tt16277242,v2_modb,cde_12
FE9EB381E,tt0099005,v2_modb,cde_12
FE9FDFF9D,tt3469046,v2_modb,cde_12
FEA5AC52E,tt2267968,v2_modb,cde_12
FEA885295,tt0910970,v2_modb,cde_12
FEABF2B51,tt0119738,v2_modb,cde_12
FEB1E454B,tt0088258,v2_modb,cde_12
FEB56CC74,tt1663202,v2_modb,cde_12
FEB6051E9,tt0277296,v2_modb,cde_12
FEB80F6E4,tt0362270,v2_modb,cde_12
FEB8D0D55,tt5519340,v2_modb,cde_12
FEBEFCD94,tt0110322,v2_modb,cde_12
FEC9CF154,tt8760708,v2_modb,cde_12
FED517FB5,tt1320253,v2_modb,cde_12
FED5C4F31,tt12584954,v2_modb,cde_12
FED6E5888,tt2294449,v2_modb,cde_12
FED818595,tt0081573,v2_modb,cde_12
FEE360181,tt15791034,v2_modb,cde_12
FEE363EBC,tt9663764,v2_modb,cde_12
FEE83CC69,tt2798920,v2_modb,cde_12
FEF68BD90,tt0246460,v2_modb,cde_12
FEF9923E0,tt0115641,v2_modb,cde_12
FEFF3FB12,tt0319343,v2_modb,cde_12
FF04C99B6,tt0104940,v2_modb,cde_13
FF0C4986C,tt0092005,v2_modb,cde_13
FF0C710F3,tt14858658,v2_modb,cde_13
FF0D53D57,tt0086525,v2_modb,cde_13
FF19AE61E,tt0104070,v2_modb,cde_13
FF1D070A0,tt0272338,v2_modb,cde_13
FF237F98B,tt0177971,v2_modb,cde_13
FF24D0D4A,tt5814060,v2_modb,cde_13
FF24E430D,tt0286716,v2_modb,cde_13
FF257C544,tt0458339,v2_modb,cde_13
FF2B3FD32,tt7939766,v2_modb,cde_13
FF329F1B5,tt1840309,v2_modb,cde_13
FF35A99E8,tt0814255,v2_modb,cde_13
FF3A86E52,tt0085794,v2_modb,cde_13
FF3EC5C08,tt7740496,v2_modb,cde_13
FF3F91E02,tt0087800,v2_modb,cde_13
FF429E287,tt0085970,v2_modb,cde_13
FF46B5DAA,tt0114898,v2_modb,cde_13
FF491604D,tt3741834,v2_modb,cde_13
FF4D0C8F9,tt0988045,v2_modb,cde_13
FF5788842,tt0181689,v2_modb,cde_13
FF5C2CA2F,tt1659337,v2_modb,cde_13
FF656319E,tt0093886,v2_modb,cde_13
FF6E39842,tt0814314,v2_modb,cde_13
FF6FE5742,tt0110357,v2_modb,cde_13
FF7DBA258,tt0102685,v2_modb,cde_13
FF8015618,tt0243155,v2_modb,cde_13
FF84CF18E,tt1570728,v2_modb,cde_13
FF8570590,tt0409459,v2_modb,cde_13
FF9CEFC07,tt8097030,v2_modb,cde_13
FF9D979B3,tt10954984,v2_modb,cde_13
FFA3EC277,tt0089469,v2_modb,cde_13
FFA70EA50,tt0227538,v2_modb,cde_13
FFA9F6E86,tt0080684,v2_modb,cde_13
FFAA209D5,tt0090887,v2_modb,cde_13
FFAAE1B0D,tt2179136,v2_modb,cde_13
FFABED072,tt7131622,v2_modb,cde_13
FFADFF6EE,tt0083739,v2_modb,cde_13
FFAF7175A,tt1905041,v2_modb,cde_13
FFAF9D3D0,tt0097428,v2_modb,cde_13
FFAFF6F56,tt0080749,v2_modb,cde_13
FFB565573,tt11866324,v2_modb,cde_13
FFB9AEDE5,tt7638348,v2_modb,cde_13
FFCA1B8D0,tt7550000,v2_modb,cde_13
FFCE14C3F,tt0112722,v2_modb,cde_13
FFD0B0B4E,tt0100419,v2_modb,cde_13
FFD8FCF2D,tt0120689,v2_modb,cde_13
FFDCAE2FF,tt0292506,v2_modb,cde_13
FFE02540E,tt2395427,v2_modb,cde_13
FFE75A7AC,tt0914798,v2_modb,cde_13
FFEACDD1E,tt2908446,v2_modb,cde_13
FFF1D6108,tt0090180,v2_modb,cde_13
FFF38186A,tt0096332,v2_modb,cde_13
FFF41725D,tt11271038,v2_modb,cde_13
FFFA5DBB0,tt8847712,v2_modb,cde_13
FFFB54958,tt0113749,v2_modb,cde_13
FFFB54A86,tt0084370,v2_modb,cde_13
G000AC8B3,tt0397535,v2_completa,cde_13
G0022337C,tt5580036,v2_completa,cde_13
G002F45C3,tt0082970,v2_completa,cde_13
G00734025,tt0126029,v2_completa,cde_14
G0092B3E7,tt0103855,v2_completa,cde_14
G010F3416,tt1663662,v2_completa,cde_14
G011C82AA,tt0110785,v2_completa,cde_14
G0121EEDB,tt33612209,v2_ext,cde_14
G0144D5FD,tt0305357,v2_completa,cde_14
G0196AB10,tt9421570,v2_completa,cde_14
G01ABBB2C,tt0213149,v2_completa,cde_14
G01D15204,tt0475551,v2_es4,cde_14
G01F8739C,tt0195714,v2_completa,cde_14
G02035651,tt0087027,v2_completa,cde_14
G0215E4DB,tt30144839,v2_ext,cde_14
G0229212C,tt2245084,v2_completa,cde_14
G02A28230,tt0095174,v2_completa,cde_14
G02B3F2FD,tt0113071,v2_completa,cde_14
G02B42F39,tt1972591,v2_completa,cde_14
G02CB3BB9,tt1245492,v2_completa,cde_14
G02D087A2,tt1312221,v2_ext,cde_14
G02E57CCF,tt0327597,v2_completa,cde_14
G030C2903,tt2080374,v2_completa,cde_14
G03147EA4,tt0111257,v2_completa,cde_14
G03362253,tt0118715,v2_completa,cde_14
G039FC8E6,tt0816692,v2_completa,cde_14
G03D8D623,tt1809398,v2_completa,cde_14
G03EA06F3,tt0087298,v2_completa,cde_14
G040EAFCD,tt1263750,v2_completa,cde_14
G040F68A0,tt0185431,v2_completa,cde_14
G040F8E1F,tt7349950,v2_completa,cde_14
G042B9705,tt0103241,v2_completa,cde_14
G04518468,tt9150970,v2_completa,cde_14
G0463145B,tt0083111,v2_completa,cde_14
G0467D17A,tt0450385,v2_completa,cde_14
G047DB2E1,tt0102926,v2_completa,cde_14
G04BC913F,tt0274558,v2_completa,cde_14
G04BF880D,tt0105812,v2_completa,cde_14
G0501478A,tt0086856,v2_completa,cde_14
G05588D51,tt4263482,v2_completa,cde_14
G0571A6F0,tt1440129,v2_completa,cde_14
G05EA9968,tt0112883,v2_completa,cde_14
G0620EB61,tt0109446,v2_completa,cde_14
G0635D50D,tt0089885,v2_completa,cde_14
G065DCC31,tt0098206,v2_completa,cde_14
G068B3BFB,tt0436374,v2_completa,cde_14
G0697DA6B,tt0099674,v2_completa,cde_14
G069C1C66,tt0107206,v2_completa,cde_14
G06CD6F16,tt14107334,v2_ext,cde_14
G070A9A29,tt0094074,v2_completa,cde_14
G071FAAA2,tt0301524,v2_completa,cde_14
G0750457D,tt16311594,v2_ext,cde_14
G0750DDD1,tt31450976,v2_ext,cde_14
G07735FA5,tt0093693,v2_completa,cde_14
G077770E3,tt0473333,v2_completa,cde_14
G07D219CB,tt1250777,v2_completa,cde_14
G07D7D9DF,tt4925292,v2_completa,cde_14
G07F89E2D,tt1306980,v2_completa,cde_14
G083F9B33,tt4178092,v2_completa,cde_14
G085D7C25,tt2388821,v2_es3,cde_14
G0864E10D,tt0086637,v2_completa,cde_14
G08754A60,tt28375638,v2_es3,cde_14
G08900856,tt2660888,v2_completa,cde_14
G0892E4BF,tt1390411,v2_completa,cde_15
G08C42FDC,tt0103644,v2_completa,cde_15
G090D6775,tt1156398,v2_completa,cde_15
G09B26D80,tt0087985,v2_completa,cde_15
G09BD77AB,tt0187738,v2_completa,cde_15
G09CA9D7C,tt7146812,v2_completa,cde_15
G09D3E512,tt0478970,v2_completa,cde_15
G09DA9240,tt0117705,v2_completa,cde_15
G09E689C1,tt0395119,v2_completa,cde_15
G09F7B7E5,tt0117318,v2_completa,cde_15
G0AB723A0,tt0105435,v2_completa,cde_15
G0AE669C4,tt0116483,v2_completa,cde_15
G0AE7C4DB,tt7979580,v2_completa,cde_15
G0AEA01A1,tt0120891,v2_completa,cde_15
G0AF968B1,tt10731256,v2_completa,cde_15
G0B07B54F,tt0829482,v2_completa,cde_15
G0B3B1C73,tt0242653,v2_completa,cde_15
G0B4D5F02,tt0086104,v2_completa,cde_15
G0B75AB17,tt0248001,v2_completa,cde_15
G0B7DF103,tt2024469,v2_completa,cde_15
G0B7E274A,tt2409818,v2_completa,cde_15
G0B827CAF,tt0103030,v2_completa,cde_15
G0B8E0425,tt0115685,v2_completa,cde_15
G0BBA1AFB,tt0480669,v2_completa,cde_15
G0BE65C3E,tt0107050,v2_completa,cde_15
G0BE71417,tt0086190,v2_completa,cde_15
G0C33AD7F,tt0118688,v2_completa,cde_15
G0C454246,tt0970416,v2_completa,cde_15
G0C8D882D,tt0119567,v2_completa,cde_15
G0CB610A5,tt1065073,v2_completa,cde_15
G0CC08814,tt1407052,v2_completa,cde_15
G0D314C01,tt0311072,v2_es3,cde_15
G0D70A4AD,tt0398165,v2_completa,cde_15
G0D7A5BE8,tt10366206,v2_completa,cde_15
G0D99EEA8,tt0379786,v2_completa,cde_15
G0DAD1A5E,tt1596343,v2_completa,cde_15
G0DAD7298,tt0298148,v2_completa,cde_15
G0DDAEA3B,tt14850054,v2_ext,cde_15
G0E0DF017,tt10127708,v2_completa,cde_15
G0E1D11F0,tt3500544,v2_completa,cde_15
G0EAACB74,tt0084814,v2_completa,cde_15
G0EC943BE,tt0118788,v2_completa,cde_15
G0EDCAE51,tt34378301,v2_ext,cde_15
G0EDE68E7,tt0093692,v2_completa,cde_15
G0EEBD146,tt1092026,v2_completa,cde_15
G0F0780EB,tt8244784,v2_completa,cde_15
G0F20D529,tt0351283,v2_completa,cde_15
G0F362061,tt0338348,v2_completa,cde_15
G0F384A13,tt0838283,v2_completa,cde_15
G0F5F46F2,tt0119217,v2_completa,cde_15
G0F7409E7,tt0175880,v2_completa,cde_15
G0F78B38B,tt0944835,v2_completa,cde_15
G0FC3DA4B,tt1079450,v2_es3,cde_15
G0FDF1211,tt0329101,v2_completa,cde_15
G0FED2100,tt1572491,v2_completa,cde_15
G0FFF2275,tt11930126,v2_completa,cde_15
G10041F2C,tt0116695,v2_completa,cde_15
G10304783,tt0434292,v2_completa,cde_15
G103EEAB3,tt1843202,v2_es3,cde_15
G108E41EC,tt1210819,v2_completa,cde_15
G10900F61,tt1431045,v2_completa,cde_16
G109E7FA2,tt0120632,v2_completa,cde_16
G10AE65CD,tt1650062,v2_completa,cde_16
G10B245FE,tt0092494,v2_completa,cde_16
G10C712E9,tt0118245,v2_es3,cde_16
G10F97F42,tt6502956,v2_es4,cde_16
G10FD18AA,tt0087032,v2_completa,cde_16
G110190EE,tt1499658,v2_completa,cde_16
G11041D57,tt0183649,v2_completa,cde_16
G114BDD64,tt0085244,v2_completa,cde_16
G11E63CB6,tt0111503,v2_completa,cde_16
G120D6E14,tt1587310,v2_completa,cde_16
G122BE9B7,tt12801262,v2_completa,cde_16
G12512F99,tt0275847,v2_completa,cde_16
G1262E4E0,tt1318517,v2_completa,cde_16
G1271D0F3,tt0110167,v2_completa,cde_16
G12904C27,tt0456340,v2_completa,cde_16
G12A11E27,tt8291806,v2_completa,cde_16
G12B2DCCE,tt0112471,v2_completa,cde_16
G12B6919F,tt0095882,v2_completa,cde_16
G12CE5532,tt0110478,v2_completa,cde_16
G12F717E0,tt0366548,v2_completa,cde_16
G12FAFD95,tt0985699,v2_completa,cde_16
G13040D89,tt0088128,v2_completa,cde_16
G132A2247,tt0443680,v2_completa,cde_16
G134F95F1,tt0983193,v2_completa,cde_16
G13A02BEC,tt1454523,v2_completa,cde_16
G13A13673,tt4922692,v2_completa,cde_16
G13A4F4E6,tt0091203,v2_completa,cde_16
G13D4617C,tt0111686,v2_completa,cde_16
G13D6D672,tt0099938,v2_completa,cde_16
G13D842D4,tt0800320,v2_completa,cde_16
G13FA8379,tt0117008,v2_completa,cde_16
G142002DF,tt5164214,v2_completa,cde_16
G1465357F,tt0094137,v2_completa,cde_16
G146593F4,tt1070874,v2_completa,cde_16
G148EFA33,tt0089908,v2_completa,cde_16
G1498A107,tt0086361,v2_completa,cde_16
G149D1E65,tt0377834,v2_completa,cde_16
G14B5FD9B,tt0469494,v2_completa,cde_16
G14B8926E,tt0112442,v2_completa,cde_16
G14CE0FE5,tt1727824,v2_completa,cde_16
G14D0B38C,tt0083798,v2_completa,cde_16
G14F91498,tt0319917,v2_es3,cde_16
G1507A500,tt0100802,v2_completa,cde_16
G15187FB7,tt0264508,v2_completa,cde_16
G151C76A9,tt0091149,v2_completa,cde_16
G1524014C,tt1981677,v2_completa,cde_16
G1571CAB5,tt0091790,v2_completa,cde_16
G15F53000,tt0112573,v2_completa,cde_16
G161D2342,tt0093458,v2_completa,cde_16
G164AD247,tt1253863,v2_completa,cde_16
G165276AB,tt0092644,v2_completa,cde_16
G16626068,tt1464335,v2_completa,cde_16
G1666D74F,tt13429870,v2_completa,cde_16
G166B979C,tt0129167,v2_completa,cde_16
G16A308F6,tt2294629,v2_completa,cde_16
G16D0CAF5,tt0082748,v2_completa,cde_16
G16D2870F,tt0964517,v2_completa,cde_16
G16EFE3E5,tt0119345,v2_completa,cde_16
G17325FE0,tt0220703,v2_completa,cde_17
G175095AD,tt0097986,v2_completa,cde_17
G17638092,tt0266381,v2_es3,cde_17
G17850FE1,tt0862826,v2_es3,cde_17
G181EEE68,tt0118937,v2_completa,cde_17
G1850D193,tt0089907,v2_completa,cde_17
G189D0526,tt0110074,v2_completa,cde_17
G189D7E2A,tt1037705,v2_completa,cde_17
G192A4A42,tt1243957,v2_completa,cde_17
G193A7C09,tt0104797,v2_completa,cde_17
G194F745D,tt0097138,v2_completa,cde_17
G1966C6AC,tt9845564,v2_completa,cde_17
G1968056F,tt0083550,v2_completa,cde_17
G197068A4,tt0101329,v2_completa,cde_17
G19786C05,tt4562518,v2_completa,cde_17
G198CF14E,tt1475400,v2_es3,cde_17
G199DA902,tt2378171,v2_es4,cde_17
G19AEE36D,tt0283900,v2_completa,cde_17
G19B2F5B0,tt0947798,v2_completa,cde_17
G1A3AE68D,tt1231583,v2_completa,cde_17
G1A3C7916,tt2883512,v2_completa,cde_17
G1A4AE911,tt1001526,v2_completa,cde_17
G1A4F11C7,tt0083291,v2_completa,cde_17
G1A776143,tt0085894,v2_completa,cde_17
G1A9A5BE0,tt0097123,v2_completa,cde_17
G1AAC5527,tt1477834,v2_completa,cde_17
G1AAFCEFC,tt1234721,v2_completa,cde_17
G1B135D88,tt0106965,v2_completa,cde_17
G1B3932C0,tt0113083,v2_completa,cde_17
G1B3DCD38,tt1298554,v2_completa,cde_17
G1B86C417,tt1211956,v2_completa,cde_17
G1BA0455F,tt0250478,v2_completa,cde_17
G1BCA8A21,tt0372183,v2_completa,cde_17
G1BEF5128,tt0110997,v2_completa,cde_17
G1C09AEA6,tt0120744,v2_completa,cde_17
G1C0C752B,tt0095179,v2_completa,cde_17
G1C6BC43F,tt4698584,v2_completa,cde_17
G1C6C8291,tt0085233,v2_completa,cde_17
G1C94241B,tt0082131,v2_completa,cde_17
G1CFF3336,tt0339862,v2_es3,cde_17
G1D2A032A,tt0317740,v2_completa,cde_17
G1D602FFA,tt0214608,v2_es3,cde_17
G1D637164,tt0340855,v2_completa,cde_17
G1D738224,tt1232829,v2_completa,cde_17
G1D7ABFFE,tt0098635,v2_completa,cde_17
G1D7B3620,tt1951264,v2_completa,cde_17
G1DE54492,tt0109040,v2_completa,cde_17
G1E022409,tt0086879,v2_completa,cde_17
G1E0FA0DD,tt1673434,v2_completa,cde_17
G1E1A9393,tt0089153,v2_completa,cde_17
G1E43673D,tt0765010,v2_completa,cde_17
G1E47F5A4,tt2400002,v2_es3,cde_17
G1E85E2EC,tt0080377,v2_completa,cde_17
G1E906AA1,tt0458525,v2_completa,cde_17
G1EA2758A,tt0280999,v2_es4,cde_17
G1ECBE450,tt0186151,v2_completa,cde_17
G1EDB4777,tt0166924,v2_completa,cde_17
G1EEF5237,tt0343818,v2_completa,cde_17
G1F093635,tt5104604,v2_completa,cde_17
G1F38E027,tt0145660,v2_completa,cde_17
G1F6149A9,tt0353818,v2_es3,cde_18
G1F9A4737,tt0090685,v2_completa,cde_18
G202A0B53,tt1270797,v2_completa,cde_18
G2055E844,tt0118819,v2_completa,cde_18
G2097B327,tt0898367,v2_completa,cde_18
G20A1B2E3,tt0370263,v2_completa,cde_18
G20C98B5D,tt0092796,v2_completa,cde_18
G20DBA367,tt1188994,v2_es4,cde_18
G20F22BC5,tt0084827,v2_completa,cde_18
G21286FB8,tt12593682,v2_completa,cde_18
G214E1146,tt0113540,v2_completa,cde_18
G2152A4A1,tt0107362,v2_completa,cde_18
G218CFEB9,tt0201721,v2_completa,cde_18
G2192BED2,tt4116284,v2_completa,cde_18
G21BC7EC5,tt7668870,v2_completa,cde_18
G21F1A098,tt0129290,v2_completa,cde_18
G22163A8C,tt0112508,v2_completa,cde_18
G2240A443,tt0084592,v2_completa,cde_18
G224DACCE,tt27165187,v2_ext,cde_18
G227E2DF0,tt0284381,v2_es3,cde_18
G229B0C6E,tt4630562,v2_completa,cde_18
G22EA0A1C,tt0089173,v2_completa,cde_18
G232695F2,tt1285016,v2_completa,cde_18
G23411F9C,tt0095016,v2_completa,cde_18
G2353A7E8,tt1186830,v2_completa,cde_18
G235740A8,tt0455115,v2_es3,cde_18
G239C3009,tt0103759,v2_completa,cde_18
G23A0EF80,tt0091474,v2_completa,cde_18
G23C16FEA,tt0080761,v2_completa,cde_18
G247D61CE,tt0115736,v2_completa,cde_18
G24837406,tt0089017,v2_completa,cde_18
G24909BE0,tt3778644,v2_completa,cde_18
G24A0E2D6,tt4912910,v2_completa,cde_18
G24BDE05A,tt1535108,v2_completa,cde_18
G24CA38E5,tt0428532,v2_es4,cde_18
G24E0CF2B,tt2562232,v2_completa,cde_18
G24ED0B8C,tt0102494,v2_completa,cde_18
G2558F99C,tt0085154,v2_completa,cde_18
G2585A828,tt0335345,v2_completa,cde_18
G25B03028,tt0103791,v2_completa,cde_18
G25B5182B,tt0169547,v2_completa,cde_18
G25CCDC08,tt9243946,v2_completa,cde_18
G25FF948F,tt7605922,v2_completa,cde_18
G260ABC02,tt0090633,v2_completa,cde_18
G2647F7F6,tt14208870,v2_completa,cde_18
G2697673C,tt0106489,v2_completa,cde_18
G26A8FED1,tt0089853,v2_completa,cde_18
G26A9B898,tt0122151,v2_completa,cde_18
G26C3AC29,tt0082089,v2_completa,cde_18
G26DBE394,tt0432283,v2_completa,cde_18
G26DC6549,tt0104868,v2_completa,cde_18
G2720E586,tt0092890,v2_completa,cde_18
G274B4354,tt1409024,v2_completa,cde_18
G274B6707,tt0434409,v2_completa,cde_18
G274C4789,tt0083019,v2_completa,cde_18
G27AEA48E,tt0151804,v2_completa,cde_18
G27AEC3D3,tt0108399,v2_completa,cde_18
G27B23B1B,tt0112281,v2_completa,cde_18
G27DCC12F,tt29439114,v2_completa,cde_18
G27FA9E4C,tt32897959,v2_ext,cde_18
G2818FD7B,tt0087089,v2_completa,cde_19
G2828DF1A,tt0117666,v2_completa,cde_19
G282A55D3,tt0375679,v2_completa,cde_19
G282E5702,tt0267913,v2_completa,cde_19
G284098B1,tt0350193,v2_completa,cde_19
G28697561,tt3506302,v2_es3,cde_19
G289DA693,tt5592878,v2_completa,cde_19
G28B45FAF,tt1217209,v2_completa,cde_19
G28DA8D22,tt0095675,v2_completa,cde_19
G28DC5811,tt12042730,v2_ext,cde_19
G28E7B6BF,tt0268380,v2_completa,cde_19
G292B76B0,tt1591095,v2_completa,cde_19
G293E462A,tt0446701,v2_es4,cde_19
G2952DB13,tt0092619,v2_completa,cde_19
G295D8147,tt0220631,v2_completa,cde_19
G29B32CA9,tt0432348,v2_completa,cde_19
G29BD1E27,tt0091223,v2_completa,cde_19
G2A0C9748,tt0096256,v2_completa,cde_19
G2A37E5EA,tt1127180,v2_completa,cde_19
G2A3A3F66,tt0102603,v2_completa,cde_19
G2A7AC275,tt2948356,v2_completa,cde_19
G2A81C6F5,tt6334354,v2_completa,cde_19
G2AA3C433,tt10375624,v2_ext,cde_19
G2AAB91D6,tt0454876,v2_completa,cde_19
G2AF1CD38,tt0099484,v2_completa,cde_19
G2AF9A4B2,tt0081696,v2_completa,cde_19
G2B419EFF,tt3202202,v2_completa,cde_19
G2B49D30A,tt33764258,v2_ext,cde_19
G2B6C5199,tt11378946,v2_ext,cde_19
G2B89C58A,tt3532216,v2_completa,cde_19
G2B98F91B,tt33978029,v2_ext,cde_19
G2C0BCD72,tt8946378,v2_completa,cde_19
G2C12873A,tt0831387,v2_completa,cde_19
G2C1CADE3,tt0113312,v2_completa,cde_19
G2C1D2B65,tt19175696,v2_completa,cde_19
G2C3516CC,tt0086619,v2_completa,cde_19
G2C554ACA,tt0303267,v2_es3,cde_19
G2C728794,tt0462538,v2_completa,cde_19
G2C73CCC3,tt0082783,v2_completa,cde_19
G2C7B0F77,tt0382097,v2_es4,cde_19
G2C9D5894,tt0803096,v2_completa,cde_19
G2D3DC481,tt5187886,v2_es4,cde_19
G2D53CA6D,tt26581740,v2_ext,cde_19
G2D9D192F,tt5162658,v2_es4,cde_19
G2D9DB511,tt0145487,v2_completa,cde_19
G2DB9BD4F,tt0091778,v2_completa,cde_19
G2DBC437C,tt0082377,v2_completa,cde_19
G2DC6E746,tt33474172,v2_ext,cde_19
G2DCF5EAD,tt1038988,v2_completa,cde_19
G2DD7BDA3,tt0090116,v2_completa,cde_19
G2E1AD681,tt0096463,v2_completa,cde_19
G2E2920C7,tt1331294,v2_es4,cde_19
G2E9BEAC1,tt1242422,v2_completa,cde_19
G2ECDF045,tt0184894,v2_completa,cde_19
G2F3C36CE,tt16347374,v2_es4,cde_19
G2F52B5C1,tt0120815,v2_completa,cde_19
G2F800758,tt0087238,v2_completa,cde_19
G2FA1E1B8,tt2363564,v2_es3,cde_19
G2FA5EE54,tt14230388,v2_completa,cde_19
G2FAC11E0,tt0120660,v2_completa,cde_19
G2FB2C7E1,tt0120780,v2_completa,cde_20
G2FB78611,tt0086312,v2_completa,cde_20
G2FF8AE07,tt0430922,v2_completa,cde_20
G3000FD83,tt2381249,v2_completa,cde_20
G3012036A,tt1502397,v2_completa,cde_20
G3015F0D8,tt0100140,v2_completa,cde_20
G3019F598,tt5886046,v2_completa,cde_20
G30237087,tt0780521,v2_completa,cde_20
G305AE94D,tt0216216,v2_completa,cde_20
G306CE971,tt0105104,v2_completa,cde_20
G309DA728,tt2184339,v2_completa,cde_20
G30B04C34,tt0091541,v2_completa,cde_20
G30CA0C96,tt0100477,v2_completa,cde_20
G30FA34D1,tt0448011,v2_completa,cde_20
G310AF75C,tt0092263,v2_completa,cde_20
G313BABEE,tt0102138,v2_completa,cde_20
G3141DBED,tt0104187,v2_completa,cde_20
G31570CDE,tt0110950,v2_completa,cde_20
G3161A2D5,tt1502407,v2_completa,cde_20
G319742DF,tt0094715,v2_completa,cde_20
G31AA0E50,tt33311244,v2_ext,cde_20
G31C4573A,tt1489889,v2_completa,cde_20
G31EA34EC,tt3183660,v2_completa,cde_20
G31EAD847,tt0307987,v2_completa,cde_20
G322F4FFD,tt30988739,v2_ext,cde_20
G3248BE7E,tt0117985,v2_completa,cde_20
G329B74B8,tt5674842,v2_es4,cde_20
G32A24754,tt0091083,v2_completa,cde_20
G32B1BBEA,tt1825683,v2_completa,cde_20
G32C757B0,tt26443597,v2_ext,cde_20
G32CFCB89,tt21235248,v2_completa,cde_20
G32D7DB05,tt0086425,v2_completa,cde_20
G330CF89B,tt1502712,v2_completa,cde_20
G334427B7,tt0116136,v2_completa,cde_20
G3390E471,tt0105121,v2_completa,cde_20
G339A9B83,tt0111756,v2_completa,cde_20
G33C83F6F,tt11750282,v2_completa,cde_20
G33DABDFB,tt0146468,v2_completa,cde_20
G34035F04,tt12747748,v2_completa,cde_20
G34044661,tt0098084,v2_completa,cde_20
G3412EE45,tt0258463,v2_completa,cde_20
G342AEA20,tt0086541,v2_completa,cde_20
G344AD997,tt12300742,v2_ext,cde_20
G34C45703,tt32565993,v2_ext,cde_20
G34EED394,tt1634003,v2_completa,cde_20
G3504A175,tt32642706,v2_ext,cde_20
G3585A581,tt15009428,v2_completa,cde_20
G359A5583,tt0342913,v2_es4,cde_20
G35BCC8AD,tt0181852,v2_completa,cde_20
G35D9A20C,tt0090329,v2_completa,cde_20
G35EF7A0B,tt0119229,v2_completa,cde_20
G36133142,tt0097441,v2_completa,cde_20
G3623E871,tt1705786,v2_completa,cde_20
G362985CA,tt0087469,v2_completa,cde_20
G367A072E,tt0091080,v2_completa,cde_20
G36C73A94,tt0107554,v2_completa,cde_20
G36E2908E,tt0396171,v2_completa,cde_20
G36E60CDF,tt1462758,v2_completa,cde_20
G36F63EF2,tt1324999,v2_completa,cde_20
G3704F81D,tt0098324,v2_completa,cde_20
G3721DC5F,tt29268110,v2_completa,cde_21
G3722AE68,tt0083813,v2_completa,cde_21
G372C826B,tt9421200,v2_completa,cde_21
G37449CF2,tt0381061,v2_completa,cde_21
G374F1A86,tt0112461,v2_completa,cde_21
G37559BF3,tt0337563,v2_completa,cde_21
G375AE7F8,tt0108255,v2_completa,cde_21
G376F3C51,tt1605783,v2_completa,cde_21
G377C1CAD,tt0491720,v2_es3,cde_21
G378C0440,tt0106856,v2_completa,cde_21
G37B6C550,tt3281548,v2_completa,cde_21
G37F6A408,tt1104001,v2_completa,cde_21
G380414A7,tt7069210,v2_completa,cde_21
G381F045C,tt0101761,v2_completa,cde_21
G3853C647,tt0092901,v2_completa,cde_21
G38706B01,tt0119282,v2_completa,cde_21
G38750FA5,tt2004420,v2_completa,cde_21
G387A4BEC,tt4154756,v2_completa,cde_21
G3885D1E8,tt0363547,v2_completa,cde_21
G388D5AEA,tt1650555,v2_es4,cde_21
G38CCCD1F,tt1588173,v2_completa,cde_21
G38DB9DF5,tt0090949,v2_completa,cde_21
G3910F62C,tt3890160,v2_completa,cde_21
G393C3333,tt0130018,v2_completa,cde_21
G39437AAC,tt7504726,v2_completa,cde_21
G395497AD,tt0092106,v2_completa,cde_21
G395637F4,tt0083658,v2_completa,cde_21
G39B099C9,tt0114814,v2_completa,cde_21
G39BD6DA8,tt0081534,v2_completa,cde_21
G39FC0B57,tt0082431,v2_completa,cde_21
G3A04A102,tt0086336,v2_completa,cde_21
G3A2B508C,tt31050594,v2_ext,cde_21
G3A2DB926,tt0209174,v2_completa,cde_21
G3A2E9CDD,tt2005151,v2_completa,cde_21
G3A5377F0,tt0256380,v2_completa,cde_21
G3A625BFE,tt1194173,v2_completa,cde_21
G3A947350,tt0082449,v2_completa,cde_21
G3AA7B163,tt0118929,v2_completa,cde_21
G3AACB8B0,tt0247638,v2_completa,cde_21
G3AC10B68,tt0085496,v2_completa,cde_21
G3AC8CA79,tt0232611,v2_completa,cde_21
G3AD53AAB,tt0087277,v2_completa,cde_21
G3AD92969,tt0119099,v2_completa,cde_21
G3B2B4128,tt5827790,v2_completa,cde_21
G3B78F82D,tt0081529,v2_completa,cde_21
G3B7D5ED2,tt0443453,v2_completa,cde_21
G3B8494C1,tt0116583,v2_completa,cde_21
G3B9C1ADC,tt0812377,v2_completa,cde_21
G3BA4ACB3,tt0083169,v2_completa,cde_21
G3BA9FDBB,tt0115433,v2_completa,cde_21
G3BB419DF,tt18925334,v2_completa,cde_21
G3BBE700D,tt0146547,v2_completa,cde_21
G3BFBA8A6,tt0107048,v2_completa,cde_21
G3BFF1248,tt13660916,v2_completa,cde_21
G3C0DB634,tt0082655,v2_completa,cde_21
G3C2629D0,tt0099348,v2_completa,cde_21
G3C47483B,tt1284575,v2_completa,cde_21
G3C6DF0E0,tt10919380,v2_completa,cde_21
G3C9082EB,tt2873282,v2_completa,cde_21
G3C9DF9F4,tt0829150,v2_completa,cde_21
G3CA3581D,tt0085750,v2_completa,cde_22
G3CA3682A,tt13229894,v2_completa,cde_22
G3CE735E6,tt0086393,v2_completa,cde_22
G3D07EF12,tt37287335,v2_ext,cde_22
G3D38B387,tt0945513,v2_completa,cde_22
G3D4DAB61,tt1797504,v2_completa,cde_22
G3D65EDEC,tt0993840,v2_completa,cde_22
G3D6C7C03,tt0088206,v2_completa,cde_22
G3D7C0949,tt0112864,v2_completa,cde_22
G3DB09385,tt0101605,v2_completa,cde_22
G3DB2CD8F,tt0120787,v2_completa,cde_22
G3DFD5C86,tt0223897,v2_completa,cde_22
G3E2732C0,tt3397884,v2_completa,cde_22
G3E810DC2,tt0086993,v2_completa,cde_22
G3E90EB57,tt26753003,v2_completa,cde_22
G3EBA4CB5,tt10682266,v2_completa,cde_22
G3EE98FAD,tt0090190,v2_completa,cde_22
G3F5091B0,tt5463162,v2_completa,cde_22
G3F5BCCDA,tt26530493,v2_completa,cde_22
G3FB466A6,tt0083564,v2_completa,cde_22
G3FC75680,tt0086383,v2_completa,cde_22
G3FCAF976,tt0094721,v2_completa,cde_22
G3FFC38FC,tt0100507,v2_completa,cde_22
G4019E8E5,tt1661199,v2_completa,cde_22
G405A5445,tt0082348,v2_completa,cde_22
G405F4375,tt0103064,v2_completa,cde_22
G4070B84E,tt0448154,v2_es3,cde_22
G4075DE00,tt0834001,v2_completa,cde_22
G4079FC96,tt8806768,v2_es4,cde_22
G408FC63A,tt0092925,v2_completa,cde_22
G4098DB5A,tt1706593,v2_completa,cde_22
G40AC7394,tt0117500,v2_completa,cde_22
G40BDEDFA,tt14138650,v2_completa,cde_22
G40CC46BD,tt0825232,v2_completa,cde_22
G411BF321,tt0086837,v2_completa,cde_22
G411CB29B,tt21881982,v2_es3,cde_22
G41232B77,tt4326444,v2_completa,cde_22
G412C3E52,tt4846340,v2_completa,cde_22
G4140A3FD,tt11358390,v2_completa,cde_22
G4171D9B6,tt2872718,v2_completa,cde_22
G41834464,tt0083511,v2_completa,cde_22
G418A1F67,tt0183790,v2_completa,cde_22
G41C60587,tt0095250,v2_completa,cde_22
G4201E376,tt1103193,v2_es3,cde_22
G4240900B,tt0096101,v2_completa,cde_22
G4289890D,tt0475937,v2_completa,cde_22
G42905F21,tt0088870,v2_completa,cde_22
G429ED86F,tt0095647,v2_completa,cde_22
G42B672E7,tt0949731,v2_completa,cde_22
G42C4A144,tt0138749,v2_completa,cde_22
G42E2D729,tt0116908,v2_completa,cde_22
G42F1D8DF,tt0887883,v2_completa,cde_22
G43123C35,tt0109707,v2_completa,cde_22
G4315C0E1,tt4964788,v2_completa,cde_22
G431A1647,tt0118571,v2_completa,cde_22
G431AC385,tt0102057,v2_completa,cde_22
G43396F39,tt0449467,v2_completa,cde_22
G434C46F5,tt33071426,v2_ext,cde_22
G438098D0,tt7975244,v2_completa,cde_22
G43932DFE,tt1213663,v2_completa,cde_22
G43C30D95,tt0081480,v2_completa,cde_23
G43E065B3,tt0325805,v2_completa,cde_23
G43FD88E9,tt2404435,v2_completa,cde_23
G441D78AA,tt1201607,v2_completa,cde_23
G442D197A,tt2854926,v2_completa,cde_23
G4454230E,tt0101669,v2_completa,cde_23
G4464DEC4,tt0088850,v2_completa,cde_23
G449E9CAB,tt29603959,v2_ext,cde_23
G44D63C2B,tt0097027,v2_completa,cde_23
G44D82CEF,tt0080379,v2_completa,cde_23
G44F5429A,tt0369610,v2_completa,cde_23
G45532332,tt15239678,v2_completa,cde_23
G455B372E,tt0087597,v2_completa,cde_23
G4570B885,tt27751957,v2_completa,cde_23
G459C58CF,tt2953050,v2_completa,cde_23
G4628C7F4,tt7888964,v2_completa,cde_23
G464BAB74,tt9362930,v2_completa,cde_23
G46B5FAD5,tt0097165,v2_completa,cde_23
G46BE2787,tt32093575,v2_ext,cde_23
G46C09301,tt1845846,v2_es4,cde_23
G46CEF8BC,tt0092873,v2_completa,cde_23
G46DE39CA,tt6197484,v2_es4,cde_23
G470C3855,tt0167261,v2_completa,cde_23
G4727A280,tt0089686,v2_completa,cde_23
G473E4211,tt0087957,v2_completa,cde_23
G474ED079,tt0302886,v2_completa,cde_23
G476E20AC,tt3416532,v2_completa,cde_23
G478DFBF3,tt0099141,v2_completa,cde_23
G47B64B43,tt0430576,v2_completa,cde_23
G47CE9476,tt5027774,v2_completa,cde_23
G47D8E324,tt0092991,v2_completa,cde_23
G47EF066C,tt0121164,v2_completa,cde_23
G4819B623,tt0170016,v2_completa,cde_23
G481BF158,tt0085297,v2_completa,cde_23
G4846EA8B,tt7841496,v2_completa,cde_23
G4850285D,tt0188030,v2_completa,cde_23
G4875806F,tt0101410,v2_completa,cde_23
G488CF438,tt0286106,v2_completa,cde_23
G48B13900,tt2046090,v2_es3,cde_23
G48C6FE0E,tt0117131,v2_completa,cde_23
G490E0A0F,tt0113409,v2_completa,cde_23
G492BDF52,tt2316204,v2_completa,cde_23
G4971FAEA,tt0200550,v2_completa,cde_23
G49871795,tt0185154,v2_es3,cde_23
G4998A6C7,tt4881806,v2_completa,cde_23
G49B2F497,tt0086423,v2_completa,cde_23
G49D71F99,tt1188986,v2_es3,cde_23
G49FCFAE7,tt0085701,v2_completa,cde_23
G4A3CB0E8,tt2140479,v2_completa,cde_23
G4AA152DA,tt0257231,v2_completa,cde_23
G4AB57C42,tt0095243,v2_completa,cde_23
G4AB783D0,tt0078797,v2_completa,cde_23
G4ABCC5CE,tt0413267,v2_completa,cde_23
G4AF2F9C2,tt0421715,v2_completa,cde_23
G4B02CBB3,tt0970179,v2_completa,cde_23
G4B0AC24D,tt4633694,v2_completa,cde_23
G4B10F9EC,tt0103186,v2_completa,cde_23
G4B248481,tt2674426,v2_completa,cde_23
G4B3AFEFB,tt0120591,v2_completa,cde_23
G4B3E505A,tt6704898,v2_completa,cde_23
G4B4A20F9,tt1748179,v2_completa,cde_24
G4B59AF7B,tt0101026,v2_completa,cde_24
G4BB63085,tt0096061,v2_completa,cde_24
G4BD8A980,tt10399608,v2_completa,cde_24
G4BDF1DAC,tt0467406,v2_completa,cde_24
G4C08DD8F,tt11700260,v2_completa,cde_24
G4C0E0882,tt13479592,v2_es4,cde_24
G4C3B8269,tt0134119,v2_completa,cde_24
G4C405E8D,tt2820852,v2_completa,cde_24
G4CE7C040,tt0457939,v2_completa,cde_24
G4CF5F279,tt0119173,v2_completa,cde_24
G4D026C8A,tt0100404,v2_completa,cde_24
G4D072D7C,tt3631112,v2_completa,cde_24
G4D1A45F9,tt0085972,v2_completa,cde_24
G4D29D8F1,tt0106226,v2_completa,cde_24
G4D3F4E21,tt0120902,v2_completa,cde_24
G4D44E0FE,tt0089841,v2_completa,cde_24
G4D6487A8,tt1138437,v2_es4,cde_24
G4D6CD58C,tt0120912,v2_completa,cde_24
G4DAF67AE,tt0197752,v2_es3,cde_24
G4DB71E77,tt0264464,v2_completa,cde_24
G4DC34E88,tt0116778,v2_completa,cde_24
G4DDA47DA,tt0113481,v2_completa,cde_24
G4DDAAEBB,tt6060156,v2_completa,cde_24
G4E0516B4,tt3794354,v2_completa,cde_24
G4E1C6B5F,tt4857264,v2_completa,cde_24
G4E30511C,tt2231461,v2_completa,cde_24
G4E402E41,tt0091419,v2_completa,cde_24
G4E571452,tt0337930,v2_completa,cde_24
G4E5D9581,tt1945034,v2_es3,cde_24
G4E807B89,tt0116705,v2_completa,cde_24
G4EA38464,tt1049413,v2_completa,cde_24
G4EA84D68,tt0112380,v2_completa,cde_24
G4EC73EA7,tt0765443,v2_completa,cde_24
G4ED6504F,tt6878306,v2_completa,cde_24
G4EF28258,tt0113492,v2_completa,cde_24
G4F281CE8,tt8036976,v2_ext,cde_24
G4F2E3C1F,tt1205489,v2_completa,cde_24
G4F30FA08,tt0161081,v2_completa,cde_24
G4F4605F5,tt0410297,v2_completa,cde_24
G4F48D57E,tt0349076,v2_es3,cde_24
G4F5557ED,tt2091235,v2_es3,cde_24
G4F5D24D8,tt0093756,v2_completa,cde_24
G4F6EEFD0,tt0119094,v2_completa,cde_24
G4F7A727B,tt1186357,v2_es4,cde_24
G4F8FED3B,tt0421239,v2_completa,cde_24
G4FA30F6B,tt4155534,v2_es3,cde_24
G4FD92420,tt0324216,v2_completa,cde_24
G503E8EB1,tt0101862,v2_completa,cde_24
G504EF64A,tt0283123,v2_es4,cde_24
G505BBA07,tt15940132,v2_ext,cde_24
G505DDF17,tt0118887,v2_completa,cde_24
G5083BD03,tt0320042,v2_completa,cde_24
G50B1EE8C,tt0106673,v2_completa,cde_24
G50E75738,tt0299658,v2_completa,cde_24
G511136D7,tt7937168,v2_completa,cde_24
G512684E1,tt0268126,v2_completa,cde_24
G514F653B,tt0086984,v2_completa,cde_24
G51B3C8B8,tt28510079,v2_completa,cde_24
G51E041E0,tt0265666,v2_completa,cde_24
G51E8DC13,tt3732280,v2_completa,cde_25
G51F6ABFF,tt0417741,v2_completa,cde_25
G51F99BB9,tt1457767,v2_completa,cde_25
G52450384,tt0082971,v2_completa,cde_25
G524627A1,tt6823368,v2_completa,cde_25
G525894C1,tt10676052,v2_ext,cde_25
G525CD91D,tt0309821,v2_es4,cde_25
G526F52C6,tt2975590,v2_completa,cde_25
G5284399B,tt0104820,v2_completa,cde_25
G52883563,tt1056419,v2_completa,cde_25
G5293CE34,tt1535109,v2_completa,cde_25
G52A18448,tt0109348,v2_completa,cde_25
G52B24670,tt0117731,v2_completa,cde_25
G52F8175C,tt5362988,v2_completa,cde_25
G535F6E8C,tt0080437,v2_completa,cde_25
G536876AD,tt8988748,v2_completa,cde_25
G53A0488C,tt4699534,v2_es4,cde_25
G53C55911,tt3748528,v2_completa,cde_25
G53E77F41,tt11813216,v2_completa,cde_25
G53FC1868,tt0084412,v2_completa,cde_25
G5404B28E,tt0253474,v2_completa,cde_25
G540A4FA7,tt3498820,v2_completa,cde_25
G54304569,tt3402138,v2_ext,cde_25
G543308C1,tt0230011,v2_completa,cde_25
G544DE3C2,tt1398426,v2_completa,cde_25
G54879168,tt0089755,v2_completa,cde_25
G548BA75C,tt2906216,v2_completa,cde_25
G5498E2D6,tt0360717,v2_completa,cde_25
G54A8AC3A,tt0338751,v2_completa,cde_25
G54EECDC1,tt13654226,v2_ext,cde_25
G550DB661,tt4194974,v2_es4,cde_25
G552DF932,tt0452594,v2_completa,cde_25
G554081D3,tt0315733,v2_completa,cde_25
G5543D5CF,tt0099739,v2_completa,cde_25
G554FC20F,tt0120885,v2_completa,cde_25
G554FFA80,tt0111058,v2_completa,cde_25
G555467C7,tt6443346,v2_completa,cde_25
G55591CD9,tt0082288,v2_completa,cde_25
G5568E8BE,tt0081777,v2_completa,cde_25
G557D2B33,tt0393162,v2_completa,cde_25
G55AE8CED,tt1133985,v2_completa,cde_25
G5671D0CC,tt0243133,v2_completa,cde_25
G567FC5FD,tt1756855,v2_ext,cde_25
G56C57ABD,tt28996126,v2_ext,cde_25
G56CD2FD4,tt1091722,v2_completa,cde_25
G56D3B0F4,tt0499549,v2_completa,cde_25
G56F45A42,tt0093777,v2_completa,cde_25
G572C5895,tt0142688,v2_completa,cde_25
G57356D06,tt1321870,v2_completa,cde_25
G5759241A,tt0087363,v2_completa,cde_25
G576B665D,tt21874760,v2_completa,cde_25
G576F9B25,tt0120082,v2_completa,cde_25
G5797B705,tt0172156,v2_completa,cde_25
G579A1B90,tt0082474,v2_completa,cde_25
G57AA76D9,tt2510894,v2_completa,cde_25
G57B87D28,tt0120371,v2_completa,cde_25
G57B90D08,tt0348150,v2_completa,cde_25
G57D3BCF0,tt0325980,v2_completa,cde_25
G580BB5E4,tt0239955,v2_es3,cde_25
G58116FBA,tt31170389,v2_ext,cde_25
G58336403,tt0376177,v2_es3,cde_26
G5850A433,tt0083944,v2_completa,cde_26
G588A88F9,tt0418763,v2_completa,cde_26
G588DA465,tt1160419,v2_completa,cde_26
G58AE301A,tt0187078,v2_completa,cde_26
G58AEA323,tt0110148,v2_completa,cde_26
G58C302B4,tt7666250,v2_es4,cde_26
G58EB6324,tt0114671,v2_completa,cde_26
G59134EB9,tt1601913,v2_completa,cde_26
G591A9546,tt0320661,v2_completa,cde_26
G59258CCA,tt0116996,v2_completa,cde_26
G59398B85,tt0159365,v2_completa,cde_26
G593FF5CC,tt22964884,v2_completa,cde_26
G59434E88,tt2103281,v2_completa,cde_26
G59466A2B,tt5848272,v2_completa,cde_26
G59A2BACC,tt1259571,v2_completa,cde_26
G59CC8263,tt0103956,v2_completa,cde_26
G59CDFE46,tt0120768,v2_completa,cde_26
G5A0377E1,tt7967412,v2_completa,cde_26
G5A08D738,tt3900206,v2_es3,cde_26
G5A2EBDE0,tt0084228,v2_completa,cde_26
G5A5CFBAD,tt0110527,v2_completa,cde_26
G5A814596,tt0389722,v2_completa,cde_26
G5AD947FA,tt0086450,v2_completa,cde_26
G5AEB7998,tt0289765,v2_completa,cde_26
G5B0550E0,tt0091499,v2_completa,cde_26
G5B163B96,tt14849194,v2_completa,cde_26
G5B18C863,tt1131734,v2_completa,cde_26
G5B49B4A7,tt0456111,v2_completa,cde_26
G5B4F60DF,tt0277027,v2_completa,cde_26
G5B82FEBE,tt0118617,v2_completa,cde_26
G5B88978D,tt0098554,v2_completa,cde_26
G5C0DCBC8,tt0085346,v2_completa,cde_26
G5C0DECA0,tt0103786,v2_completa,cde_26
G5C28CBB5,tt0084781,v2_completa,cde_26
G5C642961,tt0385842,v2_completa,cde_26
G5C651BAD,tt0083530,v2_completa,cde_26
G5C85AC1E,tt0878804,v2_completa,cde_26
G5CAB6AE6,tt0314353,v2_completa,cde_26
G5CB60EA2,tt9345754,v2_completa,cde_26
G5CD027A2,tt9619824,v2_ext,cde_26
G5CD1DC94,tt4975722,v2_completa,cde_26
G5CDE23D3,tt0087843,v2_completa,cde_26
G5CE3814B,tt0108670,v2_completa,cde_26
G5D0740E0,tt0083767,v2_completa,cde_26
G5D14FAD5,tt1228705,v2_completa,cde_26
G5D2B9B04,tt0215750,v2_completa,cde_26
G5D31EFF7,tt0105352,v2_completa,cde_26
G5D81EDE7,tt0383862,v2_es4,cde_26
G5DA086CE,tt2310332,v2_completa,cde_26
G5DA688F3,tt2637276,v2_completa,cde_26
G5DB5A317,tt0102975,v2_completa,cde_26
G5E6471B6,tt31728330,v2_ext,cde_26
G5E840334,tt1189073,v2_completa,cde_26
G5EAFADFD,tt0083866,v2_completa,cde_26
G5EB77525,tt1033643,v2_completa,cde_26
G5EE7DEFD,tt6394270,v2_completa,cde_26
G5EEEF3D4,tt26443616,v2_ext,cde_26
G5F293890,tt0368447,v2_completa,cde_26
G5F31B95A,tt0106677,v2_completa,cde_26
G5F6E4CB8,tt0120737,v2_completa,cde_27
G5F997754,tt0190798,v2_completa,cde_27
G6027B99F,tt11561116,v2_ext,cde_27
G605BC127,tt0116669,v2_completa,cde_27
G6061C123,tt0101587,v2_completa,cde_27
G60736C5E,tt0091167,v2_completa,cde_27
G607D11BA,tt10952782,v2_completa,cde_27
G60CA438F,tt5121816,v2_completa,cde_27
G60CFECD2,tt0765429,v2_completa,cde_27
G60E96BB7,tt0082085,v2_completa,cde_27
G61000104,tt2911666,v2_completa,cde_27
G6140FAD7,tt0101638,v2_completa,cde_27
G614D02FE,tt27729779,v2_completa,cde_27
G615F9252,tt1302006,v2_completa,cde_27
G6166C8F6,tt0376541,v2_completa,cde_27
G6167AD08,tt0411477,v2_completa,cde_27
G61BC5362,tt0083630,v2_completa,cde_27
G61DD89B7,tt0101290,v2_completa,cde_27
G61E0A450,tt1276104,v2_completa,cde_27
G61E0D862,tt0230030,v2_completa,cde_27
G6200A065,tt0438042,v2_es4,cde_27
G6222434A,tt0097351,v2_completa,cde_27
G6234EEA4,tt5052474,v2_completa,cde_27
G62972335,tt0090859,v2_completa,cde_27
G62A01C2F,tt2582782,v2_completa,cde_27
G62BB750B,tt0461770,v2_completa,cde_27
G62FAAA51,tt1136608,v2_completa,cde_27
G631ADB20,tt0087003,v2_completa,cde_27
G6373CD51,tt0095953,v2_completa,cde_27
G6393F0D0,tt0119137,v2_completa,cde_27
G63A12CD6,tt0107224,v2_completa,cde_27
G63F62AF6,tt1001508,v2_completa,cde_27
G63FC5450,tt0809533,v2_completa,cde_27
G641EB44B,tt1843866,v2_completa,cde_27
G64488491,tt18072540,v2_es3,cde_27
G645E64DB,tt0122690,v2_completa,cde_27
G6464ADD3,tt0083806,v2_completa,cde_27
G64679DEC,tt0092718,v2_completa,cde_27
G64A9CD91,tt0091064,v2_completa,cde_27
G64CFC5E9,tt1302011,v2_completa,cde_27
G64D0BFFF,tt0317705,v2_completa,cde_27
G650399FF,tt0119164,v2_completa,cde_27
G650A91EF,tt0100998,v2_completa,cde_27
G6527E707,tt32362890,v2_ext,cde_27
G6546CD23,tt0454848,v2_completa,cde_27
G654CDBCC,tt5140878,v2_completa,cde_27
G6556F5EB,tt1221188,v2_es3,cde_27
G65641D5D,tt1080016,v2_completa,cde_27
G65675481,tt9777666,v2_completa,cde_27
G657B2464,tt1192628,v2_completa,cde_27
G658719AB,tt2543472,v2_completa,cde_27
G659EBFD0,tt0227445,v2_completa,cde_27
G65A103D2,tt1483013,v2_completa,cde_27
G65F04736,tt0242154,v2_es3,cde_27
G6610CD9E,tt0082351,v2_completa,cde_27
G6616F68F,tt9620288,v2_completa,cde_27
G6629894C,tt1649444,v2_completa,cde_27
G66AFEA17,tt35657504,v2_ext,cde_27
G66C2C8AD,tt0295297,v2_completa,cde_27
G66D91571,tt0319769,v2_completa,cde_27
G66EA8792,tt0091777,v2_completa,cde_28
G66EED2EE,tt0137494,v2_completa,cde_28
G66F7C30F,tt0096874,v2_completa,cde_28
G670DB502,tt1182345,v2_completa,cde_28
G67590F32,tt0095253,v2_completa,cde_28
G6765FE26,tt11394282,v2_completa,cde_28
G6777EBE5,tt0080798,v2_completa,cde_28
G679241DD,tt0099077,v2_completa,cde_28
G6793E8F4,tt1980209,v2_completa,cde_28
G67C3FF9C,tt0116769,v2_completa,cde_28
G68521835,tt0119174,v2_completa,cde_28
G6868F16D,tt0499448,v2_completa,cde_28
G68747AC1,tt1649443,v2_completa,cde_28
G68B96B3F,tt0377092,v2_completa,cde_28
G68C16B85,tt0120622,v2_completa,cde_28
G6900C22B,tt0446029,v2_completa,cde_28
G6905331F,tt7798634,v2_completa,cde_28
G69063189,tt0085210,v2_completa,cde_28
G6908CAFD,tt0090197,v2_completa,cde_28
G69146A84,tt0114508,v2_completa,cde_28
G691DAE9F,tt2403419,v2_es4,cde_28
G694C92D7,tt0089457,v2_completa,cde_28
G697349D0,tt1757769,v2_es3,cde_28
G697B6447,tt0120184,v2_completa,cde_28
G699883F5,tt0081114,v2_completa,cde_28
G69AAED93,tt0164912,v2_completa,cde_28
G69DD5414,tt0108330,v2_completa,cde_28
G6A00FCF0,tt0103874,v2_completa,cde_28
G6A031D15,tt31036941,v2_ext,cde_28
G6A20A0E0,tt4154796,v2_completa,cde_28
G6A818028,tt0088230,v2_completa,cde_28
G6AAA2497,tt0271972,v2_completa,cde_28
G6AC26D16,tt10618286,v2_completa,cde_28
G6AD97C24,tt0094291,v2_completa,cde_28
G6AFB2F67,tt3040964,v2_completa,cde_28
G6B70505A,tt0082769,v2_completa,cde_28
G6BB66AE2,tt3566834,v2_ext,cde_28
G6BBE7BCA,tt0118971,v2_completa,cde_28
G6BBFF5DB,tt1016150,v2_completa,cde_28
G6BC4D8A9,tt0090259,v2_completa,cde_28
G6BDEAAEB,tt1386697,v2_completa,cde_28
G6BF060CE,tt14513804,v2_ext,cde_28
G6C04DC62,tt7304802,v2_completa,cde_28
G6C0A4C58,tt9466114,v2_completa,cde_28
G6C179FC0,tt28650488,v2_ext,cde_28
G6C5FF5D4,tt0385002,v2_completa,cde_28
G6C8D2EEE,tt7040874,v2_completa,cde_28
G6CA9DAD2,tt0118610,v2_completa,cde_28
G6CBE0B2A,tt0120669,v2_completa,cde_28
G6CCDA587,tt11301886,v2_completa,cde_28
G6CEEF188,tt14941698,v2_completa,cde_28
G6D176F2E,tt0115536,v2_completa,cde_28
G6D2C7840,tt1628841,v2_completa,cde_28
G6D5B14C2,tt15006754,v2_completa,cde_28
G6DAFA165,tt0408236,v2_completa,cde_28
G6DF06D76,tt1692486,v2_completa,cde_28
G6E05D00C,tt0095497,v2_completa,cde_28
G6E246AC0,tt1013743,v2_completa,cde_28
G6E49D691,tt0090679,v2_completa,cde_28
G6E54FCD5,tt7679126,v2_es4,cde_28
G6E5FE486,tt0796366,v2_completa,cde_29
G6E96B109,tt0084237,v2_completa,cde_29
G6ED83E71,tt0107207,v2_completa,cde_29
G6F0598CE,tt0414993,v2_completa,cde_29
G6F2C9960,tt0106215,v2_completa,cde_29
G6F5235D7,tt5433138,v2_completa,cde_29
G6F8A5AC0,tt0479221,v2_es4,cde_29
G6F8C3ABA,tt31868189,v2_ext,cde_29
G6FA96569,tt0090605,v2_completa,cde_29
G6FDC8E89,tt0113627,v2_completa,cde_29
G7052B0B4,tt0081698,v2_completa,cde_29
G70670EA3,tt0091954,v2_completa,cde_29
G70ACCC15,tt0112384,v2_completa,cde_29
G70ACD326,tt22898462,v2_ext,cde_29
G70AE3702,tt1935914,v2_completa,cde_29
G70B54418,tt0096933,v2_completa,cde_29
G70C674C2,tt0103919,v2_completa,cde_29
G70E8D620,tt0099939,v2_completa,cde_29
G70EA5341,tt14948432,v2_completa,cde_29
G711E9AD7,tt0416449,v2_completa,cde_29
G717643D6,tt0145681,v2_completa,cde_29
G7178ED99,tt0227277,v2_completa,cde_29
G717E2359,tt12361974,v2_completa,cde_29
G7199FE2A,tt0098273,v2_completa,cde_29
G71B06501,tt0790724,v2_completa,cde_29
G71CB989B,tt1179933,v2_completa,cde_29
G71ED6BCB,tt1375670,v2_completa,cde_29
G71EEAEC6,tt1981115,v2_completa,cde_29
G7223A9E7,tt0091630,v2_completa,cde_29
G724A2F4F,tt0906752,v2_es4,cde_29
G72673FAC,tt0097637,v2_completa,cde_29
G727C90D0,tt0926084,v2_completa,cde_29
G72DBC4AE,tt0309593,v2_completa,cde_29
G7301AAC7,tt0091129,v2_completa,cde_29
G73B5479A,tt20215670,v2_es3,cde_29
G73BE876E,tt0120915,v2_completa,cde_29
G741B8117,tt0489099,v2_completa,cde_29
G7469AA3F,tt0093995,v2_completa,cde_29
G746B958D,tt0097659,v2_completa,cde_29
G74D1646A,tt0120812,v2_completa,cde_29
G753C9BCB,tt8242160,v2_es3,cde_29
G758E86E1,tt1764625,v2_completa,cde_29
G7593DED4,tt18412256,v2_completa,cde_29
G75C83853,tt5884052,v2_completa,cde_29
G75D9DC92,tt7181546,v2_ext,cde_29
G75EC2268,tt3766354,v2_completa,cde_29
G75F2C498,tt0101025,v2_completa,cde_29
G763545A7,tt1028528,v2_completa,cde_29
G763AA77B,tt0117218,v2_completa,cde_29
G763B3894,tt0478087,v2_completa,cde_29
G766C4D88,tt0241527,v2_completa,cde_29
G76714F12,tt38235625,v2_ext,cde_29
G7693D9C8,tt0250494,v2_completa,cde_29
G7694D318,tt0190590,v2_completa,cde_29
G774C6657,tt0088461,v2_completa,cde_29
G7750F4AC,tt0120873,v2_completa,cde_29
G779E644E,tt0080745,v2_completa,cde_29
G77AA3E87,tt0335261,v2_es3,cde_29
G77E5413C,tt15789492,v2_completa,cde_29
G77E926FA,tt0374900,v2_completa,cde_29
G7803F063,tt0095963,v2_completa,cde_30
G78115CE6,tt0120755,v2_completa,cde_30
G7816939B,tt0427340,v2_ext,cde_30
G7821034F,tt0087755,v2_completa,cde_30
G782D116B,tt0416214,v2_es4,cde_30
G78A6C8C4,tt0133152,v2_completa,cde_30
G78A6F4C3,tt0123685,v2_es3,cde_30
G78B9B06D,tt2582846,v2_completa,cde_30
G78D258AE,tt9063902,v2_completa,cde_30
G78D2D13C,tt1142988,v2_completa,cde_30
G78DB6D85,tt2239822,v2_completa,cde_30
G78F60E99,tt0319061,v2_completa,cde_30
G790B4D89,tt1760980,v2_es4,cde_30
G7960386C,tt0079586,v2_completa,cde_30
G796217E2,tt8814476,v2_ext,cde_30
G7A02A439,tt9603208,v2_ext,cde_30
G7A034CCF,tt0134847,v2_completa,cde_30
G7A12FA1A,tt1085862,v2_completa,cde_30
G7A18B919,tt1715336,v2_completa,cde_30
G7A4D6EC1,tt2024544,v2_completa,cde_30
G7A5AD208,tt0087436,v2_completa,cde_30
G7A7E434C,tt0481499,v2_completa,cde_30
G7A8EB867,tt15128358,v2_completa,cde_30
G7A9B2F67,tt1428538,v2_completa,cde_30
G7ACCD115,tt1798684,v2_completa,cde_30
G7AF0BD71,tt0397582,v2_es3,cde_30
G7AFE0C54,tt0097981,v2_completa,cde_30
G7B067DF8,tt0367594,v2_completa,cde_30
G7B1354A9,tt4972582,v2_completa,cde_30
G7B3988F4,tt0092563,v2_completa,cde_30
G7B7A2F55,tt0113855,v2_completa,cde_30
G7B7B1CBD,tt1179904,v2_completa,cde_30
G7B825002,tt6792282,v2_completa,cde_30
G7B988844,tt31193180,v2_ext,cde_30
G7BB66294,tt1213641,v2_completa,cde_30
G7BBEB3D6,tt0116193,v2_completa,cde_30
G7BD3CB50,tt0099365,v2_completa,cde_30
G7BDC02FE,tt1490759,v2_es3,cde_30
G7BF2740B,tt10290510,v2_es3,cde_30
G7C022DF7,tt0092513,v2_completa,cde_30
G7C10BB14,tt0196229,v2_completa,cde_30
G7C1D39E9,tt0357991,v2_es3,cde_30
G7C233FFE,tt0114694,v2_completa,cde_30
G7C279EBB,tt6566576,v2_completa,cde_30
G7C53C11F,tt0259324,v2_completa,cde_30
G7C6CB1EC,tt0085549,v2_completa,cde_30
G7C6F283B,tt0099226,v2_completa,cde_30
G7C86BD6A,tt1411697,v2_completa,cde_30
G7C8D7FB8,tt0407887,v2_completa,cde_30
G7CC408D6,tt0430105,v2_completa,cde_30
G7CD5B2A5,tt1617661,v2_completa,cde_30
G7CDEBB8B,tt0090967,v2_completa,cde_30
G7D0C4E23,tt2896036,v2_completa,cde_30
G7D194CCC,tt0100405,v2_completa,cde_30
G7D34C558,tt0113957,v2_completa,cde_30
G7D53296A,tt0468569,v2_completa,cde_30
G7D966513,tt0099329,v2_completa,cde_30
G7DD4FBDF,tt1645170,v2_completa,cde_30
G7E02237F,tt0111403,v2_completa,cde_30
G7E283D03,tt0359950,v2_completa,cde_30
G7E50435A,tt0450278,v2_completa,cde_31
G7E5851D0,tt13287846,v2_completa,cde_31
G7E724C27,tt0276751,v2_completa,cde_31
G7E9C7512,tt0838221,v2_completa,cde_31
G7EA3C32B,tt0085995,v2_completa,cde_31
G7EB082B1,tt30825738,v2_ext,cde_31
G7EB414B9,tt0093818,v2_completa,cde_31
G7EC2C57B,tt0090249,v2_completa,cde_31
G7EEDA033,tt0097742,v2_completa,cde_31
G7EF499D7,tt0113918,v2_completa,cde_31
G7F0901F3,tt0955308,v2_completa,cde_31
G7F143D58,tt0082340,v2_completa,cde_31
G7F7B0866,tt0097162,v2_completa,cde_31
G7FB7485C,tt1386588,v2_completa,cde_31
G7FDA3342,tt2584384,v2_completa,cde_31
G7FEC554F,tt16426418,v2_completa,cde_31
G80019289,tt0816711,v2_completa,cde_31
G804870F9,tt1542344,v2_completa,cde_31
G80570622,tt0162346,v2_completa,cde_31
G808653D5,tt27047903,v2_ext,cde_31
G8095AF1B,tt0099653,v2_completa,cde_31
G80BB9558,tt14935038,v2_es4,cde_31
G810BCCD3,tt0093507,v2_completa,cde_31
G810C2348,tt0081207,v2_completa,cde_31
G812EA53E,tt3510480,v2_completa,cde_31
G812F8D20,tt2361509,v2_completa,cde_31
G8170D2F2,tt0101764,v2_completa,cde_31
G818FDB33,tt0100758,v2_completa,cde_31
G81BD971C,tt0470692,v2_es4,cde_31
G81D37906,tt9916362,v2_completa,cde_31
G81DDC712,tt6320628,v2_completa,cde_31
G820AFA83,tt0280590,v2_completa,cde_31
G8211DC1A,tt0257076,v2_completa,cde_31
G8215CB3C,tt0099785,v2_completa,cde_31
G822AD0D1,tt0313737,v2_completa,cde_31
G823C6247,tt0096320,v2_completa,cde_31
G824322E9,tt2704998,v2_completa,cde_31
G824378DD,tt0281358,v2_completa,cde_31
G82481877,tt0111438,v2_completa,cde_31
G827CDC74,tt0458076,v2_es4,cde_31
G827D900B,tt0361748,v2_completa,cde_31
G828E3DBA,tt0948470,v2_completa,cde_31
G82AA9FC5,tt1469304,v2_completa,cde_31
G82C19145,tt2316411,v2_completa,cde_31
G82D9670F,tt3783958,v2_completa,cde_31
G82E59A97,tt0409847,v2_completa,cde_31
G82FDA8B0,tt0081748,v2_completa,cde_31
G8301382B,tt0476298,v2_es3,cde_31
G830E521D,tt0086154,v2_completa,cde_31
G834D1876,tt1598778,v2_completa,cde_31
G834EC197,tt0322259,v2_completa,cde_31
G8353ACEB,tt0140879,v2_completa,cde_31
G83A11861,tt1259570,v2_es3,cde_31
G83AA026D,tt5726616,v2_completa,cde_31
G83AC1508,tt0117887,v2_completa,cde_31
G83BB4BB8,tt0096754,v2_completa,cde_31
G83E8A0B4,tt0122718,v2_completa,cde_31
G83F337E8,tt0093569,v2_completa,cde_31
G83F5D2D3,tt0361862,v2_completa,cde_31
G83F8EBE5,tt0105236,v2_completa,cde_31
G84079772,tt1024648,v2_completa,cde_32
G840F7B68,tt0102059,v2_completa,cde_32
G842B4948,tt1855199,v2_completa,cde_32
G8441285E,tt0295701,v2_completa,cde_32
G84491589,tt0094812,v2_completa,cde_32
G846954D3,tt3371366,v2_completa,cde_32
G84A52A23,tt0183505,v2_completa,cde_32
G84B06514,tt0093894,v2_completa,cde_32
G84B1DA6D,tt3553976,v2_completa,cde_32
G84B2F526,tt0097388,v2_completa,cde_32
G84BD26EA,tt32430579,v2_ext,cde_32
G84E8D5C0,tt0432021,v2_completa,cde_32
G852FAB28,tt0790636,v2_completa,cde_32
G854A4B8C,tt3915174,v2_completa,cde_32
G854DEFF9,tt0177789,v2_completa,cde_32
G85506E90,tt0082951,v2_completa,cde_32
G857D3B4D,tt5040012,v2_completa,cde_32
G857F1443,tt0095705,v2_completa,cde_32
G85A3FE4C,tt0257360,v2_completa,cde_32
G85AF5A56,tt30851137,v2_ext,cde_32
G85C2AB6A,tt0113497,v2_completa,cde_32
G85C3245B,tt0095742,v2_completa,cde_32
G85D8813F,tt30253473,v2_ext,cde_32
G85E2971D,tt0268695,v2_completa,cde_32
G85E60B76,tt0311113,v2_completa,cde_32
G85F4EB42,tt0108333,v2_completa,cde_32
G86063349,tt0086979,v2_completa,cde_32
G8650D93C,tt0458352,v2_completa,cde_32
G8674C0CD,tt0094226,v2_completa,cde_32
G86A13F02,tt2015381,v2_completa,cde_32
G870B92C3,tt0113101,v2_completa,cde_32
G870EFBF3,tt12683756,v2_completa,cde_32
G878A873C,tt0096438,v2_completa,cde_32
G87F9395D,tt20969586,v2_ext,cde_32
G880F147F,tt0193167,v2_completa,cde_32
G8857314F,tt0230600,v2_completa,cde_32
G886ACF78,tt29623480,v2_completa,cde_32
G8875E8D5,tt0084809,v2_completa,cde_32
G88DD5794,tt0266543,v2_completa,cde_32
G88EEF3CC,tt0095271,v2_completa,cde_32
G897FA5F8,tt0102250,v2_completa,cde_32
G8983B130,tt26743210,v2_ext,cde_32
G89B49180,tt0134084,v2_completa,cde_32
G89E30978,tt0084740,v2_completa,cde_32
G89E4A621,tt0091217,v2_completa,cde_32
G89E742AF,tt0395125,v2_completa,cde_32
G89E7E0AF,tt32612507,v2_ext,cde_32
G89FCE840,tt1282140,v2_completa,cde_32
G8A0091E9,tt0091557,v2_completa,cde_32
G8A17145D,tt1605630,v2_completa,cde_32
G8A2FADA0,tt0125664,v2_completa,cde_32
G8A4186C0,tt0111070,v2_completa,cde_32
G8A48C9AB,tt0117509,v2_completa,cde_32
G8A65DB73,tt0081415,v2_completa,cde_32
G8A8F7506,tt0118998,v2_completa,cde_32
G8A9DF5C0,tt0111449,v2_completa,cde_32
G8AA26FEE,tt0116830,v2_completa,cde_32
G8AB2129D,tt1667889,v2_completa,cde_32
G8B09A1B8,tt26657236,v2_ext,cde_32
G8B180FC0,tt0101775,v2_completa,cde_32
G8B564DF9,tt0322330,v2_completa,cde_33
G8B6695A4,tt0089822,v2_completa,cde_33
G8B6B7629,tt0090644,v2_completa,cde_33
G8B769EA5,tt5886440,v2_completa,cde_33
G8BA07E9C,tt0081353,v2_completa,cde_33
G8BA57E06,tt0082088,v2_completa,cde_33
G8BAA67EF,tt0181865,v2_completa,cde_33
G8BB2227D,tt1453405,v2_completa,cde_33
G8BB5EA1C,tt0120746,v2_completa,cde_33
G8BE91685,tt5698568,v2_es3,cde_33
G8C0D71DC,tt0212720,v2_completa,cde_33
G8C4A409F,tt0089092,v2_completa,cde_33
G8C4CA736,tt0429493,v2_completa,cde_33
G8C52952C,tt1345836,v2_completa,cde_33
G8C7E4D61,tt0081790,v2_completa,cde_33
G8CA54EAB,tt0339806,v2_completa,cde_33
G8CC2117C,tt1606389,v2_completa,cde_33
G8CC8E0D8,tt0092965,v2_completa,cde_33
G8CF261A7,tt1229238,v2_completa,cde_33
G8CF8F334,tt0433817,v2_es4,cde_33
G8D0D7C02,tt1856101,v2_completa,cde_33
G8D10435C,tt0100150,v2_completa,cde_33
G8D17A644,tt0439123,v2_completa,cde_33
G8D2B4A18,tt0376994,v2_completa,cde_33
G8D8605E0,tt3501632,v2_completa,cde_33
G8D8F65FF,tt0473075,v2_completa,cde_33
G8DA19CCA,tt0401855,v2_completa,cde_33
G8DA5359A,tt0232500,v2_completa,cde_33
G8DD0A4E2,tt11389872,v2_completa,cde_33
G8DD5FE15,tt0118615,v2_completa,cde_33
G8DDE9AC0,tt0093840,v2_completa,cde_33
G8E000928,tt1034385,v2_completa,cde_33
G8E056864,tt6718170,v2_completa,cde_33
G8E0E0F2B,tt0090354,v2_completa,cde_33
G8E146D94,tt0109445,v2_completa,cde_33
G8E409001,tt1817273,v2_completa,cde_33
G8E45B95F,tt1185376,v2_es3,cde_33
G8E49AD2D,tt0892791,v2_completa,cde_33
G8E6CB255,tt0438097,v2_completa,cde_33
G8E74D27D,tt0088414,v2_completa,cde_33
G8E964EAB,tt0110622,v2_completa,cde_33
G8EE6314A,tt0083624,v2_completa,cde_33
G8F1C4CC2,tt0837562,v2_completa,cde_33
G8F66747F,tt2381941,v2_completa,cde_33
G8F697D15,tt0332280,v2_completa,cde_33
G8F7195BB,tt2527336,v2_completa,cde_33
G8FB2A6A2,tt6146586,v2_completa,cde_33
G8FCB25B2,tt1343092,v2_completa,cde_33
G8FE1150D,tt0085824,v2_completa,cde_33
G8FE3B0FD,tt0083929,v2_completa,cde_33
G902E4059,tt2039345,v2_completa,cde_33
G90342B10,tt1661862,v2_completa,cde_33
G9043451F,tt0113161,v2_completa,cde_33
G904D7F34,tt0108180,v2_completa,cde_33
G9065D3B1,tt0090250,v2_completa,cde_33
G907B2F64,tt1477171,v2_es4,cde_33
G9081D814,tt0308644,v2_completa,cde_33
G90C3E6CA,tt0416320,v2_completa,cde_33
G90FC29B0,tt0086066,v2_completa,cde_33
G9103A984,tt15047880,v2_ext,cde_33
G91069F2F,tt0462499,v2_completa,cde_34
G911A2EA9,tt7959026,v2_completa,cde_34
G91421EF7,tt3385516,v2_completa,cde_34
G914FBF9B,tt0368891,v2_completa,cde_34
G9175DE3E,tt0449059,v2_completa,cde_34
G9185220F,tt11138512,v2_completa,cde_34
G91A1B537,tt16431404,v2_ext,cde_34
G91B6D909,tt0120917,v2_completa,cde_34
G91CF121D,tt12299608,v2_ext,cde_34
G91D23998,tt0119303,v2_completa,cde_34
G91E9B06F,tt0120347,v2_completa,cde_34
G92267499,tt0106598,v2_completa,cde_34
G922B9046,tt0090060,v2_completa,cde_34
G9230B0C7,tt0114148,v2_completa,cde_34
G9233E4DB,tt2126355,v2_completa,cde_34
G9257D907,tt1270798,v2_completa,cde_34
G926B4AA0,tt27403986,v2_completa,cde_34
G92A87F9A,tt17279496,v2_completa,cde_34
G9300C84E,tt3132094,v2_es3,cde_34
G931B79D5,tt3480886,v2_completa,cde_34
G932C2D71,tt0117913,v2_completa,cde_34
G93491269,tt11807888,v2_completa,cde_34
G93549BC4,tt0115798,v2_completa,cde_34
G937CD3E3,tt0476240,v2_es4,cde_34
G938D4E00,tt1629377,v2_completa,cde_34
G9391D581,tt1392190,v2_completa,cde_34
G9419E127,tt0480249,v2_completa,cde_34
G9431AACA,tt0082888,v2_completa,cde_34
G945743F1,tt0770828,v2_completa,cde_34
G946AA0B4,tt1077258,v2_completa,cde_34
G9489507F,tt0094608,v2_completa,cde_34
G94A85766,tt0112851,v2_completa,cde_34
G94B04B75,tt0208092,v2_completa,cde_34
G94B19A20,tt3952900,v2_es4,cde_34
G94DAEBDD,tt4276820,v2_completa,cde_34
G94DC8BB5,tt10374610,v2_ext,cde_34
G94E9D639,tt0121766,v2_completa,cde_34
G950C3366,tt0085271,v2_completa,cde_34
G951F3F1F,tt0352230,v2_es3,cde_34
G951FC0EF,tt0102034,v2_completa,cde_34
G952CABF8,tt2234155,v2_completa,cde_34
G953951E5,tt0119822,v2_completa,cde_34
G953F8F3B,tt0236493,v2_completa,cde_34
G9586DBED,tt0120363,v2_completa,cde_34
G9615D19F,tt6708044,v2_es4,cde_34
G9648ECCA,tt0808151,v2_completa,cde_34
G965A5016,tt0081059,v2_completa,cde_34
G966B0943,tt6347150,v2_es4,cde_34
G96C6151E,tt0111742,v2_completa,cde_34
G96CAB785,tt3711510,v2_completa,cde_34
G96D3C398,tt0100403,v2_completa,cde_34
G96D5C076,tt0080569,v2_completa,cde_34
G96DC243A,tt0110475,v2_completa,cde_34
G96F02741,tt20215968,v2_completa,cde_34
G96F92872,tt15671028,v2_completa,cde_34
G96FA65ED,tt0086200,v2_completa,cde_34
G971085E9,tt31723358,v2_completa,cde_34
G97160126,tt0212854,v2_completa,cde_34
G9775C4DC,tt0084917,v2_completa,cde_34
G97847FE3,tt0088247,v2_completa,cde_34
G979FF924,tt0093493,v2_completa,cde_35
G97D5025D,tt0108550,v2_completa,cde_35
G97FF69A4,tt0121765,v2_completa,cde_35
G98136312,tt0116346,v2_es3,cde_35
G9837561C,tt0285823,v2_completa,cde_35
G98391C8B,tt0107076,v2_completa,cde_35
G98414C19,tt0088794,v2_completa,cde_35
G984F273E,tt1298650,v2_completa,cde_35
G985D6C83,tt1430132,v2_completa,cde_35
G987AEAB5,tt1014759,v2_completa,cde_35
G987F7941,tt0088939,v2_completa,cde_35
G9881CDBF,tt0084707,v2_completa,cde_35
G989FE424,tt3563262,v2_completa,cde_35
G98B2734A,tt0100054,v2_completa,cde_35
G98B423B6,tt2488496,v2_completa,cde_35
G98C97212,tt4046784,v2_completa,cde_35
G98CF489D,tt1078912,v2_completa,cde_35
G98D44A24,tt0352248,v2_completa,cde_35
G98D74FB8,tt0104694,v2_completa,cde_35
G98DB1258,tt15977250,v2_completa,cde_35
G994B67EE,tt0088194,v2_completa,cde_35
G995A839B,tt0281954,v2_es4,cde_35
G99A6FF58,tt0087332,v2_completa,cde_35
G99AE761F,tt0335156,v2_es4,cde_35
G99BD5E76,tt14846026,v2_completa,cde_35
G99D462EF,tt3322940,v2_completa,cde_35
G9A18E3F9,tt1629705,v2_completa,cde_35
G9A1BCBEE,tt5439796,v2_completa,cde_35
G9A2D4477,tt0960144,v2_completa,cde_35
G9A32461A,tt1638355,v2_completa,cde_35
G9A7F3F0C,tt37969901,v2_ext,cde_35
G9ADFE101,tt0320691,v2_completa,cde_35
G9AE6A755,tt0083284,v2_completa,cde_35
G9B04A85B,tt0287467,v2_completa,cde_35
G9B1F23D3,tt4196776,v2_completa,cde_35
G9B46B59F,tt0080354,v2_completa,cde_35
G9B8CBE20,tt2084970,v2_completa,cde_35
G9BBD4BB2,tt2277860,v2_completa,cde_35
G9BE9EA04,tt1772341,v2_completa,cde_35
G9C129A16,tt0266079,v2_completa,cde_35
G9C1634D5,tt0430454,v2_es3,cde_35
G9CCFF908,tt10633456,v2_completa,cde_35
G9CD61D45,tt0080388,v2_completa,cde_35
G9CEC6947,tt8385148,v2_completa,cde_35
G9CF1334F,tt29567915,v2_ext,cde_35
G9CF7625B,tt1670345,v2_completa,cde_35
G9CF7A097,tt0378194,v2_completa,cde_35
G9CFCC822,tt1935859,v2_completa,cde_35
G9D1EC5E1,tt0107977,v2_completa,cde_35
G9D6BFD97,tt0380736,v2_es3,cde_35
G9D75BF77,tt3470600,v2_completa,cde_35
G9DAB424C,tt29355505,v2_ext,cde_35
G9DBBA36F,tt0094012,v2_completa,cde_35
G9DD21FAD,tt0162661,v2_completa,cde_35
G9DD324EC,tt0103893,v2_completa,cde_35
G9DF55FB8,tt0110912,v2_completa,cde_35
G9E342AF0,tt3896100,v2_completa,cde_35
G9E422AC4,tt0085334,v2_completa,cde_35
G9E68142F,tt0479143,v2_completa,cde_35
G9E919F59,tt5950044,v2_ext,cde_35
G9EE86179,tt3521332,v2_es3,cde_36
G9F4D0F3E,tt6704776,v2_completa,cde_36
G9F6A90D1,tt10838180,v2_completa,cde_36
G9FCADDA0,tt0081071,v2_completa,cde_36
G9FF25FAB,tt0349903,v2_completa,cde_36
GA0074F07,tt0203019,v2_completa,cde_36
GA0164172,tt22084616,v2_ext,cde_36
GA02E8B42,tt7336470,v2_es4,cde_36
GA02F5B33,tt22740896,v2_ext,cde_36
GA0637C27,tt0085255,v2_completa,cde_36
GA06B5CE9,tt0110413,v2_completa,cde_36
GA09038EF,tt0986263,v2_completa,cde_36
GA0A90006,tt1125849,v2_completa,cde_36
GA0F1EFD0,tt0082250,v2_completa,cde_36
GA101D2E8,tt0107614,v2_completa,cde_36
GA10A205E,tt0424136,v2_completa,cde_36
GA11AE414,tt0089886,v2_completa,cde_36
GA1267E97,tt0086960,v2_completa,cde_36
GA13C85F5,tt4425200,v2_completa,cde_36
GA164B63F,tt0433035,v2_completa,cde_36
GA1879614,tt2857458,v2_es3,cde_36
GA1CFA6D9,tt0380510,v2_completa,cde_36
GA1E4F28C,tt0092076,v2_completa,cde_36
GA20DAC24,tt1493274,v2_ext,cde_36
GA2115ECA,tt12037194,v2_completa,cde_36
GA223BBFE,tt6806448,v2_completa,cde_36
GA2306106,tt0495219,v2_es4,cde_36
GA232DF62,tt0094862,v2_completa,cde_36
GA2720256,tt0970469,v2_completa,cde_36
GA299B0A3,tt11291274,v2_completa,cde_36
GA2B117A2,tt4649466,v2_completa,cde_36
GA2E14E72,tt0120890,v2_completa,cde_36
GA2E5B779,tt0415306,v2_completa,cde_36
GA3695867,tt4034228,v2_completa,cde_36
GA3875C35,tt5004766,v2_es3,cde_36
GA3952B40,tt0397065,v2_completa,cde_36
GA3D10832,tt1408101,v2_completa,cde_36
GA3D73D56,tt0085382,v2_completa,cde_36
GA3E21201,tt0290334,v2_completa,cde_36
GA3F59329,tt0315327,v2_completa,cde_36
GA3F75163,tt0097733,v2_completa,cde_36
GA43DAE9D,tt0758758,v2_completa,cde_36
GA4565FFB,tt4359330,v2_completa,cde_36
GA4837D3D,tt1111890,v2_completa,cde_36
GA4EC6A2C,tt0118928,v2_completa,cde_36
GA4FDB9C4,tt2543164,v2_completa,cde_36
GA52B935E,tt0337978,v2_completa,cde_36
GA5455EB7,tt2557490,v2_completa,cde_36
GA59B4BC1,tt0325710,v2_completa,cde_36
GA5DFEFFD,tt0085333,v2_completa,cde_36
GA5E22C43,tt1371111,v2_completa,cde_36
GA5E783D7,tt0257044,v2_completa,cde_36
GA5EE2848,tt0172493,v2_completa,cde_36
GA6539F19,tt0097240,v2_completa,cde_36
GA654715E,tt34685692,v2_ext,cde_36
GA666A62F,tt5862312,v2_completa,cde_36
GA66AE035,tt0099685,v2_completa,cde_36
GA6934438,tt0387808,v2_completa,cde_36
GA6ADA519,tt1429433,v2_es4,cde_36
GA6E0DB2A,tt0942385,v2_completa,cde_36
GA7042E52,tt0083859,v2_completa,cde_37
GA7172D9D,tt2463208,v2_completa,cde_37
GA72D60B7,tt0146838,v2_completa,cde_37
GA759DDFD,tt5442430,v2_completa,cde_37
GA768DC58,tt0253556,v2_completa,cde_37
GA7899F2F,tt1895587,v2_completa,cde_37
GA7B9F806,tt0097770,v2_completa,cde_37
GA7D9D2A6,tt4034208,v2_es4,cde_37
GA7DB35A4,tt1060277,v2_completa,cde_37
GA85B9C7E,tt0080319,v2_completa,cde_37
GA86A7CAE,tt1860357,v2_completa,cde_37
GA8716758,tt0085862,v2_completa,cde_37
GA8BE4813,tt0429715,v2_completa,cde_37
GA8C2DF80,tt4356480,v2_completa,cde_37
GA8C610CB,tt4154664,v2_completa,cde_37
GA8E61B99,tt13014746,v2_es3,cde_37
GA8EF1FD2,tt0097474,v2_completa,cde_37
GA92D73BC,tt0094737,v2_completa,cde_37
GA94585A4,tt0162556,v2_completa,cde_37
GA948EADA,tt0082118,v2_completa,cde_37
GA96F11E8,tt0083336,v2_completa,cde_37
GA9B9F473,tt1437358,v2_completa,cde_37
GA9CB87B6,tt0110989,v2_completa,cde_37
GA9EEB945,tt0477348,v2_completa,cde_37
GA9F3C079,tt4779682,v2_completa,cde_37
GAA0ACD7B,tt0450259,v2_completa,cde_37
GAA2177C0,tt0109372,v2_completa,cde_37
GAA39A274,tt1931533,v2_completa,cde_37
GAA71C2C6,tt6127004,v2_completa,cde_37
GAAD5CA9A,tt0104389,v2_completa,cde_37
GAAF86794,tt0088944,v2_completa,cde_37
GAAF8F453,tt0261392,v2_completa,cde_37
GAB1C07E1,tt1525915,v2_es3,cde_37
GAB254A3E,tt1872181,v2_completa,cde_37
GAB28DCE1,tt1243375,v2_es3,cde_37
GAB37DCA0,tt1790864,v2_completa,cde_37
GAB4EDC92,tt0090636,v2_completa,cde_37
GAB7D8377,tt0218967,v2_completa,cde_37
GAB8B9A87,tt0438488,v2_completa,cde_37
GAB94E0DC,tt0289992,v2_completa,cde_37
GABCDBB63,tt0088847,v2_completa,cde_37
GABCF2BFF,tt0146882,v2_completa,cde_37
GABDC8EAC,tt3230668,v2_completa,cde_37
GABF6E08B,tt14966898,v2_completa,cde_37
GABFD2A98,tt0112697,v2_completa,cde_37
GAC03DC9B,tt0109686,v2_completa,cde_37
GAC216460,tt0107978,v2_completa,cde_37
GAC23E9C2,tt0088930,v2_completa,cde_37
GAC43A539,tt2955316,v2_completa,cde_37
GAC555853,tt0102266,v2_completa,cde_37
GAC5ED703,tt0117333,v2_completa,cde_37
GACADC3D6,tt0108147,v2_completa,cde_37
GACB0F9DD,tt0090756,v2_completa,cde_37
GAD37AF61,tt0307901,v2_completa,cde_37
GAD59DE32,tt1055369,v2_completa,cde_37
GAD5DF706,tt0105265,v2_completa,cde_37
GAD9BA639,tt0475394,v2_completa,cde_37
GADD5CC29,tt7737786,v2_completa,cde_37
GADDA54CE,tt3606756,v2_completa,cde_37
GADF0A5B5,tt1959490,v2_completa,cde_37
GADF959F9,tt0098536,v2_completa,cde_38
GAE521995,tt0212346,v2_completa,cde_38
GAE6CDF61,tt0083190,v2_completa,cde_38
GAEBEC823,tt0089218,v2_completa,cde_38
GAF1A35B8,tt0093409,v2_completa,cde_38
GAF352354,tt0096244,v2_completa,cde_38
GAF5B45DD,tt0120794,v2_completa,cde_38
GAF62CA76,tt1637688,v2_completa,cde_38
GAFAF5795,tt0101317,v2_completa,cde_38
GAFE52CB0,tt0367193,v2_es4,cde_38
GB03968A9,tt2094766,v2_completa,cde_38
GB0487EA7,tt0089114,v2_completa,cde_38
GB088C167,tt0093412,v2_completa,cde_38
GB0B28A19,tt10483152,v2_completa,cde_38
GB0E4B957,tt0119528,v2_completa,cde_38
GB0FEF389,tt0100814,v2_completa,cde_38
GB1641A0D,tt12618926,v2_completa,cde_38
GB16F4227,tt1655441,v2_completa,cde_38
GB172C1B0,tt1854513,v2_completa,cde_38
GB17FF74D,tt32357218,v2_ext,cde_38
GB190AB43,tt1489887,v2_completa,cde_38
GB1ABA215,tt0082198,v2_completa,cde_38
GB1B132A9,tt0096928,v2_completa,cde_38
GB23C5BC1,tt1853728,v2_completa,cde_38
GB2461A83,tt26931994,v2_ext,cde_38
GB2A5D380,tt8106534,v2_completa,cde_38
GB2E9DDEE,tt0388795,v2_completa,cde_38
GB3232881,tt1152836,v2_completa,cde_38
GB3240E27,tt0488120,v2_completa,cde_38
GB3405690,tt0477347,v2_completa,cde_38
GB342CEB8,tt0988595,v2_completa,cde_38
GB3591FE1,tt0111161,v2_completa,cde_38
GB3615A62,tt1986825,v2_es4,cde_38
GB36A54EA,tt0356150,v2_completa,cde_38
GB38BB778,tt0114746,v2_completa,cde_38
GB39B4902,tt14905854,v2_ext,cde_38
GB39B9CCB,tt0086034,v2_completa,cde_38
GB3B89694,tt0099528,v2_completa,cde_38
GB3CBE1F1,tt2096673,v2_completa,cde_38
GB3E811CD,tt0099088,v2_completa,cde_38
GB3F3A469,tt6644200,v2_completa,cde_38
GB4407639,tt0104254,v2_completa,cde_38
GB45AB8B7,tt8784956,v2_completa,cde_38
GB45C80CA,tt0097757,v2_completa,cde_38
GB47D2B46,tt0105414,v2_completa,cde_38
GB48B15F2,tt10978398,v2_completa,cde_38
GB4A5F698,tt10648342,v2_completa,cde_38
GB4D85D3B,tt0781533,v2_es3,cde_38
GB50C52C2,tt0117665,v2_completa,cde_38
GB521754F,tt1872194,v2_completa,cde_38
GB53B49B4,tt0119190,v2_completa,cde_38
GB53D505A,tt0102788,v2_completa,cde_38
GB540A038,tt0182789,v2_completa,cde_38
GB547D245,tt2345759,v2_completa,cde_38
GB54CF98D,tt17490712,v2_ext,cde_38
GB565B236,tt0126886,v2_completa,cde_38
GB567AD59,tt0086006,v2_completa,cde_38
GB590E1E0,tt6565702,v2_completa,cde_38
GB5B8D89F,tt0493464,v2_completa,cde_38
GB5CE1444,tt2709768,v2_completa,cde_38
GB5DA7E34,tt5727208,v2_completa,cde_39
GB6398ECC,tt0094761,v2_completa,cde_39
GB64F2801,tt0222368,v2_completa,cde_39
GB64F5855,tt0369702,v2_completa,cde_39
GB6B0F267,tt27599713,v2_completa,cde_39
GB6C229F3,tt6166392,v2_completa,cde_39
GB6C7CEC5,tt0116409,v2_completa,cde_39
GB6E57229,tt9742794,v2_completa,cde_39
GB6E8FA36,tt0101757,v2_completa,cde_39
GB7028080,tt0081398,v2_completa,cde_39
GB70B1959,tt0095776,v2_completa,cde_39
GB78BF5EE,tt0140352,v2_completa,cde_39
GB790CEB3,tt0089945,v2_completa,cde_39
GB79AC350,tt5537002,v2_completa,cde_39
GB7AB54FE,tt0102768,v2_completa,cde_39
GB7ACF497,tt0396269,v2_completa,cde_39
GB7CBDF01,tt0936501,v2_completa,cde_39
GB7F2767F,tt0090357,v2_completa,cde_39
GB8B8088A,tt32298285,v2_ext,cde_39
GB8C6A590,tt0086320,v2_completa,cde_39
GB8ED9D74,tt0163025,v2_completa,cde_39
GB8EE1203,tt1618434,v2_completa,cde_39
GB9170FAB,tt0091495,v2_completa,cde_39
GB92B95DE,tt0093640,v2_completa,cde_39
GB94ACEB7,tt2554274,v2_completa,cde_39
GB95AF9BC,tt0117060,v2_completa,cde_39
GB968AF8B,tt5462400,v2_es3,cde_39
GB99BF8D8,tt0133240,v2_completa,cde_39
GB99F20C6,tt1726888,v2_es3,cde_39
GB9D88CB2,tt0083642,v2_completa,cde_39
GB9F08B13,tt0099703,v2_completa,cde_39
GB9F68369,tt0093378,v2_completa,cde_39
GBA1C4810,tt0116274,v2_completa,cde_39
GBA5E8134,tt0081506,v2_completa,cde_39
GBA9D7FCB,tt0098384,v2_completa,cde_39
GBAAB87E5,tt1757678,v2_ext,cde_39
GBAB2E050,tt1100112,v2_es3,cde_39
GBAB4508D,tt14463484,v2_completa,cde_39
GBADCB988,tt0425210,v2_completa,cde_39
GBB743B00,tt10514222,v2_completa,cde_39
GBB761566,tt0082945,v2_completa,cde_39
GBB86DEC7,tt0084874,v2_completa,cde_39
GBB8859F8,tt0261190,v2_completa,cde_39
GBB95641C,tt22687790,v2_completa,cde_39
GBBE356FB,tt2302755,v2_completa,cde_39
GBBE7D340,tt1922777,v2_completa,cde_39
GBC06CDEB,tt3420504,v2_completa,cde_39
GBC24EA6F,tt0107688,v2_completa,cde_39
GBC613657,tt0080339,v2_completa,cde_39
GBC6196DC,tt1245112,v2_completa,cde_39
GBC7D0F6E,tt0319262,v2_completa,cde_39
GBD524A66,tt0097239,v2_completa,cde_39
GBD6AB83B,tt7144666,v2_completa,cde_39
GBDA48A42,tt33046197,v2_ext,cde_39
GBDF434F4,tt4110388,v2_completa,cde_39
GBE2E27FE,tt0116209,v2_completa,cde_39
GBE2F5EF1,tt0116253,v2_completa,cde_39
GBE4F74D0,tt0405159,v2_completa,cde_39
GBEBB9851,tt0338526,v2_completa,cde_39
GBECA1322,tt0434304,v2_completa,cde_39
GBED1B6C1,tt0910936,v2_completa,cde_40
GBED51CC8,tt0206634,v2_completa,cde_40
GBEE5F28F,tt6857112,v2_completa,cde_40
GBF102671,tt0117998,v2_completa,cde_40
GBF16C2E5,tt1907668,v2_completa,cde_40
GBF1B6924,tt7068946,v2_ext,cde_40
GBF1B924D,tt10548174,v2_ext,cde_40
GBF7B60CD,tt28088049,v2_ext,cde_40
GBF836213,tt32538648,v2_ext,cde_40
GBF90F266,tt0477080,v2_completa,cde_40
GBFA45B7A,tt32890033,v2_ext,cde_40
GBFB493B9,tt2333784,v2_completa,cde_40
GBFB6955F,tt0414982,v2_completa,cde_40
GBFC92CAF,tt0190138,v2_completa,cde_40
GBFE59C24,tt1690953,v2_completa,cde_40
GBFF9938C,tt2771200,v2_completa,cde_40
GC01F9668,tt0106246,v2_completa,cde_40
GC02BF51B,tt0117571,v2_completa,cde_40
GC02F75B6,tt0082210,v2_completa,cde_40
GC031E738,tt0109075,v2_completa,cde_40
GC03CDB42,tt0293429,v2_completa,cde_40
GC04181BC,tt0116629,v2_completa,cde_40
GC09C0F9A,tt0418279,v2_completa,cde_40
GC0B07A5A,tt0086567,v2_completa,cde_40
GC0E5D8A1,tt0133093,v2_completa,cde_40
GC110368C,tt0097576,v2_completa,cde_40
GC116BB53,tt0083972,v2_completa,cde_40
GC12B745E,tt0106977,v2_completa,cde_40
GC133B9DF,tt0086197,v2_completa,cde_40
GC146BDC7,tt0107943,v2_completa,cde_40
GC1657269,tt1458175,v2_completa,cde_40
GC165DACD,tt0120201,v2_completa,cde_40
GC1BF6293,tt3450958,v2_completa,cde_40
GC1D29F67,tt0109506,v2_completa,cde_40
GC1DB8CF3,tt0328828,v2_completa,cde_40
GC20B4E48,tt27534307,v2_completa,cde_40
GC23602E8,tt31227572,v2_ext,cde_40
GC23B1D9C,tt2109248,v2_completa,cde_40
GC23E869E,tt0120663,v2_completa,cde_40
GC259A671,tt0452608,v2_completa,cde_40
GC29C32DA,tt0106251,v2_completa,cde_40
GC2ACFD97,tt0286971,v2_es4,cde_40
GC2E73229,tt3467412,v2_completa,cde_40
GC2EFF9C8,tt1216475,v2_completa,cde_40
GC362635E,tt0115487,v2_completa,cde_40
GC38D50C9,tt0091326,v2_completa,cde_40
GC38EB2A0,tt1649419,v2_completa,cde_40
GC3B55D0B,tt0106701,v2_completa,cde_40
GC3CB9976,tt0101889,v2_completa,cde_40
GC3D709FF,tt0093565,v2_completa,cde_40
GC3D71873,tt10016180,v2_completa,cde_40
GC3EDC1EB,tt0133751,v2_completa,cde_40
GC4217891,tt1417108,v2_completa,cde_40
GC42A4F8E,tt3089326,v2_completa,cde_40
GC42B6DCC,tt0163978,v2_completa,cde_40
GC45397EC,tt0272152,v2_completa,cde_40
GC460A603,tt1016301,v2_completa,cde_40
GC491800A,tt1937149,v2_completa,cde_40
GC4DBED42,tt0167260,v2_completa,cde_40
GC530BD3A,tt0371746,v2_completa,cde_40
GC56D983D,tt0486576,v2_completa,cde_41
GC5849C18,tt6966692,v2_completa,cde_41
GC58D55ED,tt0408790,v2_completa,cde_41
GC58E1550,tt0463985,v2_completa,cde_41
GC5960CB9,tt6266538,v2_completa,cde_41
GC5E09CD2,tt0822854,v2_completa,cde_41
GC5EF86DF,tt0384793,v2_completa,cde_41
GC5FEBB42,tt0109444,v2_completa,cde_41
GC612580C,tt0120655,v2_completa,cde_41
GC6178BF6,tt6139732,v2_completa,cde_41
GC6605178,tt0083833,v2_completa,cde_41
GC66DCDAF,tt0985694,v2_completa,cde_41
GC692A3B3,tt1745960,v2_completa,cde_41
GC6DA5DD4,tt0089941,v2_completa,cde_41
GC6E78445,tt0090728,v2_completa,cde_41
GC71C4689,tt3079380,v2_completa,cde_41
GC737F944,tt6628394,v2_completa,cde_41
GC7538D78,tt0100029,v2_completa,cde_41
GC763A530,tt8561690,v2_es3,cde_41
GC784F650,tt0107165,v2_completa,cde_41
GC792DFE0,tt3659388,v2_completa,cde_41
GC7C58FD3,tt0090056,v2_completa,cde_41
GC7D69C48,tt0385880,v2_completa,cde_41
GC7FCE9CB,tt0109254,v2_completa,cde_41
GC80C92DA,tt13143964,v2_completa,cde_41
GC813586E,tt0116040,v2_completa,cde_41
GC83E2E64,tt0119395,v2_completa,cde_41
GC83E4550,tt2404738,v2_completa,cde_41
GC85D525B,tt0259711,v2_completa,cde_41
GC85F64F6,tt0094332,v2_completa,cde_41
GC88F32AF,tt0097113,v2_completa,cde_41
GC89C11C4,tt0082427,v2_completa,cde_41
GC8A158EF,tt0094602,v2_completa,cde_41
GC8A7131B,tt0089175,v2_completa,cde_41
GC8B7A473,tt1392214,v2_completa,cde_41
GC8C14986,tt0395173,v2_es3,cde_41
GC9191264,tt0100994,v2_completa,cde_41
GC9251AE9,tt0840361,v2_completa,cde_41
GC925BBB4,tt0125936,v2_completa,cde_41
GC93A2C61,tt0478311,v2_completa,cde_41
GC970AFD6,tt0100050,v2_completa,cde_41
GC9B8033D,tt0084726,v2_completa,cde_41
GC9DE112A,tt0389860,v2_completa,cde_41
GCA08C306,tt23468450,v2_completa,cde_41
GCA28D456,tt0120586,v2_completa,cde_41
GCA4CE7EF,tt11658120,v2_completa,cde_41
GCA4FA572,tt0441297,v2_completa,cde_41
GCA5FD7ED,tt0144117,v2_completa,cde_41
GCAB4188C,tt32376165,v2_ext,cde_41
GCACD84D4,tt6053948,v2_completa,cde_41
GCAE1E62E,tt3169770,v2_completa,cde_41
GCAFDA321,tt0120338,v2_completa,cde_41
GCB1B48D7,tt0102526,v2_completa,cde_41
GCB3CC29B,tt0482473,v2_es3,cde_41
GCB3D9A81,tt9616700,v2_completa,cde_41
GCB848E0C,tt0086465,v2_completa,cde_41
GCB97A9FA,tt1399103,v2_completa,cde_41
GCBBDC5DC,tt0167190,v2_completa,cde_41
GCC033FA4,tt0366551,v2_completa,cde_41
GCC4C6FD6,tt5129510,v2_es3,cde_41
GCC51D0EA,tt0479884,v2_completa,cde_42
GCC5DBF80,tt0106611,v2_completa,cde_42
GCC7A1216,tt1764651,v2_completa,cde_42
GCC8643A8,tt0114388,v2_completa,cde_42
GCCC4DCF8,tt0332743,v2_es3,cde_42
GCCF9268D,tt14364480,v2_ext,cde_42
GCD010E8C,tt0097998,v2_completa,cde_42
GCD126EBC,tt0427944,v2_completa,cde_42
GCD2291EC,tt21113962,v2_completa,cde_42
GCD513387,tt0120694,v2_completa,cde_42
GCD52AB3B,tt0084855,v2_completa,cde_42
GCD5B2DBC,tt0365737,v2_completa,cde_42
GCD9F8C45,tt0082776,v2_completa,cde_42
GCDE2EF00,tt2278388,v2_completa,cde_42
GCDE7F6CA,tt0993846,v2_completa,cde_42
GCDFD0747,tt0263488,v2_completa,cde_42
GCE16088E,tt0084649,v2_completa,cde_42
GCE2CFD0C,tt3289362,v2_es3,cde_42
GCE405C52,tt0315000,v2_es3,cde_42
GCE6376DB,tt27714946,v2_ext,cde_42
GCE8AF201,tt2411144,v2_es3,cde_42
GCEA962E9,tt32916440,v2_ext,cde_42
GCEEC019A,tt0113649,v2_completa,cde_42
GCF0512CE,tt0314331,v2_completa,cde_42
GCF1E528A,tt4589218,v2_completa,cde_42
GCF33A2BC,tt0089791,v2_completa,cde_42
GCF51199D,tt3170832,v2_completa,cde_42
GCF589C14,tt0095489,v2_completa,cde_42
GCF801C83,tt0091042,v2_completa,cde_42
GCF99B393,tt1713440,v2_completa,cde_42
GCFCC9B27,tt1121931,v2_completa,cde_42
GCFD50C03,tt0101507,v2_completa,cde_42
GD006A1B8,tt0118880,v2_completa,cde_42
GD02B0177,tt0175142,v2_completa,cde_42
GD0379663,tt0098067,v2_completa,cde_42
GD062F8F5,tt1259521,v2_completa,cde_42
GD0686E41,tt2719848,v2_completa,cde_42
GD08B8EE4,tt2386490,v2_completa,cde_42
GD0996778,tt0413300,v2_completa,cde_42
GD0CD96A4,tt0106918,v2_completa,cde_42
GD117F12F,tt7104984,v2_completa,cde_42
GD159CF85,tt2229499,v2_completa,cde_42
GD15E2431,tt3469798,v2_completa,cde_42
GD21A75A9,tt0168749,v2_completa,cde_42
GD226A4E2,tt0464141,v2_completa,cde_42
GD24CDCD5,tt1010415,v2_es4,cde_42
GD26DB328,tt0095294,v2_completa,cde_42
GD28D078A,tt0405422,v2_completa,cde_42
GD2BE0BFB,tt0104774,v2_completa,cde_42
GD2DBB099,tt0168629,v2_completa,cde_42
GD300EB45,tt1568346,v2_completa,cde_42
GD34F2A19,tt0800369,v2_completa,cde_42
GD350FF9B,tt0105690,v2_completa,cde_42
GD3666B75,tt0425758,v2_es4,cde_42
GD378D891,tt14173636,v2_ext,cde_42
GD3821847,tt0134273,v2_completa,cde_42
GD3B78A40,tt1190080,v2_completa,cde_42
GD3C20B10,tt0080453,v2_completa,cde_42
GD3C89DF2,tt0094025,v2_completa,cde_42
GD3CCCBB5,tt0097523,v2_completa,cde_42
GD3DB9C7A,tt1155056,v2_completa,cde_43
GD3EB7B10,tt0108356,v2_completa,cde_43
GD40E0877,tt1436562,v2_completa,cde_43
GD4127B83,tt3902698,v2_es3,cde_43
GD426F9DE,tt1979320,v2_completa,cde_43
GD428BEBD,tt1517451,v2_completa,cde_43
GD43F0EEE,tt0120889,v2_completa,cde_43
GD46924B6,tt0276863,v2_es3,cde_43
GD47F4D3E,tt0113118,v2_completa,cde_43
GD482A8CC,tt13323118,v2_completa,cde_43
GD48B56C9,tt0382932,v2_completa,cde_43
GD4A8728A,tt2446042,v2_completa,cde_43
GD4C1794E,tt0795421,v2_completa,cde_43
GD4EF0BB7,tt0118842,v2_completa,cde_43
GD4F68941,tt0103776,v2_completa,cde_43
GD54F74B1,tt0108355,v2_completa,cde_43
GD5643547,tt0087050,v2_completa,cde_43
GD572715F,tt0082416,v2_completa,cde_43
GD5B35D5D,tt0105438,v2_completa,cde_43
GD5EFF86E,tt4806012,v2_es4,cde_43
GD5F3E45A,tt0395296,v2_es4,cde_43
GD61C18CD,tt2980516,v2_completa,cde_43
GD61EB881,tt1651143,v2_es3,cde_43
GD65202EC,tt0235412,v2_completa,cde_43
GD674C8FA,tt0093148,v2_completa,cde_43
GD7861213,tt1340138,v2_completa,cde_43
GD786F2F7,tt0095053,v2_completa,cde_43
GD79FAA63,tt0101917,v2_completa,cde_43
GD7F1FDFC,tt9519642,v2_completa,cde_43
GD7F446E5,tt1639826,v2_completa,cde_43
GD80F0B6C,tt0119623,v2_completa,cde_43
GD84653CE,tt0404552,v2_es3,cde_43
GD84D3CB1,tt14209916,v2_completa,cde_43
GD888328F,tt0899043,v2_ext,cde_43
GD88FEF67,tt0424095,v2_completa,cde_43
GD8922E82,tt0190552,v2_es3,cde_43
GD8C71A4B,tt0104545,v2_completa,cde_43
GD8D52ADA,tt1637725,v2_completa,cde_43
GD8D8A591,tt0364725,v2_completa,cde_43
GD8D9B051,tt0081323,v2_completa,cde_43
GD905CDB8,tt0120484,v2_completa,cde_43
GD966D6B1,tt0367882,v2_completa,cde_43
GD967A6C6,tt0120903,v2_completa,cde_43
GD970156E,tt0232492,v2_es3,cde_43
GD9999100,tt2209764,v2_completa,cde_43
GD9B6D335,tt0369441,v2_completa,cde_43
GD9C3A9C2,tt0856776,v2_es3,cde_43
GD9CE444B,tt0088889,v2_completa,cde_43
GD9F3DCF9,tt0995829,v2_completa,cde_43
GDA1A6136,tt0410316,v2_es3,cde_43
GDA8168ED,tt3062096,v2_completa,cde_43
GDAD471D6,tt0118583,v2_completa,cde_43
GDAE366FD,tt0080520,v2_completa,cde_43
GDAE8D4E9,tt0332452,v2_completa,cde_43
GDAF348AD,tt0109830,v2_completa,cde_43
GDB292F6F,tt0120587,v2_completa,cde_43
GDB74673D,tt1816608,v2_es3,cde_43
GDBA4ED22,tt0110568,v2_completa,cde_43
GDBB9DA1D,tt1235841,v2_completa,cde_43
GDC0B06A2,tt0120274,v2_completa,cde_43
GDC2B19D7,tt0167404,v2_completa,cde_44
GDC337716,tt0084695,v2_completa,cde_44
GDC7FF50C,tt0080855,v2_completa,cde_44
GDCA2283F,tt0080472,v2_completa,cde_44
GDCEF0846,tt5176252,v2_completa,cde_44
GDCF42F9B,tt0762125,v2_completa,cde_44
GDD58B0C9,tt1718747,v2_es3,cde_44
GDD5DE10E,tt0096446,v2_completa,cde_44
GDD630E58,tt2737304,v2_completa,cde_44
GDD730847,tt0082979,v2_completa,cde_44
GDD8B69F9,tt0083232,v2_completa,cde_44
GDDA60A2C,tt15789472,v2_completa,cde_44
GDDA9F797,tt0107144,v2_completa,cde_44
GDDC056E2,tt32141377,v2_ext,cde_44
GDE0A5D10,tt0304141,v2_completa,cde_44
GDE1194E3,tt0292886,v2_completa,cde_44
GDE3DDCB1,tt1631867,v2_completa,cde_44
GDE730016,tt0119248,v2_completa,cde_44
GDE7592A8,tt0110036,v2_completa,cde_44
GDF089174,tt0146675,v2_completa,cde_44
GDF3A63DB,tt0110216,v2_completa,cde_44
GDFCF1017,tt0085636,v2_completa,cde_44
GDFCF318D,tt0120685,v2_completa,cde_44
GDFDCDDB1,tt0107302,v2_completa,cde_44
GDFE6C9BA,tt0254455,v2_completa,cde_44
GDFF227D5,tt0164052,v2_completa,cde_44
GDFFD4FC5,tt0887912,v2_completa,cde_44
GE0347919,tt1951266,v2_completa,cde_44
GE05B24D8,tt34611082,v2_ext,cde_44
GE07A54EB,tt0120868,v2_completa,cde_44
GE07D1A5A,tt31434639,v2_ext,cde_44
GE0862149,tt11655566,v2_ext,cde_44
GE0B7D205,tt0306047,v2_completa,cde_44
GE1001660,tt0420223,v2_completa,cde_44
GE131CEC5,tt0113783,v2_completa,cde_44
GE159D998,tt1120985,v2_completa,cde_44
GE1AA388D,tt7286456,v2_completa,cde_44
GE1DDA97D,tt0142342,v2_completa,cde_44
GE1F0E607,tt0385752,v2_completa,cde_44
GE1F620E6,tt0425061,v2_completa,cde_44
GE2018A89,tt0095690,v2_completa,cde_44
GE235B47C,tt5052448,v2_completa,cde_44
GE24C6137,tt0974661,v2_completa,cde_44
GE261C59D,tt0385703,v2_completa,cde_44
GE265068A,tt0414387,v2_completa,cde_44
GE2A26E56,tt0085327,v2_completa,cde_44
GE2B7A8E8,tt0448404,v2_es4,cde_44
GE2B804BF,tt0327056,v2_completa,cde_44
GE362550A,tt6208148,v2_ext,cde_44
GE3D53647,tt0102536,v2_completa,cde_44
GE3FAFC84,tt0093779,v2_completa,cde_44
GE433E442,tt35513027,v2_ext,cde_44
GE44405A8,tt8404614,v2_completa,cde_44
GE451DCBA,tt6908274,v2_completa,cde_44
GE45C2E93,tt0120601,v2_completa,cde_44
GE462B6DC,tt10640346,v2_completa,cde_44
GE46411FA,tt0114709,v2_completa,cde_44
GE48E363C,tt0093437,v2_completa,cde_44
GE494AC79,tt0082511,v2_completa,cde_44
GE4A63E9C,tt0118822,v2_completa,cde_44
GE4A9698D,tt1798709,v2_completa,cde_45
GE4B91CDB,tt0084602,v2_completa,cde_45
GE4BB9FE5,tt0105793,v2_completa,cde_45
GE4CA54CE,tt1779826,v2_es4,cde_45
GE4CE4D67,tt0120657,v2_completa,cde_45
GE513E874,tt2515030,v2_completa,cde_45
GE52566EB,tt1465522,v2_completa,cde_45
GE5318E4F,tt0112641,v2_completa,cde_45
GE5363F01,tt0098258,v2_completa,cde_45
GE55DDF41,tt0454945,v2_completa,cde_45
GE5CEFAF7,tt1226229,v2_completa,cde_45
GE5D04809,tt0800039,v2_completa,cde_45
GE5D1465D,tt0449088,v2_completa,cde_45
GE6095963,tt0177747,v2_completa,cde_45
GE60A1671,tt1924273,v2_completa,cde_45
GE646BF34,tt2802144,v2_completa,cde_45
GE69C5566,tt0092982,v2_completa,cde_45
GE6DB0034,tt0082259,v2_completa,cde_45
GE6E455CF,tt14257582,v2_completa,cde_45
GE6F7AE81,tt0107290,v2_completa,cde_45
GE717152A,tt0105323,v2_completa,cde_45
GE77123AC,tt3253930,v2_completa,cde_45
GE77B83DC,tt0113243,v2_completa,cde_45
GE7914F57,tt1220634,v2_completa,cde_45
GE7AAA6F8,tt33100314,v2_ext,cde_45
GE7C476BD,tt0120630,v2_completa,cde_45
GE8100D6B,tt0244244,v2_completa,cde_45
GE81FE841,tt0095125,v2_completa,cde_45
GE82DBBF6,tt2515034,v2_completa,cde_45
GE832B740,tt0333766,v2_completa,cde_45
GE861F7A1,tt0104437,v2_completa,cde_45
GE868732E,tt0125659,v2_completa,cde_45
GE89D14C9,tt11127690,v2_completa,cde_45
GE8A286DD,tt0120855,v2_completa,cde_45
GE8DDD1C1,tt6412452,v2_completa,cde_45
GE95EFCB4,tt1277953,v2_completa,cde_45
GE969590A,tt0120179,v2_completa,cde_45
GE969C63F,tt1172974,v2_completa,cde_45
GE9B0BEE1,tt3626742,v2_completa,cde_45
GE9E57F89,tt4500922,v2_completa,cde_45
GEA2D52E2,tt1971325,v2_completa,cde_45
GEA3D6F8D,tt0094006,v2_completa,cde_45
GEA4ACF02,tt0108160,v2_completa,cde_45
GEA53EBE6,tt0103060,v2_completa,cde_45
GEA5F11A7,tt0122933,v2_completa,cde_45
GEA9D5928,tt0976051,v2_completa,cde_45
GEAA08974,tt0212338,v2_completa,cde_45
GEAA97496,tt0089752,v2_completa,cde_45
GEAAB64F9,tt1648216,v2_completa,cde_45
GEAB44DA1,tt0382625,v2_completa,cde_45
GEAF03F9F,tt4777008,v2_completa,cde_45
GEB0DBDFA,tt27681354,v2_ext,cde_45
GEB41F78B,tt0101745,v2_completa,cde_45
GEB43FF5F,tt1272013,v2_es3,cde_45
GEB588289,tt0086129,v2_completa,cde_45
GEBA3ABAA,tt1731141,v2_completa,cde_45
GEBCB0E3E,tt0116367,v2_completa,cde_45
GEBF2A440,tt0090022,v2_completa,cde_45
GEBF313BE,tt5693136,v2_es3,cde_45
GEC384814,tt0399295,v2_completa,cde_45
GEC4E069D,tt0371724,v2_completa,cde_46
GEC63A76D,tt0242285,v2_completa,cde_46
GEC87414D,tt5456104,v2_es4,cde_46
GECA6AE47,tt0087995,v2_completa,cde_46
GECC99C7D,tt1197624,v2_completa,cde_46
GECDABB7F,tt0105695,v2_completa,cde_46
GED1A077C,tt0108037,v2_completa,cde_46
GED37DB3A,tt1235830,v2_completa,cde_46
GEDDC5935,tt0097493,v2_completa,cde_46
GEDE7F12A,tt1564367,v2_completa,cde_46
GEE1CD4C8,tt0275491,v2_completa,cde_46
GEE34D91F,tt0087182,v2_completa,cde_46
GEE4A43CA,tt0103772,v2_completa,cde_46
GEE63FA11,tt0300016,v2_es4,cde_46
GEE6D0583,tt1305806,v2_completa,cde_46
GEE7596D1,tt0111301,v2_completa,cde_46
GEF024305,tt0082010,v2_completa,cde_46
GEF0494A4,tt0091187,v2_completa,cde_46
GEF295811,tt1119646,v2_completa,cde_46
GEF387517,tt18315204,v2_completa,cde_46
GEF889F97,tt0275681,v2_es3,cde_46
GEFCBAF24,tt0085374,v2_completa,cde_46
GEFDE5DE4,tt27543632,v2_ext,cde_46
GF0126A2B,tt0435761,v2_completa,cde_46
GF02D0587,tt0339489,v2_completa,cde_46
GF065E00A,tt0097815,v2_completa,cde_46
GF07C1BAF,tt21909764,v2_completa,cde_46
GF090559C,tt0427582,v2_completa,cde_46
GF091CF4D,tt1279935,v2_completa,cde_46
GF0A6DC96,tt0099044,v2_completa,cde_46
GF0E6F50D,tt3829266,v2_completa,cde_46
GF0F3EAFE,tt5897636,v2_completa,cde_46
GF100F941,tt0090142,v2_completa,cde_46
GF11D37F6,tt0114214,v2_completa,cde_46
GF11D82FC,tt0138097,v2_completa,cde_46
GF145CB39,tt0099371,v2_completa,cde_46
GF198C8DE,tt36456563,v2_ext,cde_46
GF19B2F74,tt1560220,v2_completa,cde_46
GF1BF42AC,tt7295450,v2_completa,cde_46
GF1F33F84,tt0098621,v2_completa,cde_46
GF201E10A,tt0338013,v2_completa,cde_46
GF2104629,tt13238346,v2_completa,cde_46
GF21140C2,tt0115950,v2_completa,cde_46
GF26EF5AF,tt1467391,v2_completa,cde_46
GF2A186B1,tt0102945,v2_completa,cde_46
GF2AED946,tt9484998,v2_completa,cde_46
GF2BCAA7B,tt0265459,v2_completa,cde_46
GF2CD83BA,tt0094142,v2_completa,cde_46
GF2D3C8BF,tt14205554,v2_ext,cde_46
GF2DB3D49,tt0097958,v2_completa,cde_46
GF30DC8E3,tt1386703,v2_completa,cde_46
GF31A2725,tt2380307,v2_completa,cde_46
GF31BB7F1,tt0395169,v2_completa,cde_46
GF32F805A,tt4550098,v2_completa,cde_46
GF33D41B6,tt0112462,v2_completa,cde_46
GF36D0D19,tt0482571,v2_completa,cde_46
GF38006C9,tt0084516,v2_completa,cde_46
GF3AF8A4E,tt0086969,v2_completa,cde_46
GF3DD5C17,tt0100157,v2_completa,cde_46
GF3E0EBE1,tt0093629,v2_completa,cde_46
GF41DC6A9,tt0810819,v2_completa,cde_47
GF447E896,tt8620646,v2_es4,cde_47
GF4707C77,tt0209163,v2_completa,cde_47
GF4761118,tt0116282,v2_completa,cde_47
GF478078F,tt0119081,v2_completa,cde_47
GF4B8A25E,tt0090863,v2_completa,cde_47
GF4CA4064,tt0103639,v2_completa,cde_47
GF4E34946,tt7354440,v2_completa,cde_47
GF5270ACB,tt7097896,v2_completa,cde_47
GF527ACD9,tt0093177,v2_completa,cde_47
GF52A3945,tt0106305,v2_completa,cde_47
GF5424E9E,tt1219289,v2_completa,cde_47
GF543129A,tt3359350,v2_completa,cde_47
GF55CBB3D,tt0109836,v2_completa,cde_47
GF5618470,tt0278512,v2_es3,cde_47
GF56A9B94,tt2250912,v2_completa,cde_47
GF56C1457,tt29768334,v2_ext,cde_47
GF58DFC9C,tt1242744,v2_completa,cde_47
GF5B41991,tt0091763,v2_completa,cde_47
GF5E16A9C,tt1852770,v2_completa,cde_47
GF60A8C0D,tt8579674,v2_completa,cde_47
GF611D488,tt0092983,v2_completa,cde_47
GF653F8FC,tt0080487,v2_completa,cde_47
GF67A9DDB,tt0093748,v2_completa,cde_47
GF67F11A4,tt1022603,v2_completa,cde_47
GF69137AD,tt0159097,v2_completa,cde_47
GF69BA2BD,tt0268711,v2_completa,cde_47
GF6C4210D,tt0102401,v2_completa,cde_47
GF6E4FE85,tt1571234,v2_completa,cde_47
GF6EF4F88,tt0277578,v2_es4,cde_47
GF701D791,tt2062559,v2_es4,cde_47
GF721A260,tt0443272,v2_completa,cde_47
GF73D92D8,tt5580390,v2_completa,cde_47
GF7645913,tt2066051,v2_completa,cde_47
GF77D102C,tt0088000,v2_completa,cde_47
GF7A069E9,tt3235888,v2_completa,cde_47
GF7B9C452,tt1790809,v2_completa,cde_47
GF7E5A571,tt7093904,v2_completa,cde_47
GF7E5EDBA,tt1797348,v2_es3,cde_47
GF7EBB9AD,tt0309698,v2_completa,cde_47
GF7F88AE5,tt0371572,v2_es3,cde_47
GF801D6FD,tt31184028,v2_ext,cde_47
GF8218104,tt1206488,v2_completa,cde_47
GF837A1CE,tt2582802,v2_completa,cde_47
GF83BAA11,tt0116213,v2_completa,cde_47
GF8400647,tt0106308,v2_completa,cde_47
GF84D1868,tt1634106,v2_completa,cde_47
GF879F8A9,tt4513678,v2_completa,cde_47
GF8833525,tt6723592,v2_completa,cde_47
GF8D99E28,tt0820094,v2_es4,cde_47
GF8DCF233,tt0107808,v2_completa,cde_47
GF8E3CBC4,tt0120382,v2_completa,cde_47
GF8FA2430,tt0088040,v2_completa,cde_47
GF90DF16E,tt12001534,v2_ext,cde_47
GF91C2110,tt1099212,v2_completa,cde_47
GF929274E,tt0444505,v2_completa,cde_47
GF95C92D5,tt0108358,v2_completa,cde_47
GF9826F4C,tt0086026,v2_completa,cde_47
GF9AE72E8,tt0465234,v2_completa,cde_47
GF9CD689B,tt3127022,v2_completa,cde_47
GF9D8AFD9,tt0457430,v2_completa,cde_48
GF9D95DE5,tt1700841,v2_completa,cde_48
GFA21129E,tt27672387,v2_es3,cde_48
GFA3285BD,tt7322224,v2_completa,cde_48
GFA33D056,tt0331370,v2_completa,cde_48
GFA4665AC,tt0120791,v2_completa,cde_48
GFA9EBC41,tt0830515,v2_completa,cde_48
GFAD194D9,tt8228288,v2_completa,cde_48
GFADF023F,tt0293654,v2_es3,cde_48
GFAE6C0BC,tt0101452,v2_completa,cde_48
GFB8F0CA2,tt0088763,v2_completa,cde_48
GFBA35D2B,tt0369339,v2_completa,cde_48
GFBB0AFDE,tt0317919,v2_completa,cde_48
GFBD4C739,tt0120461,v2_completa,cde_48
GFBEA7133,tt0080904,v2_completa,cde_48
GFBF0153C,tt0266915,v2_completa,cde_48
GFC0ADD1C,tt0401792,v2_completa,cde_48
GFC2631BE,tt0098724,v2_completa,cde_48
GFC4BA9EB,tt1343727,v2_completa,cde_48
GFCAA1E57,tt0116922,v2_completa,cde_48
GFCB0DF8D,tt0099253,v2_completa,cde_48
GFCB6DFA3,tt0088161,v2_completa,cde_48
GFCBE15D0,tt0116770,v2_completa,cde_48
GFD0AC0B2,tt1059786,v2_completa,cde_48
GFD11E026,tt0084805,v2_completa,cde_48
GFD1D6D4C,tt0332379,v2_completa,cde_48
GFD3FC8EC,tt0106582,v2_completa,cde_48
GFD43CD80,tt1041829,v2_completa,cde_48
GFDA7B1B2,tt0104815,v2_completa,cde_48
GFDB56386,tt0327850,v2_completa,cde_48
GFE379DBF,tt0120888,v2_completa,cde_48
GFE50551B,tt2379713,v2_completa,cde_48
GFE6234FB,tt0096895,v2_completa,cde_48
GFE6387C9,tt7818580,v2_completa,cde_48
GFE7B8653,tt0477273,v2_es3,cde_48
GFE8DB2AE,tt1735898,v2_completa,cde_48
GFEA11F96,tt0089880,v2_completa,cde_48
GFEAC009B,tt0209144,v2_completa,cde_48
GFEB8DFA9,tt0283015,v2_completa,cde_48
GFEC15134,tt26584495,v2_ext,cde_48
GFEE9999B,tt7599146,v2_completa,cde_48
GFEECF662,tt1534564,v2_es4,cde_48
GFF0343E1,tt0815457,v2_es3,cde_48
GFF15029F,tt0295178,v2_completa,cde_48
GFF29D8A9,tt0094705,v2_completa,cde_48
GFF3E07E0,tt0085470,v2_completa,cde_48
GFF7A58DC,tt1211837,v2_completa,cde_48
GFF8CEFDB,tt32268156,v2_ext,cde_48
GFFCBFD2F,tt14641788,v2_completa,cde_48
GFFE70C06,tt0289438,v2_es4,cde_48
GFFF182EB,tt0164184,v2_completa,cde_48
GFFFFF493,tt0082910,v2_completa,cde_48
H00B4CCFD,tt0109699,v2_es_en,cde_48
H0400F280,tt1078600,v2_es_en,cde_48
H052A0214,tt0780565,v2_es3_en,cde_48
H081E3408,tt0441909,v2_es_en,cde_48
H0B9E9F34,tt0951333,v2_es_en,cde_48
H0BB82A99,tt0109949,v2_es_en,cde_48
H0C6F3252,tt0359045,v2_es3_en,cde_48
H0F4329D1,tt0247887,v2_es_en,cde_48
H0FEBD5DD,tt0092596,v2_es_en,cde_49
H100B9FAE,tt0205843,v2_es_en,cde_49
H12B72FFB,tt1838571,v2_es_en,cde_49
H15EF036D,tt5991410,v2_es4_en,cde_49
H1660E5B3,tt3655414,v2_es_en,cde_49
H1DAFFC58,tt5770430,v2_es3_en,cde_49
H2362B8A7,tt0480680,v2_es4_en,cde_49
H258B001D,tt8343886,v2_es4_en,cde_49
H266599F9,tt5808778,v2_es_en,cde_49
H294DC553,tt0376800,v2_es_en,cde_49
H313342E6,tt0371920,v2_es3_en,cde_49
H363FE2B9,tt0284491,v2_es_en,cde_49
H37EB9FF7,tt0092693,v2_es_en,cde_49
H38D9AF7D,tt0083743,v2_es_en,cde_49
H3962BBCF,tt0299556,v2_es3_en,cde_49
H3A818251,tt0453047,v2_es_en,cde_49
H3C946FCF,tt0185125,v2_es_en,cde_49
H3D5BBD13,tt0256009,v2_es_en,cde_49
H3EC235AF,tt0107315,v2_es_en,cde_49
H446838F6,tt1512685,v2_es_en,cde_49
H4557D6F2,tt0117866,v2_es_en,cde_49
H455F08CD,tt0251777,v2_es_en,cde_49
H4ABDB05C,tt0306432,v2_es3_en,cde_49
H55F7FED7,tt0087913,v2_es_en,cde_49
H5B0E691D,tt27599851,v2_es_en,cde_49
H5FCC42EF,tt4924942,v2_es_en,cde_49
H614EE4E0,tt1422032,v2_es_en,cde_49
H6732F65C,tt0330702,v2_es_en,cde_49
H6CD55C68,tt0220580,v2_es_en,cde_49
H6EFACA9B,tt0356336,v2_es_en,cde_49
H72839486,tt2243389,v2_es_en,cde_49
H7C1B0B9D,tt4441280,v2_es_en,cde_49
H7D8B0563,tt0913425,v2_es_en,cde_49
H7F5689FA,tt7095482,v2_es_en,cde_49
H7FE5B92B,tt0261311,v2_es_en,cde_49
H81A48B18,tt0452971,v2_es_en,cde_49
H825BF0BB,tt0371853,v2_es_en,cde_49
H8737297A,tt0331701,v2_es3_en,cde_49
H906EE2A7,tt0112922,v2_es_en,cde_49
H928C8A76,tt4631532,v2_es_en,cde_49
H94C3F139,tt27518776,v2_es_en,cde_49
H97D22DD5,tt0117883,v2_es_en,cde_49
H9E437C26,tt0133363,v2_es_en,cde_49
H9E70A4EF,tt11698662,v2_es_en,cde_49
HA275E0FD,tt1259520,v2_es3_en,cde_49
HA369B1C3,tt4412362,v2_es_en,cde_49
HAD67F72B,tt14400246,v2_es_en,cde_49
HB22FE481,tt3417756,v2_es_en,cde_49
HB7308ED1,tt1020955,v2_es_en,cde_49
HBB0B4C31,tt0151572,v2_es_en,cde_49
HBE5192AC,tt0484273,v2_es_en,cde_49
HC0E8467E,tt11698630,v2_es_en,cde_49
HC1A0E217,tt1924277,v2_es_en,cde_49
HC27270A1,tt0314121,v2_es_en,cde_49
HC5FFB80A,tt0119626,v2_es_en,cde_49
HC8425568,tt1188985,v2_es3_en,cde_49
HCB9ED567,tt1319695,v2_es_en,cde_49
HCDD4F029,tt4729430,v2_es_en,cde_49
HD1CC9405,tt1847746,v2_es_en,cde_49
HD5A7FDF8,tt6793580,v2_es_en,cde_49
HD65BAC47,tt0176415,v2_es_en,cde_50
HD6C6B73A,tt0080554,v2_es_en,cde_50
HD7270CC1,tt0461894,v2_es_en,cde_50
HDA231F33,tt0158030,v2_es_en,cde_50
HDB625B86,tt0080931,v2_es_en,cde_50
HDD859E00,tt8406738,v2_es3_en,cde_50
HDED84B7A,tt1808240,v2_es3_en,cde_50
HE12F60B5,tt0419704,v2_es_en,cde_50
HE8BD0F9B,tt15734582,v2_es3_en,cde_50
HEA48753E,tt0332318,v2_es3_en,cde_50
HF5056900,tt0084383,v2_es_en,cde_50
HF7C5F5B7,tt1772250,v2_es_en,cde_50
HFEC6C827,tt0270480,v2_es_en,cde_50
