id,tconst,idioma,palabras_originales,truncada,revision_url,batch
G000AC8B3,tt0397535,en,695,False,https://en.wikipedia.org/w/index.php?oldid=1369595157,v2_completa_01
G0022337C,tt5580036,en,619,False,https://en.wikipedia.org/w/index.php?oldid=1364610783,v2_completa_01
G002F45C3,tt0082970,en,683,False,https://en.wikipedia.org/w/index.php?oldid=1371633792,v2_completa_01
G00734025,tt0126029,en,689,False,https://en.wikipedia.org/w/index.php?oldid=1371934765,v2_completa_01
G0092B3E7,tt0103855,en,611,False,https://en.wikipedia.org/w/index.php?oldid=1372489255,v2_completa_01
G010F3416,tt1663662,en,642,False,https://en.wikipedia.org/w/index.php?oldid=1372806582,v2_completa_01
G011C82AA,tt0110785,en,807,False,https://en.wikipedia.org/w/index.php?oldid=1349502512,v2_completa_01
G0144D5FD,tt0305357,en,815,False,https://en.wikipedia.org/w/index.php?oldid=1368339324,v2_completa_01
G0196AB10,tt9421570,en,676,False,https://en.wikipedia.org/w/index.php?oldid=1365958051,v2_completa_01
G01ABBB2C,tt0213149,en,586,False,https://en.wikipedia.org/w/index.php?oldid=1363387441,v2_completa_01
G01F8739C,tt0195714,en,587,False,https://en.wikipedia.org/w/index.php?oldid=1372539448,v2_completa_01
G02035651,tt0087027,es,738,False,https://es.wikipedia.org/w/index.php?oldid=173195116,v2_completa_01
G0229212C,tt2245084,en,584,False,https://en.wikipedia.org/w/index.php?oldid=1372927059,v2_completa_01
G023DAF1B,tt0081027,en,266,False,https://en.wikipedia.org/w/index.php?oldid=1338899528,v2_completa_01
G0283136C,tt0092693,es,157,False,https://es.wikipedia.org/w/index.php?oldid=172112795,v2_completa_01
G02A28230,tt0095174,en,450,False,https://en.wikipedia.org/w/index.php?oldid=1369598300,v2_completa_01
G02B3F2FD,tt0113071,en,609,False,https://en.wikipedia.org/w/index.php?oldid=1367813214,v2_completa_01
G02B42F39,tt1972591,en,680,False,https://en.wikipedia.org/w/index.php?oldid=1366394884,v2_completa_01
G02B5CE9B,tt0203119,en,359,False,https://en.wikipedia.org/w/index.php?oldid=1363555068,v2_completa_01
G02C7AADF,tt0120775,es,628,False,https://es.wikipedia.org/w/index.php?oldid=174684239,v2_completa_01
G02CB3BB9,tt1245492,en,567,False,https://en.wikipedia.org/w/index.php?oldid=1372124311,v2_completa_01
G02E57CCF,tt0327597,en,698,False,https://en.wikipedia.org/w/index.php?oldid=1372501839,v2_completa_01
G030C2903,tt2080374,en,549,False,https://en.wikipedia.org/w/index.php?oldid=1359787206,v2_completa_01
G03147EA4,tt0111257,en,690,False,https://en.wikipedia.org/w/index.php?oldid=1372708537,v2_completa_01
G03362253,tt0118715,en,755,False,https://en.wikipedia.org/w/index.php?oldid=1372689346,v2_completa_01
G039FC8E6,tt0816692,en,695,False,https://en.wikipedia.org/w/index.php?oldid=1372833674,v2_completa_01
G03D8D623,tt1809398,en,562,False,https://en.wikipedia.org/w/index.php?oldid=1370624543,v2_completa_01
G03EA06F3,tt0087298,en,715,False,https://en.wikipedia.org/w/index.php?oldid=1367327798,v2_completa_01
G040EAFCD,tt1263750,en,779,False,https://en.wikipedia.org/w/index.php?oldid=1363648089,v2_completa_01
G040F68A0,tt0185431,en,818,False,https://en.wikipedia.org/w/index.php?oldid=1372313069,v2_completa_01
G040F8E1F,tt7349950,en,680,False,https://en.wikipedia.org/w/index.php?oldid=1372470417,v2_completa_01
G042B9705,tt0103241,en,612,False,https://en.wikipedia.org/w/index.php?oldid=1369969816,v2_completa_01
G04518468,tt9150970,en,173,False,https://en.wikipedia.org/w/index.php?oldid=1360421318,v2_completa_01
G0463145B,tt0083111,en,536,False,https://en.wikipedia.org/w/index.php?oldid=1367770055,v2_completa_01
G0467D17A,tt0450385,en,570,False,https://en.wikipedia.org/w/index.php?oldid=1369967851,v2_completa_01
G047DB2E1,tt0102926,en,701,False,https://en.wikipedia.org/w/index.php?oldid=1372492580,v2_completa_01
G04BC913F,tt0274558,en,635,False,https://en.wikipedia.org/w/index.php?oldid=1370225617,v2_completa_01
G04BF880D,tt0105812,en,586,False,https://en.wikipedia.org/w/index.php?oldid=1371571822,v2_completa_01
G0501478A,tt0086856,en,749,False,https://en.wikipedia.org/w/index.php?oldid=1369913388,v2_completa_01
G05588D51,tt4263482,en,643,False,https://en.wikipedia.org/w/index.php?oldid=1368101106,v2_completa_01
G0571A6F0,tt1440129,en,718,False,https://en.wikipedia.org/w/index.php?oldid=1372301490,v2_completa_01
G05B5FFAA,tt0106966,es,365,False,https://es.wikipedia.org/w/index.php?oldid=167049578,v2_completa_01
G05EA9968,tt0112883,en,588,False,https://en.wikipedia.org/w/index.php?oldid=1368056185,v2_completa_01
G0620EB61,tt0109446,en,527,False,https://en.wikipedia.org/w/index.php?oldid=1368896183,v2_completa_01
G062D9C01,tt0092596,es,154,False,https://es.wikipedia.org/w/index.php?oldid=174939921,v2_completa_01
G06322DCD,tt0080554,es,191,False,https://es.wikipedia.org/w/index.php?oldid=162072292,v2_completa_01
G0635D50D,tt0089885,en,710,False,https://en.wikipedia.org/w/index.php?oldid=1368885051,v2_completa_01
G065DCC31,tt0098206,en,601,False,https://en.wikipedia.org/w/index.php?oldid=1371182977,v2_completa_01
G066251F1,tt0284491,es,185,False,https://es.wikipedia.org/w/index.php?oldid=165526703,v2_completa_01
G068B3BFB,tt0436374,en,441,False,https://en.wikipedia.org/w/index.php?oldid=1341425891,v2_completa_01
G0697DA6B,tt0099674,en,768,False,https://en.wikipedia.org/w/index.php?oldid=1371985166,v2_completa_02
G069C1C66,tt0107206,en,746,False,https://en.wikipedia.org/w/index.php?oldid=1365934992,v2_completa_02
G070A9A29,tt0094074,en,465,False,https://en.wikipedia.org/w/index.php?oldid=1371848407,v2_completa_02
G071FAAA2,tt0301524,es,199,False,https://es.wikipedia.org/w/index.php?oldid=173861142,v2_completa_02
G07735FA5,tt0093693,en,642,False,https://en.wikipedia.org/w/index.php?oldid=1366561278,v2_completa_02
G077770E3,tt0473333,en,131,False,https://en.wikipedia.org/w/index.php?oldid=1363816502,v2_completa_02
G07D219CB,tt1250777,en,460,False,https://en.wikipedia.org/w/index.php?oldid=1370825467,v2_completa_02
G07D7D9DF,tt4925292,en,610,False,https://en.wikipedia.org/w/index.php?oldid=1369593491,v2_completa_02
G07F89E2D,tt1306980,en,606,False,https://en.wikipedia.org/w/index.php?oldid=1371176922,v2_completa_02
G083F9B33,tt4178092,en,698,False,https://en.wikipedia.org/w/index.php?oldid=1367623278,v2_completa_02
G0864E10D,tt0086637,en,335,False,https://en.wikipedia.org/w/index.php?oldid=1371990349,v2_completa_02
G08900856,tt2660888,en,681,False,https://en.wikipedia.org/w/index.php?oldid=1372451110,v2_completa_02
G0892E4BF,tt1390411,en,655,False,https://en.wikipedia.org/w/index.php?oldid=1371393197,v2_completa_02
G08C42FDC,tt0103644,en,703,False,https://en.wikipedia.org/w/index.php?oldid=1371779590,v2_completa_02
G090D6775,tt1156398,en,513,False,https://en.wikipedia.org/w/index.php?oldid=1360365147,v2_completa_02
G099A62C1,tt1078600,es,164,False,https://es.wikipedia.org/w/index.php?oldid=174346924,v2_completa_02
G09B26D80,tt0087985,en,724,False,https://en.wikipedia.org/w/index.php?oldid=1369677017,v2_completa_02
G09BD77AB,tt0187738,en,685,False,https://en.wikipedia.org/w/index.php?oldid=1371970499,v2_completa_02
G09CA9D7C,tt7146812,en,641,False,https://en.wikipedia.org/w/index.php?oldid=1371572043,v2_completa_02
G09D3E512,tt0478970,en,603,False,https://en.wikipedia.org/w/index.php?oldid=1369502263,v2_completa_02
G09DA9240,tt0117705,en,585,False,https://en.wikipedia.org/w/index.php?oldid=1372801329,v2_completa_02
G09E689C1,tt0395119,es,443,False,https://es.wikipedia.org/w/index.php?oldid=172115899,v2_completa_02
G09F7B7E5,tt0117318,en,687,False,https://en.wikipedia.org/w/index.php?oldid=1372490900,v2_completa_02
G0A286B46,tt1020955,es,144,False,https://es.wikipedia.org/w/index.php?oldid=171915176,v2_completa_02
G0AB723A0,tt0105435,en,607,False,https://en.wikipedia.org/w/index.php?oldid=1359119108,v2_completa_02
G0ACBE190,tt0270480,es,142,False,https://es.wikipedia.org/w/index.php?oldid=173090568,v2_completa_02
G0AE669C4,tt0116483,en,689,False,https://en.wikipedia.org/w/index.php?oldid=1371148781,v2_completa_02
G0AE7C4DB,tt7979580,en,703,False,https://en.wikipedia.org/w/index.php?oldid=1371155622,v2_completa_02
G0AEA01A1,tt0120891,en,512,False,https://en.wikipedia.org/w/index.php?oldid=1372426763,v2_completa_02
G0AED6641,tt0296915,es,773,False,https://es.wikipedia.org/w/index.php?oldid=170052755,v2_completa_02
G0AF968B1,tt10731256,en,679,False,https://en.wikipedia.org/w/index.php?oldid=1371354840,v2_completa_02
G0B07B54F,tt0829482,en,618,False,https://en.wikipedia.org/w/index.php?oldid=1372628601,v2_completa_02
G0B3B1C73,tt0242653,en,652,False,https://en.wikipedia.org/w/index.php?oldid=1372645795,v2_completa_02
G0B4D5F02,tt0086104,en,757,False,https://en.wikipedia.org/w/index.php?oldid=1371052968,v2_completa_02
G0B75AB17,tt0248001,en,159,False,https://en.wikipedia.org/w/index.php?oldid=1371887719,v2_completa_02
G0B7DF103,tt2024469,en,692,False,https://en.wikipedia.org/w/index.php?oldid=1372856943,v2_completa_02
G0B7E274A,tt2409818,es,790,False,https://es.wikipedia.org/w/index.php?oldid=162200593,v2_completa_02
G0B827CAF,tt0103030,en,696,False,https://en.wikipedia.org/w/index.php?oldid=1371258237,v2_completa_02
G0B8E0425,tt0115685,en,678,False,https://en.wikipedia.org/w/index.php?oldid=1370760137,v2_completa_02
G0BBA1AFB,tt0480669,es,856,False,https://es.wikipedia.org/w/index.php?oldid=174750761,v2_completa_02
G0BE65C3E,tt0107050,en,497,False,https://en.wikipedia.org/w/index.php?oldid=1368794199,v2_completa_02
G0BE71417,tt0086190,en,624,False,https://en.wikipedia.org/w/index.php?oldid=1372436731,v2_completa_02
G0C01778E,tt0109699,es,143,False,https://es.wikipedia.org/w/index.php?oldid=169144986,v2_completa_02
G0C33AD7F,tt0118688,en,677,False,https://en.wikipedia.org/w/index.php?oldid=1370117303,v2_completa_02
G0C454246,tt0970416,en,604,False,https://en.wikipedia.org/w/index.php?oldid=1370199369,v2_completa_02
G0C8D882D,tt0119567,en,714,False,https://en.wikipedia.org/w/index.php?oldid=1370454302,v2_completa_02
G0CB610A5,tt1065073,en,732,False,https://en.wikipedia.org/w/index.php?oldid=1371916445,v2_completa_02
G0CC08814,tt1407052,en,456,False,https://en.wikipedia.org/w/index.php?oldid=1341405535,v2_completa_02
G0D70A4AD,tt0398165,en,773,False,https://en.wikipedia.org/w/index.php?oldid=1372712824,v2_completa_02
G0D7A5BE8,tt10366206,en,709,False,https://en.wikipedia.org/w/index.php?oldid=1371190374,v2_completa_02
G0D99EEA8,tt0379786,en,624,False,https://en.wikipedia.org/w/index.php?oldid=1359094278,v2_completa_03
G0DAD1A5E,tt1596343,en,754,False,https://en.wikipedia.org/w/index.php?oldid=1372796756,v2_completa_03
G0DAD7298,tt0298148,en,663,False,https://en.wikipedia.org/w/index.php?oldid=1372838326,v2_completa_03
G0E0DF017,tt10127708,en,685,False,https://en.wikipedia.org/w/index.php?oldid=1369143811,v2_completa_03
G0E1D11F0,tt3500544,en,630,False,https://en.wikipedia.org/w/index.php?oldid=1361919360,v2_completa_03
G0EAACB74,tt0084814,en,504,False,https://en.wikipedia.org/w/index.php?oldid=1370235111,v2_completa_03
G0EC943BE,tt0118788,en,688,False,https://en.wikipedia.org/w/index.php?oldid=1341435873,v2_completa_03
G0ECBBD1F,tt4729430,es,277,False,https://es.wikipedia.org/w/index.php?oldid=171068053,v2_completa_03
G0EDE68E7,tt0093692,en,405,False,https://en.wikipedia.org/w/index.php?oldid=1368844109,v2_completa_03
G0EEBD146,tt1092026,en,700,False,https://en.wikipedia.org/w/index.php?oldid=1371822738,v2_completa_03
G0F0780EB,tt8244784,en,687,False,https://en.wikipedia.org/w/index.php?oldid=1369454031,v2_completa_03
G0F20D529,tt0351283,en,598,False,https://en.wikipedia.org/w/index.php?oldid=1372712516,v2_completa_03
G0F362061,tt0338348,en,518,False,https://en.wikipedia.org/w/index.php?oldid=1372825172,v2_completa_03
G0F384A13,tt0838283,en,496,False,https://en.wikipedia.org/w/index.php?oldid=1371650098,v2_completa_03
G0F5F46F2,tt0119217,en,699,False,https://en.wikipedia.org/w/index.php?oldid=1371225026,v2_completa_03
G0F7409E7,tt0175880,en,729,False,https://en.wikipedia.org/w/index.php?oldid=1372828520,v2_completa_03
G0F78B38B,tt0944835,en,580,False,https://en.wikipedia.org/w/index.php?oldid=1372847085,v2_completa_03
G0FDF1211,tt0329101,en,595,False,https://en.wikipedia.org/w/index.php?oldid=1368968000,v2_completa_03
G0FED2100,tt1572491,es,580,False,https://es.wikipedia.org/w/index.php?oldid=166248358,v2_completa_03
G0FFF2275,tt11930126,en,329,False,https://en.wikipedia.org/w/index.php?oldid=1371318020,v2_completa_03
G10041F2C,tt0116695,en,703,False,https://en.wikipedia.org/w/index.php?oldid=1370268326,v2_completa_03
G10304783,tt0434292,en,569,False,https://en.wikipedia.org/w/index.php?oldid=1357013689,v2_completa_03
G108E41EC,tt1210819,en,730,False,https://en.wikipedia.org/w/index.php?oldid=1366480253,v2_completa_03
G10900F61,tt1431045,en,555,False,https://en.wikipedia.org/w/index.php?oldid=1372941122,v2_completa_03
G109E7FA2,tt0120632,en,519,False,https://en.wikipedia.org/w/index.php?oldid=1369622913,v2_completa_03
G10AE65CD,tt1650062,en,695,False,https://en.wikipedia.org/w/index.php?oldid=1370872885,v2_completa_03
G10B245FE,tt0092494,en,408,False,https://en.wikipedia.org/w/index.php?oldid=1372521334,v2_completa_03
G10FD18AA,tt0087032,en,608,False,https://en.wikipedia.org/w/index.php?oldid=1369907435,v2_completa_03
G110190EE,tt1499658,en,650,False,https://en.wikipedia.org/w/index.php?oldid=1371531022,v2_completa_03
G11041D57,tt0183649,en,589,False,https://en.wikipedia.org/w/index.php?oldid=1370172656,v2_completa_03
G114BDD64,tt0085244,en,717,False,https://en.wikipedia.org/w/index.php?oldid=1371205688,v2_completa_03
G11AC9D6D,tt0484273,es,148,False,https://es.wikipedia.org/w/index.php?oldid=173548470,v2_completa_03
G11E63CB6,tt0111503,en,669,False,https://en.wikipedia.org/w/index.php?oldid=1372746609,v2_completa_03
G120D6E14,tt1587310,en,641,False,https://en.wikipedia.org/w/index.php?oldid=1372116889,v2_completa_03
G122BE9B7,tt12801262,en,586,False,https://en.wikipedia.org/w/index.php?oldid=1371962894,v2_completa_03
G12512F99,tt0275847,en,577,False,https://en.wikipedia.org/w/index.php?oldid=1372242755,v2_completa_03
G1262E4E0,tt1318517,en,764,False,https://en.wikipedia.org/w/index.php?oldid=1358667233,v2_completa_03
G1271D0F3,tt0110167,en,602,False,https://en.wikipedia.org/w/index.php?oldid=1356433469,v2_completa_03
G12904C27,tt0456340,es,179,False,https://es.wikipedia.org/w/index.php?oldid=169489965,v2_completa_03
G12A11E27,tt8291806,es,617,False,https://es.wikipedia.org/w/index.php?oldid=172383645,v2_completa_03
G12B2DCCE,tt0112471,en,569,False,https://en.wikipedia.org/w/index.php?oldid=1372447525,v2_completa_03
G12B6919F,tt0095882,en,347,False,https://en.wikipedia.org/w/index.php?oldid=1367752277,v2_completa_03
G12CE5532,tt0110478,en,648,False,https://en.wikipedia.org/w/index.php?oldid=1370023645,v2_completa_03
G12F717E0,tt0366548,en,605,False,https://en.wikipedia.org/w/index.php?oldid=1366280863,v2_completa_03
G12FAFD95,tt0985699,en,597,False,https://en.wikipedia.org/w/index.php?oldid=1370578823,v2_completa_03
G12FAFF88,tt0326977,en,1204,True,https://en.wikipedia.org/w/index.php?oldid=1368782180,v2_completa_03
G13040D89,tt0088128,en,628,False,https://en.wikipedia.org/w/index.php?oldid=1364695055,v2_completa_03
G132A2247,tt0443680,en,706,False,https://en.wikipedia.org/w/index.php?oldid=1371719843,v2_completa_03
G132F4A5B,tt1396226,en,138,False,https://en.wikipedia.org/w/index.php?oldid=1349517179,v2_completa_03
G134F95F1,tt0983193,en,714,False,https://en.wikipedia.org/w/index.php?oldid=1372136815,v2_completa_03
G136D30A4,tt0112922,es,226,False,https://es.wikipedia.org/w/index.php?oldid=172971920,v2_completa_04
G138B0B64,tt1734067,es,499,False,https://es.wikipedia.org/w/index.php?oldid=170071156,v2_completa_04
G13A02BEC,tt1454523,es,1000,False,https://es.wikipedia.org/w/index.php?oldid=172441912,v2_completa_04
G13A13673,tt4922692,es,131,False,https://es.wikipedia.org/w/index.php?oldid=171747427,v2_completa_04
G13A4F4E6,tt0091203,en,668,False,https://en.wikipedia.org/w/index.php?oldid=1372578834,v2_completa_04
G13D4617C,tt0111686,en,491,False,https://en.wikipedia.org/w/index.php?oldid=1360698270,v2_completa_04
G13D6D672,tt0099938,en,568,False,https://en.wikipedia.org/w/index.php?oldid=1372101716,v2_completa_04
G13D842D4,tt0800320,en,771,False,https://en.wikipedia.org/w/index.php?oldid=1369833887,v2_completa_04
G13FA8379,tt0117008,en,684,False,https://en.wikipedia.org/w/index.php?oldid=1371115930,v2_completa_04
G142002DF,tt5164214,en,540,False,https://en.wikipedia.org/w/index.php?oldid=1371525507,v2_completa_04
G1465357F,tt0094137,en,829,False,https://en.wikipedia.org/w/index.php?oldid=1368731977,v2_completa_04
G146593F4,tt1070874,en,554,False,https://en.wikipedia.org/w/index.php?oldid=1366117503,v2_completa_04
G148EFA33,tt0089908,en,671,False,https://en.wikipedia.org/w/index.php?oldid=1372498503,v2_completa_04
G1498A107,tt0086361,en,561,False,https://en.wikipedia.org/w/index.php?oldid=1372160125,v2_completa_04
G149D1E65,tt0377834,es,207,False,https://es.wikipedia.org/w/index.php?oldid=173600945,v2_completa_04
G14B5FD9B,tt0469494,en,669,False,https://en.wikipedia.org/w/index.php?oldid=1364820582,v2_completa_04
G14B8926E,tt0112442,en,556,False,https://en.wikipedia.org/w/index.php?oldid=1370099152,v2_completa_04
G14CE0FE5,tt1727824,en,606,False,https://en.wikipedia.org/w/index.php?oldid=1372397903,v2_completa_04
G14D0B38C,tt0083798,en,702,False,https://en.wikipedia.org/w/index.php?oldid=1358850402,v2_completa_04
G1507A500,tt0100802,en,689,False,https://en.wikipedia.org/w/index.php?oldid=1369593166,v2_completa_04
G15187FB7,tt0264508,es,1234,True,https://es.wikipedia.org/w/index.php?oldid=174005750,v2_completa_04
G151C76A9,tt0091149,en,599,False,https://en.wikipedia.org/w/index.php?oldid=1372807223,v2_completa_04
G1524014C,tt1981677,en,655,False,https://en.wikipedia.org/w/index.php?oldid=1369921269,v2_completa_04
G1571CAB5,tt0091790,en,642,False,https://en.wikipedia.org/w/index.php?oldid=1368871027,v2_completa_04
G15F53000,tt0112573,en,426,False,https://en.wikipedia.org/w/index.php?oldid=1372650755,v2_completa_04
G161D2342,tt0093458,en,252,False,https://en.wikipedia.org/w/index.php?oldid=1358703100,v2_completa_04
G164AD247,tt1253863,en,628,False,https://en.wikipedia.org/w/index.php?oldid=1370365445,v2_completa_04
G165276AB,tt0092644,en,605,False,https://en.wikipedia.org/w/index.php?oldid=1369428750,v2_completa_04
G16626068,tt1464335,en,597,False,https://en.wikipedia.org/w/index.php?oldid=1368536675,v2_completa_04
G1666D74F,tt13429870,en,600,False,https://en.wikipedia.org/w/index.php?oldid=1364144718,v2_completa_04
G166B979C,tt0129167,en,576,False,https://en.wikipedia.org/w/index.php?oldid=1372807484,v2_completa_04
G16A308F6,tt2294629,en,522,False,https://en.wikipedia.org/w/index.php?oldid=1372734520,v2_completa_04
G16D0CAF5,tt0082748,es,793,False,https://es.wikipedia.org/w/index.php?oldid=168138698,v2_completa_04
G16D2870F,tt0964517,en,569,False,https://en.wikipedia.org/w/index.php?oldid=1371504421,v2_completa_04
G16D556F7,tt3417756,es,199,False,https://es.wikipedia.org/w/index.php?oldid=163668584,v2_completa_04
G16EFE3E5,tt0119345,en,664,False,https://en.wikipedia.org/w/index.php?oldid=1367327681,v2_completa_04
G17325FE0,tt0220703,es,126,False,https://es.wikipedia.org/w/index.php?oldid=167357172,v2_completa_04
G175095AD,tt0097986,es,139,False,https://es.wikipedia.org/w/index.php?oldid=162055799,v2_completa_04
G177E1851,tt0292542,en,377,False,https://en.wikipedia.org/w/index.php?oldid=1360268937,v2_completa_04
G17C0E642,tt11698630,es,184,False,https://es.wikipedia.org/w/index.php?oldid=167835436,v2_completa_04
G181EEE68,tt0118937,es,277,False,https://es.wikipedia.org/w/index.php?oldid=163109718,v2_completa_04
G1850D193,tt0089907,en,701,False,https://en.wikipedia.org/w/index.php?oldid=1371774848,v2_completa_04
G189D0526,tt0110074,en,653,False,https://en.wikipedia.org/w/index.php?oldid=1371151658,v2_completa_04
G189D7E2A,tt1037705,en,615,False,https://en.wikipedia.org/w/index.php?oldid=1367745096,v2_completa_04
G191624F4,tt3655414,es,140,False,https://es.wikipedia.org/w/index.php?oldid=174601703,v2_completa_04
G19264C02,tt1217637,en,814,False,https://en.wikipedia.org/w/index.php?oldid=1341446590,v2_completa_04
G192A4A42,tt1243957,en,630,False,https://en.wikipedia.org/w/index.php?oldid=1372842296,v2_completa_04
G193A7C09,tt0104797,en,650,False,https://en.wikipedia.org/w/index.php?oldid=1371814955,v2_completa_04
G194F745D,tt0097138,en,643,False,https://en.wikipedia.org/w/index.php?oldid=1366065711,v2_completa_04
G1966C6AC,tt9845564,en,609,False,https://en.wikipedia.org/w/index.php?oldid=1357757780,v2_completa_04
G1968056F,tt0083550,en,687,False,https://en.wikipedia.org/w/index.php?oldid=1366316409,v2_completa_05
G197068A4,tt0101329,en,636,False,https://en.wikipedia.org/w/index.php?oldid=1366096091,v2_completa_05
G19786C05,tt4562518,es,488,False,https://es.wikipedia.org/w/index.php?oldid=174456899,v2_completa_05
G19AEE36D,tt0283900,en,394,False,https://en.wikipedia.org/w/index.php?oldid=1368876573,v2_completa_05
G19B2F5B0,tt0947798,en,741,False,https://en.wikipedia.org/w/index.php?oldid=1372000004,v2_completa_05
G1A3AE68D,tt1231583,en,571,False,https://en.wikipedia.org/w/index.php?oldid=1369086339,v2_completa_05
G1A3C7916,tt2883512,en,465,False,https://en.wikipedia.org/w/index.php?oldid=1368081505,v2_completa_05
G1A4AE911,tt1001526,en,709,False,https://en.wikipedia.org/w/index.php?oldid=1370979183,v2_completa_05
G1A4B79BB,tt0964185,es,182,False,https://es.wikipedia.org/w/index.php?oldid=163758336,v2_completa_05
G1A4F11C7,tt0083291,en,215,False,https://en.wikipedia.org/w/index.php?oldid=1372588660,v2_completa_05
G1A776143,tt0085894,en,494,False,https://en.wikipedia.org/w/index.php?oldid=1360124941,v2_completa_05
G1A9A5BE0,tt0097123,en,629,False,https://en.wikipedia.org/w/index.php?oldid=1362328635,v2_completa_05
G1AAC5527,tt1477834,en,655,False,https://en.wikipedia.org/w/index.php?oldid=1361023667,v2_completa_05
G1AAFCEFC,tt1234721,en,532,False,https://en.wikipedia.org/w/index.php?oldid=1368857208,v2_completa_05
G1B135D88,tt0106965,en,698,False,https://en.wikipedia.org/w/index.php?oldid=1370126005,v2_completa_05
G1B3932C0,tt0113083,es,352,False,https://es.wikipedia.org/w/index.php?oldid=174938717,v2_completa_05
G1B3DCD38,tt1298554,en,540,False,https://en.wikipedia.org/w/index.php?oldid=1341405665,v2_completa_05
G1B86C417,tt1211956,en,713,False,https://en.wikipedia.org/w/index.php?oldid=1370080101,v2_completa_05
G1BA0455F,tt0250478,es,248,False,https://es.wikipedia.org/w/index.php?oldid=171153135,v2_completa_05
G1BCA8A21,tt0372183,en,698,False,https://en.wikipedia.org/w/index.php?oldid=1368045529,v2_completa_05
G1BEF5128,tt0110997,en,519,False,https://en.wikipedia.org/w/index.php?oldid=1365687924,v2_completa_05
G1C09AEA6,tt0120744,en,695,False,https://en.wikipedia.org/w/index.php?oldid=1372444038,v2_completa_05
G1C0C752B,tt0095179,en,661,False,https://en.wikipedia.org/w/index.php?oldid=1371862821,v2_completa_05
G1C1F52BD,tt2023587,es,1726,True,https://es.wikipedia.org/w/index.php?oldid=171653545,v2_completa_05
G1C6BC43F,tt4698584,en,233,False,https://en.wikipedia.org/w/index.php?oldid=1359787803,v2_completa_05
G1C6C8291,tt0085233,en,336,False,https://en.wikipedia.org/w/index.php?oldid=1341438358,v2_completa_05
G1C94241B,tt0082131,es,174,False,https://es.wikipedia.org/w/index.php?oldid=166833578,v2_completa_05
G1D2A032A,tt0317740,en,804,False,https://en.wikipedia.org/w/index.php?oldid=1369202069,v2_completa_05
G1D637164,tt0340855,en,667,False,https://en.wikipedia.org/w/index.php?oldid=1368038459,v2_completa_05
G1D738224,tt1232829,en,718,False,https://en.wikipedia.org/w/index.php?oldid=1361841214,v2_completa_05
G1D7ABFFE,tt0098635,en,510,False,https://en.wikipedia.org/w/index.php?oldid=1370244353,v2_completa_05
G1D7B3620,tt1951264,en,675,False,https://en.wikipedia.org/w/index.php?oldid=1372705137,v2_completa_05
G1D893825,tt0441909,es,218,False,https://es.wikipedia.org/w/index.php?oldid=173170705,v2_completa_05
G1DE54492,tt0109040,en,431,False,https://en.wikipedia.org/w/index.php?oldid=1369796102,v2_completa_05
G1E022409,tt0086879,en,694,False,https://en.wikipedia.org/w/index.php?oldid=1372749567,v2_completa_05
G1E0FA0DD,tt1673434,en,653,False,https://en.wikipedia.org/w/index.php?oldid=1371487103,v2_completa_05
G1E1A9393,tt0089153,es,704,False,https://es.wikipedia.org/w/index.php?oldid=173754465,v2_completa_05
G1E43673D,tt0765010,en,663,False,https://en.wikipedia.org/w/index.php?oldid=1359436156,v2_completa_05
G1E85E2EC,tt0080377,en,451,False,https://en.wikipedia.org/w/index.php?oldid=1366804442,v2_completa_05
G1E906AA1,tt0458525,en,709,False,https://en.wikipedia.org/w/index.php?oldid=1371011227,v2_completa_05
G1ECBE450,tt0186151,en,430,False,https://en.wikipedia.org/w/index.php?oldid=1371553841,v2_completa_05
G1EDB4777,tt0166924,en,705,False,https://en.wikipedia.org/w/index.php?oldid=1372607061,v2_completa_05
G1EEF5237,tt0343818,en,700,False,https://en.wikipedia.org/w/index.php?oldid=1372050624,v2_completa_05
G1F093635,tt5104604,en,865,False,https://en.wikipedia.org/w/index.php?oldid=1372618769,v2_completa_05
G1F38E027,tt0145660,en,550,False,https://en.wikipedia.org/w/index.php?oldid=1372069495,v2_completa_05
G1F9A4737,tt0090685,en,711,False,https://en.wikipedia.org/w/index.php?oldid=1369750646,v2_completa_05
G200FF71E,tt0473360,en,614,False,https://en.wikipedia.org/w/index.php?oldid=1362238529,v2_completa_05
G202A0B53,tt1270797,en,535,False,https://en.wikipedia.org/w/index.php?oldid=1369736760,v2_completa_05
G2055E844,tt0118819,es,761,False,https://es.wikipedia.org/w/index.php?oldid=173203978,v2_completa_05
G2097B327,tt0898367,en,522,False,https://en.wikipedia.org/w/index.php?oldid=1369114626,v2_completa_05
G20A11F0D,tt0101829,en,618,False,https://en.wikipedia.org/w/index.php?oldid=1371886644,v2_completa_06
G20A1B2E3,tt0370263,en,711,False,https://en.wikipedia.org/w/index.php?oldid=1369948029,v2_completa_06
G20C98B5D,tt0092796,en,1446,True,https://en.wikipedia.org/w/index.php?oldid=1359789437,v2_completa_06
G20F22BC5,tt0084827,en,692,False,https://en.wikipedia.org/w/index.php?oldid=1372791653,v2_completa_06
G21246739,tt0273689,en,279,False,https://en.wikipedia.org/w/index.php?oldid=1361827511,v2_completa_06
G21286FB8,tt12593682,en,662,False,https://en.wikipedia.org/w/index.php?oldid=1372116960,v2_completa_06
G214E1146,tt0113540,en,665,False,https://en.wikipedia.org/w/index.php?oldid=1372626541,v2_completa_06
G2152A4A1,tt0107362,en,590,False,https://en.wikipedia.org/w/index.php?oldid=1370738479,v2_completa_06
G218CFEB9,tt0201721,es,203,False,https://es.wikipedia.org/w/index.php?oldid=173695803,v2_completa_06
G2192BED2,tt4116284,en,622,False,https://en.wikipedia.org/w/index.php?oldid=1372117376,v2_completa_06
G21BC7EC5,tt7668870,en,697,False,https://en.wikipedia.org/w/index.php?oldid=1366361990,v2_completa_06
G21F1A098,tt0129290,en,421,False,https://en.wikipedia.org/w/index.php?oldid=1369615019,v2_completa_06
G22163A8C,tt0112508,en,372,False,https://en.wikipedia.org/w/index.php?oldid=1368584612,v2_completa_06
G2240A443,tt0084592,es,152,False,https://es.wikipedia.org/w/index.php?oldid=162425253,v2_completa_06
G229B0C6E,tt4630562,en,571,False,https://en.wikipedia.org/w/index.php?oldid=1372009320,v2_completa_06
G22EA0A1C,tt0089173,en,592,False,https://en.wikipedia.org/w/index.php?oldid=1368885975,v2_completa_06
G232695F2,tt1285016,en,621,False,https://en.wikipedia.org/w/index.php?oldid=1370884877,v2_completa_06
G23411F9C,tt0095016,en,596,False,https://en.wikipedia.org/w/index.php?oldid=1370659250,v2_completa_06
G2353A7E8,tt1186830,es,599,False,https://es.wikipedia.org/w/index.php?oldid=174353649,v2_completa_06
G239C3009,tt0103759,en,665,False,https://en.wikipedia.org/w/index.php?oldid=1366285343,v2_completa_06
G23A0EF80,tt0091474,en,626,False,https://en.wikipedia.org/w/index.php?oldid=1371142568,v2_completa_06
G23C16FEA,tt0080761,en,510,False,https://en.wikipedia.org/w/index.php?oldid=1371714195,v2_completa_06
G23CE35EB,tt0458455,es,860,False,https://es.wikipedia.org/w/index.php?oldid=174063735,v2_completa_06
G247D61CE,tt0115736,en,661,False,https://en.wikipedia.org/w/index.php?oldid=1371884505,v2_completa_06
G24837406,tt0089017,en,801,False,https://en.wikipedia.org/w/index.php?oldid=1369457886,v2_completa_06
G24909BE0,tt3778644,en,662,False,https://en.wikipedia.org/w/index.php?oldid=1369075087,v2_completa_06
G24A0E2D6,tt4912910,en,672,False,https://en.wikipedia.org/w/index.php?oldid=1370538088,v2_completa_06
G24BDE05A,tt1535108,en,690,False,https://en.wikipedia.org/w/index.php?oldid=1371405176,v2_completa_06
G24D74DFC,tt0151572,es,428,False,https://es.wikipedia.org/w/index.php?oldid=173655837,v2_completa_06
G24E0CF2B,tt2562232,en,697,False,https://en.wikipedia.org/w/index.php?oldid=1372018317,v2_completa_06
G24ED0B8C,tt0102494,en,488,False,https://en.wikipedia.org/w/index.php?oldid=1369332788,v2_completa_06
G2558F99C,tt0085154,en,389,False,https://en.wikipedia.org/w/index.php?oldid=1364696761,v2_completa_06
G2585A828,tt0335345,en,586,False,https://en.wikipedia.org/w/index.php?oldid=1372439453,v2_completa_06
G25B03028,tt0103791,en,280,False,https://en.wikipedia.org/w/index.php?oldid=1364616003,v2_completa_06
G25B5182B,tt0169547,en,605,False,https://en.wikipedia.org/w/index.php?oldid=1371562977,v2_completa_06
G25CCDC08,tt9243946,en,691,False,https://en.wikipedia.org/w/index.php?oldid=1371845793,v2_completa_06
G25FF948F,tt7605922,en,231,False,https://en.wikipedia.org/w/index.php?oldid=1342367973,v2_completa_06
G260ABC02,tt0090633,en,680,False,https://en.wikipedia.org/w/index.php?oldid=1371997202,v2_completa_06
G2647F7F6,tt14208870,en,678,False,https://en.wikipedia.org/w/index.php?oldid=1372064403,v2_completa_06
G265B9552,tt0443584,en,611,False,https://en.wikipedia.org/w/index.php?oldid=1369819791,v2_completa_06
G2697673C,tt0106489,en,778,False,https://en.wikipedia.org/w/index.php?oldid=1370234038,v2_completa_06
G26A8FED1,tt0089853,en,406,False,https://en.wikipedia.org/w/index.php?oldid=1368924959,v2_completa_06
G26A9B898,tt0122151,en,673,False,https://en.wikipedia.org/w/index.php?oldid=1372811085,v2_completa_06
G26C3AC29,tt0082089,en,731,False,https://en.wikipedia.org/w/index.php?oldid=1366071681,v2_completa_06
G26DBE394,tt0432283,en,458,False,https://en.wikipedia.org/w/index.php?oldid=1372061493,v2_completa_06
G26DC6549,tt0104868,en,574,False,https://en.wikipedia.org/w/index.php?oldid=1372348144,v2_completa_06
G2720E586,tt0092890,en,623,False,https://en.wikipedia.org/w/index.php?oldid=1371186537,v2_completa_06
G274B4354,tt1409024,en,548,False,https://en.wikipedia.org/w/index.php?oldid=1371830010,v2_completa_06
G274B6707,tt0434409,en,646,False,https://en.wikipedia.org/w/index.php?oldid=1372451876,v2_completa_06
G274C4789,tt0083019,en,165,False,https://en.wikipedia.org/w/index.php?oldid=1372590665,v2_completa_06
G2784E6C0,tt6760876,es,796,False,https://es.wikipedia.org/w/index.php?oldid=174933439,v2_completa_07
G27AEA48E,tt0151804,en,725,False,https://en.wikipedia.org/w/index.php?oldid=1372663808,v2_completa_07
G27AEC3D3,tt0108399,en,568,False,https://en.wikipedia.org/w/index.php?oldid=1371824103,v2_completa_07
G27B23B1B,tt0112281,en,744,False,https://en.wikipedia.org/w/index.php?oldid=1369231430,v2_completa_07
G27DCC12F,tt29439114,en,417,False,https://en.wikipedia.org/w/index.php?oldid=1369879712,v2_completa_07
G27E50CE1,tt0154421,en,413,False,https://en.wikipedia.org/w/index.php?oldid=1372807444,v2_completa_07
G2818FD7B,tt0087089,en,203,False,https://en.wikipedia.org/w/index.php?oldid=1355101445,v2_completa_07
G2828DF1A,tt0117666,en,635,False,https://en.wikipedia.org/w/index.php?oldid=1361082805,v2_completa_07
G282A55D3,tt0375679,en,634,False,https://en.wikipedia.org/w/index.php?oldid=1370882341,v2_completa_07
G282E5702,tt0267913,en,677,False,https://en.wikipedia.org/w/index.php?oldid=1371604395,v2_completa_07
G284098B1,tt0350193,es,259,False,https://es.wikipedia.org/w/index.php?oldid=173255331,v2_completa_07
G289DA693,tt5592878,es,1275,True,https://es.wikipedia.org/w/index.php?oldid=172215724,v2_completa_07
G28B45FAF,tt1217209,en,846,False,https://en.wikipedia.org/w/index.php?oldid=1372452273,v2_completa_07
G28DA8D22,tt0095675,es,283,False,https://es.wikipedia.org/w/index.php?oldid=174153954,v2_completa_07
G28E7B6BF,tt0268380,en,515,False,https://en.wikipedia.org/w/index.php?oldid=1371004969,v2_completa_07
G292B76B0,tt1591095,en,608,False,https://en.wikipedia.org/w/index.php?oldid=1372944497,v2_completa_07
G2952DB13,tt0092619,en,595,False,https://en.wikipedia.org/w/index.php?oldid=1361129736,v2_completa_07
G295D8147,tt0220631,en,785,False,https://en.wikipedia.org/w/index.php?oldid=1363578856,v2_completa_07
G29B32CA9,tt0432348,en,735,False,https://en.wikipedia.org/w/index.php?oldid=1358241232,v2_completa_07
G29BD1E27,tt0091223,en,546,False,https://en.wikipedia.org/w/index.php?oldid=1371216046,v2_completa_07
G2A0C9748,tt0096256,en,675,False,https://en.wikipedia.org/w/index.php?oldid=1371663096,v2_completa_07
G2A37E5EA,tt1127180,en,662,False,https://en.wikipedia.org/w/index.php?oldid=1372502290,v2_completa_07
G2A3A3F66,tt0102603,en,772,False,https://en.wikipedia.org/w/index.php?oldid=1361239541,v2_completa_07
G2A7AC275,tt2948356,en,693,False,https://en.wikipedia.org/w/index.php?oldid=1371877169,v2_completa_07
G2A81C6F5,tt6334354,en,651,False,https://en.wikipedia.org/w/index.php?oldid=1372874773,v2_completa_07
G2AAB91D6,tt0454876,en,706,False,https://en.wikipedia.org/w/index.php?oldid=1369946046,v2_completa_07
G2AF1CD38,tt0099484,en,273,False,https://en.wikipedia.org/w/index.php?oldid=1372175501,v2_completa_07
G2AF9A4B2,tt0081696,en,545,False,https://en.wikipedia.org/w/index.php?oldid=1368196348,v2_completa_07
G2B419EFF,tt3202202,en,1635,True,https://en.wikipedia.org/w/index.php?oldid=1366693186,v2_completa_07
G2B89C58A,tt3532216,en,584,False,https://en.wikipedia.org/w/index.php?oldid=1369384498,v2_completa_07
G2C0BCD72,tt8946378,en,690,False,https://en.wikipedia.org/w/index.php?oldid=1372480304,v2_completa_07
G2C12873A,tt0831387,en,652,False,https://en.wikipedia.org/w/index.php?oldid=1372842571,v2_completa_07
G2C1CADE3,tt0113312,es,248,False,https://es.wikipedia.org/w/index.php?oldid=162278524,v2_completa_07
G2C1D2B65,tt19175696,en,560,False,https://en.wikipedia.org/w/index.php?oldid=1372630528,v2_completa_07
G2C3516CC,tt0086619,en,476,False,https://en.wikipedia.org/w/index.php?oldid=1372134653,v2_completa_07
G2C728794,tt0462538,en,691,False,https://en.wikipedia.org/w/index.php?oldid=1372379458,v2_completa_07
G2C73CCC3,tt0082783,en,382,False,https://en.wikipedia.org/w/index.php?oldid=1370862431,v2_completa_07
G2C9D5894,tt0803096,en,679,False,https://en.wikipedia.org/w/index.php?oldid=1372298296,v2_completa_07
G2CB2F3A6,tt0905329,es,410,False,https://es.wikipedia.org/w/index.php?oldid=166175152,v2_completa_07
G2CCD5019,tt0099701,en,130,False,https://en.wikipedia.org/w/index.php?oldid=1371221524,v2_completa_07
G2D586208,tt4924942,es,133,False,https://es.wikipedia.org/w/index.php?oldid=174374381,v2_completa_07
G2D9DB511,tt0145487,en,580,False,https://en.wikipedia.org/w/index.php?oldid=1372226895,v2_completa_07
G2DB9BD4F,tt0091778,en,687,False,https://en.wikipedia.org/w/index.php?oldid=1362474620,v2_completa_07
G2DBC437C,tt0082377,en,514,False,https://en.wikipedia.org/w/index.php?oldid=1371454916,v2_completa_07
G2DC5824E,tt0381392,es,428,False,https://es.wikipedia.org/w/index.php?oldid=173198682,v2_completa_07
G2DCF5EAD,tt1038988,es,807,False,https://es.wikipedia.org/w/index.php?oldid=175126543,v2_completa_07
G2DD7BDA3,tt0090116,es,452,False,https://es.wikipedia.org/w/index.php?oldid=166727148,v2_completa_07
G2E1AD681,tt0096463,en,789,False,https://en.wikipedia.org/w/index.php?oldid=1372017216,v2_completa_07
G2E2783F4,tt0251777,es,488,False,https://es.wikipedia.org/w/index.php?oldid=162296092,v2_completa_07
G2E9BEAC1,tt1242422,es,739,False,https://es.wikipedia.org/w/index.php?oldid=172805040,v2_completa_07
G2EC581FA,tt0330994,en,608,False,https://en.wikipedia.org/w/index.php?oldid=1368884404,v2_completa_08
G2ECDF045,tt0184894,en,665,False,https://en.wikipedia.org/w/index.php?oldid=1367259222,v2_completa_08
G2EDF5E7E,tt1002539,en,1170,True,https://en.wikipedia.org/w/index.php?oldid=1341423400,v2_completa_08
G2F52B5C1,tt0120815,en,641,False,https://en.wikipedia.org/w/index.php?oldid=1371805863,v2_completa_08
G2F800758,tt0087238,en,540,False,https://en.wikipedia.org/w/index.php?oldid=1341438817,v2_completa_08
G2FA5EE54,tt14230388,en,1507,True,https://en.wikipedia.org/w/index.php?oldid=1372184755,v2_completa_08
G2FAC11E0,tt0120660,en,592,False,https://en.wikipedia.org/w/index.php?oldid=1369285180,v2_completa_08
G2FB2C7E1,tt0120780,en,747,False,https://en.wikipedia.org/w/index.php?oldid=1363309519,v2_completa_08
G2FB78611,tt0086312,en,347,False,https://en.wikipedia.org/w/index.php?oldid=1372511426,v2_completa_08
G2FF8AE07,tt0430922,en,621,False,https://en.wikipedia.org/w/index.php?oldid=1371332981,v2_completa_08
G2FFDC54B,tt1217070,en,473,False,https://en.wikipedia.org/w/index.php?oldid=1358016710,v2_completa_08
G3000FD83,tt2381249,en,742,False,https://en.wikipedia.org/w/index.php?oldid=1372332768,v2_completa_08
G3012036A,tt1502397,en,651,False,https://en.wikipedia.org/w/index.php?oldid=1368735400,v2_completa_08
G3015F0D8,tt0100140,en,684,False,https://en.wikipedia.org/w/index.php?oldid=1368396237,v2_completa_08
G3019F598,tt5886046,en,653,False,https://en.wikipedia.org/w/index.php?oldid=1362432537,v2_completa_08
G30237087,tt0780521,en,669,False,https://en.wikipedia.org/w/index.php?oldid=1372418080,v2_completa_08
G305AE94D,tt0216216,en,705,False,https://en.wikipedia.org/w/index.php?oldid=1368282675,v2_completa_08
G306CE971,tt0105104,en,742,False,https://en.wikipedia.org/w/index.php?oldid=1368595070,v2_completa_08
G309DA728,tt2184339,en,654,False,https://en.wikipedia.org/w/index.php?oldid=1368068064,v2_completa_08
G30B04C34,tt0091541,en,543,False,https://en.wikipedia.org/w/index.php?oldid=1370916704,v2_completa_08
G30CA0C96,tt0100477,en,547,False,https://en.wikipedia.org/w/index.php?oldid=1372808587,v2_completa_08
G30FA34D1,tt0448011,en,680,False,https://en.wikipedia.org/w/index.php?oldid=1372298484,v2_completa_08
G310AF75C,tt0092263,en,700,False,https://en.wikipedia.org/w/index.php?oldid=1372802428,v2_completa_08
G313BABEE,tt0102138,en,764,False,https://en.wikipedia.org/w/index.php?oldid=1372455233,v2_completa_08
G3141DBED,tt0104187,en,576,False,https://en.wikipedia.org/w/index.php?oldid=1369587108,v2_completa_08
G31570CDE,tt0110950,en,447,False,https://en.wikipedia.org/w/index.php?oldid=1372450113,v2_completa_08
G3161A2D5,tt1502407,en,482,False,https://en.wikipedia.org/w/index.php?oldid=1371545058,v2_completa_08
G3162C88F,tt0348853,es,128,False,https://es.wikipedia.org/w/index.php?oldid=162222783,v2_completa_08
G319742DF,tt0094715,en,536,False,https://en.wikipedia.org/w/index.php?oldid=1372112314,v2_completa_08
G31AE42D5,tt0247887,es,223,False,https://es.wikipedia.org/w/index.php?oldid=172222557,v2_completa_08
G31C4573A,tt1489889,en,714,False,https://en.wikipedia.org/w/index.php?oldid=1371737809,v2_completa_08
G31EA34EC,tt3183660,en,769,False,https://en.wikipedia.org/w/index.php?oldid=1369674914,v2_completa_08
G31EAD847,tt0307987,en,690,False,https://en.wikipedia.org/w/index.php?oldid=1368794822,v2_completa_08
G3248BE7E,tt0117985,es,455,False,https://es.wikipedia.org/w/index.php?oldid=175095864,v2_completa_08
G324D24A3,tt0099103,es,134,False,https://es.wikipedia.org/w/index.php?oldid=173325260,v2_completa_08
G32514143,tt0420548,en,400,False,https://en.wikipedia.org/w/index.php?oldid=1341425489,v2_completa_08
G32A24754,tt0091083,en,612,False,https://en.wikipedia.org/w/index.php?oldid=1368192664,v2_completa_08
G32B1BBEA,tt1825683,en,673,False,https://en.wikipedia.org/w/index.php?oldid=1372162099,v2_completa_08
G32CF411C,tt0330702,es,183,False,https://es.wikipedia.org/w/index.php?oldid=165529991,v2_completa_08
G32CFCB89,tt21235248,en,669,False,https://en.wikipedia.org/w/index.php?oldid=1372256586,v2_completa_08
G32D7DB05,tt0086425,en,504,False,https://en.wikipedia.org/w/index.php?oldid=1371689209,v2_completa_08
G330CF89B,tt1502712,en,578,False,https://en.wikipedia.org/w/index.php?oldid=1370900694,v2_completa_08
G33415125,tt0083567,en,332,False,https://en.wikipedia.org/w/index.php?oldid=1341438165,v2_completa_08
G334427B7,tt0116136,en,749,False,https://en.wikipedia.org/w/index.php?oldid=1370297983,v2_completa_08
G3390E471,tt0105121,en,608,False,https://en.wikipedia.org/w/index.php?oldid=1371501451,v2_completa_08
G339A9B83,tt0111756,en,672,False,https://en.wikipedia.org/w/index.php?oldid=1367627846,v2_completa_08
G33C83F6F,tt11750282,en,747,False,https://en.wikipedia.org/w/index.php?oldid=1359805643,v2_completa_08
G33DABDFB,tt0146468,es,739,False,https://es.wikipedia.org/w/index.php?oldid=165406841,v2_completa_08
G34035F04,tt12747748,en,803,False,https://en.wikipedia.org/w/index.php?oldid=1366124579,v2_completa_08
G34044661,tt0098084,en,701,False,https://en.wikipedia.org/w/index.php?oldid=1371511788,v2_completa_08
G3412EE45,tt0258463,en,712,False,https://en.wikipedia.org/w/index.php?oldid=1369645116,v2_completa_09
G342AEA20,tt0086541,en,634,False,https://en.wikipedia.org/w/index.php?oldid=1369674389,v2_completa_09
G34EED394,tt1634003,es,994,False,https://es.wikipedia.org/w/index.php?oldid=174926128,v2_completa_09
G34F0B980,tt0129923,en,441,False,https://en.wikipedia.org/w/index.php?oldid=1354824755,v2_completa_09
G352333A9,tt0453047,es,192,False,https://es.wikipedia.org/w/index.php?oldid=173884435,v2_completa_09
G3585A581,tt15009428,en,484,False,https://en.wikipedia.org/w/index.php?oldid=1372300971,v2_completa_09
G35BCC8AD,tt0181852,en,693,False,https://en.wikipedia.org/w/index.php?oldid=1371696068,v2_completa_09
G35D9A20C,tt0090329,en,692,False,https://en.wikipedia.org/w/index.php?oldid=1372040121,v2_completa_09
G35EF7A0B,tt0119229,en,593,False,https://en.wikipedia.org/w/index.php?oldid=1369766496,v2_completa_09
G36133142,tt0097441,en,612,False,https://en.wikipedia.org/w/index.php?oldid=1371155728,v2_completa_09
G3623E871,tt1705786,es,1073,False,https://es.wikipedia.org/w/index.php?oldid=174547934,v2_completa_09
G362985CA,tt0087469,en,490,False,https://en.wikipedia.org/w/index.php?oldid=1369405999,v2_completa_09
G3655211C,tt0800241,en,731,False,https://en.wikipedia.org/w/index.php?oldid=1360575536,v2_completa_09
G367A072E,tt0091080,en,720,False,https://en.wikipedia.org/w/index.php?oldid=1371172184,v2_completa_09
G36C73A94,tt0107554,en,701,False,https://en.wikipedia.org/w/index.php?oldid=1371621318,v2_completa_09
G36E2908E,tt0396171,en,751,False,https://en.wikipedia.org/w/index.php?oldid=1369374051,v2_completa_09
G36E60CDF,tt1462758,es,656,False,https://es.wikipedia.org/w/index.php?oldid=172876219,v2_completa_09
G36F63EF2,tt1324999,en,563,False,https://en.wikipedia.org/w/index.php?oldid=1370432123,v2_completa_09
G3704F81D,tt0098324,en,722,False,https://en.wikipedia.org/w/index.php?oldid=1347198202,v2_completa_09
G3721DC5F,tt29268110,en,658,False,https://en.wikipedia.org/w/index.php?oldid=1371616388,v2_completa_09
G3722AE68,tt0083813,en,460,False,https://en.wikipedia.org/w/index.php?oldid=1341438201,v2_completa_09
G372C826B,tt9421200,en,204,False,https://en.wikipedia.org/w/index.php?oldid=1357856289,v2_completa_09
G37449CF2,tt0381061,en,650,False,https://en.wikipedia.org/w/index.php?oldid=1372671647,v2_completa_09
G374F1A86,tt0112461,en,601,False,https://en.wikipedia.org/w/index.php?oldid=1359779643,v2_completa_09
G37559BF3,tt0337563,en,627,False,https://en.wikipedia.org/w/index.php?oldid=1371298258,v2_completa_09
G375AE7F8,tt0108255,en,553,False,https://en.wikipedia.org/w/index.php?oldid=1370881117,v2_completa_09
G376F3C51,tt1605783,en,703,False,https://en.wikipedia.org/w/index.php?oldid=1363495029,v2_completa_09
G378C0440,tt0106856,en,694,False,https://en.wikipedia.org/w/index.php?oldid=1371831537,v2_completa_09
G37B6C550,tt3281548,en,660,False,https://en.wikipedia.org/w/index.php?oldid=1365641397,v2_completa_09
G37F6A408,tt1104001,en,649,False,https://en.wikipedia.org/w/index.php?oldid=1369074581,v2_completa_09
G380414A7,tt7069210,en,467,False,https://en.wikipedia.org/w/index.php?oldid=1367599499,v2_completa_09
G381F045C,tt0101761,en,562,False,https://en.wikipedia.org/w/index.php?oldid=1372489557,v2_completa_09
G3853C647,tt0092901,en,449,False,https://en.wikipedia.org/w/index.php?oldid=1341439078,v2_completa_09
G38706B01,tt0119282,en,623,False,https://en.wikipedia.org/w/index.php?oldid=1372116667,v2_completa_09
G38750FA5,tt2004420,en,686,False,https://en.wikipedia.org/w/index.php?oldid=1365368710,v2_completa_09
G387A4BEC,tt4154756,en,683,False,https://en.wikipedia.org/w/index.php?oldid=1371246556,v2_completa_09
G3885D1E8,tt0363547,en,536,False,https://en.wikipedia.org/w/index.php?oldid=1364900027,v2_completa_09
G38CCCD1F,tt1588173,en,646,False,https://en.wikipedia.org/w/index.php?oldid=1369922085,v2_completa_09
G38DB9DF5,tt0090949,en,686,False,https://en.wikipedia.org/w/index.php?oldid=1341439679,v2_completa_09
G38FBD61C,tt27599851,es,176,False,https://es.wikipedia.org/w/index.php?oldid=172856772,v2_completa_09
G3910F62C,tt3890160,en,610,False,https://en.wikipedia.org/w/index.php?oldid=1372683126,v2_completa_09
G393C3333,tt0130018,en,694,False,https://en.wikipedia.org/w/index.php?oldid=1368401721,v2_completa_09
G39437AAC,tt7504726,en,641,False,https://en.wikipedia.org/w/index.php?oldid=1365821682,v2_completa_09
G395497AD,tt0092106,en,629,False,https://en.wikipedia.org/w/index.php?oldid=1372789062,v2_completa_09
G395637F4,tt0083658,en,697,False,https://en.wikipedia.org/w/index.php?oldid=1372618310,v2_completa_09
G39B099C9,tt0114814,en,637,False,https://en.wikipedia.org/w/index.php?oldid=1372379903,v2_completa_09
G39BD6DA8,tt0081534,en,657,False,https://en.wikipedia.org/w/index.php?oldid=1366908145,v2_completa_09
G39D5A7A3,tt0181530,en,740,False,https://en.wikipedia.org/w/index.php?oldid=1358944905,v2_completa_09
G39FC0B57,tt0082431,en,672,False,https://en.wikipedia.org/w/index.php?oldid=1371531467,v2_completa_09
G3A04A102,tt0086336,en,605,False,https://en.wikipedia.org/w/index.php?oldid=1370003377,v2_completa_09
G3A2DB926,tt0209174,es,128,False,https://es.wikipedia.org/w/index.php?oldid=165527403,v2_completa_10
G3A2E9CDD,tt2005151,en,678,False,https://en.wikipedia.org/w/index.php?oldid=1370084555,v2_completa_10
G3A5377F0,tt0256380,en,664,False,https://en.wikipedia.org/w/index.php?oldid=1371062622,v2_completa_10
G3A625BFE,tt1194173,en,682,False,https://en.wikipedia.org/w/index.php?oldid=1370293742,v2_completa_10
G3A947350,tt0082449,en,729,False,https://en.wikipedia.org/w/index.php?oldid=1371694068,v2_completa_10
G3AA7B163,tt0118929,en,608,False,https://en.wikipedia.org/w/index.php?oldid=1371291641,v2_completa_10
G3AACB8B0,tt0247638,en,665,False,https://en.wikipedia.org/w/index.php?oldid=1372651140,v2_completa_10
G3AC10B68,tt0085496,en,663,False,https://en.wikipedia.org/w/index.php?oldid=1353429318,v2_completa_10
G3AC8CA79,tt0232611,es,148,False,https://es.wikipedia.org/w/index.php?oldid=169554317,v2_completa_10
G3AD53AAB,tt0087277,en,449,False,https://en.wikipedia.org/w/index.php?oldid=1370196237,v2_completa_10
G3AD92969,tt0119099,en,415,False,https://en.wikipedia.org/w/index.php?oldid=1369533554,v2_completa_10
G3B2B4128,tt5827790,en,265,False,https://en.wikipedia.org/w/index.php?oldid=1358661058,v2_completa_10
G3B78F82D,tt0081529,en,1060,False,https://en.wikipedia.org/w/index.php?oldid=1366459259,v2_completa_10
G3B7D5ED2,tt0443453,en,672,False,https://en.wikipedia.org/w/index.php?oldid=1372761348,v2_completa_10
G3B8494C1,tt0116583,en,595,False,https://en.wikipedia.org/w/index.php?oldid=1372807418,v2_completa_10
G3B9C1ADC,tt0812377,en,194,False,https://en.wikipedia.org/w/index.php?oldid=1341423913,v2_completa_10
G3BA4ACB3,tt0083169,en,544,False,https://en.wikipedia.org/w/index.php?oldid=1369527664,v2_completa_10
G3BA9FDBB,tt0115433,en,585,False,https://en.wikipedia.org/w/index.php?oldid=1372117292,v2_completa_10
G3BAFEA48,tt1924277,es,178,False,https://es.wikipedia.org/w/index.php?oldid=162390666,v2_completa_10
G3BB419DF,tt18925334,en,632,False,https://en.wikipedia.org/w/index.php?oldid=1370187217,v2_completa_10
G3BBE700D,tt0146547,es,185,False,https://es.wikipedia.org/w/index.php?oldid=167614270,v2_completa_10
G3BFBA8A6,tt0107048,en,705,False,https://en.wikipedia.org/w/index.php?oldid=1371719774,v2_completa_10
G3BFF1248,tt13660916,en,593,False,https://en.wikipedia.org/w/index.php?oldid=1341400600,v2_completa_10
G3C0DB634,tt0082655,es,146,False,https://es.wikipedia.org/w/index.php?oldid=168399426,v2_completa_10
G3C2629D0,tt0099348,en,660,False,https://en.wikipedia.org/w/index.php?oldid=1371764093,v2_completa_10
G3C47483B,tt1284575,en,503,False,https://en.wikipedia.org/w/index.php?oldid=1365316576,v2_completa_10
G3C6DF0E0,tt10919380,en,599,False,https://en.wikipedia.org/w/index.php?oldid=1371745679,v2_completa_10
G3C9082EB,tt2873282,en,838,False,https://en.wikipedia.org/w/index.php?oldid=1369316279,v2_completa_10
G3C9DF9F4,tt0829150,en,665,False,https://en.wikipedia.org/w/index.php?oldid=1369978106,v2_completa_10
G3CA3581D,tt0085750,en,820,False,https://en.wikipedia.org/w/index.php?oldid=1372203978,v2_completa_10
G3CA3682A,tt13229894,es,892,False,https://es.wikipedia.org/w/index.php?oldid=174755056,v2_completa_10
G3CE735E6,tt0086393,en,429,False,https://en.wikipedia.org/w/index.php?oldid=1371825835,v2_completa_10
G3D38B387,tt0945513,en,676,False,https://en.wikipedia.org/w/index.php?oldid=1369911878,v2_completa_10
G3D4DAB61,tt1797504,es,798,False,https://es.wikipedia.org/w/index.php?oldid=174038148,v2_completa_10
G3D65EDEC,tt0993840,en,699,False,https://en.wikipedia.org/w/index.php?oldid=1371887531,v2_completa_10
G3D6C7C03,tt0088206,en,584,False,https://en.wikipedia.org/w/index.php?oldid=1368781158,v2_completa_10
G3D7C0949,tt0112864,en,727,False,https://en.wikipedia.org/w/index.php?oldid=1367895360,v2_completa_10
G3DB09385,tt0101605,en,697,False,https://en.wikipedia.org/w/index.php?oldid=1371684364,v2_completa_10
G3DB2CD8F,tt0120787,en,673,False,https://en.wikipedia.org/w/index.php?oldid=1370590918,v2_completa_10
G3DFD5C86,tt0223897,en,474,False,https://en.wikipedia.org/w/index.php?oldid=1370507940,v2_completa_10
G3E2263DB,tt11891850,es,385,False,https://es.wikipedia.org/w/index.php?oldid=172141462,v2_completa_10
G3E2732C0,tt3397884,en,627,False,https://en.wikipedia.org/w/index.php?oldid=1371813859,v2_completa_10
G3E810DC2,tt0086993,en,597,False,https://en.wikipedia.org/w/index.php?oldid=1357211131,v2_completa_10
G3E90EB57,tt26753003,en,680,False,https://en.wikipedia.org/w/index.php?oldid=1364010426,v2_completa_10
G3EBA4CB5,tt10682266,en,641,False,https://en.wikipedia.org/w/index.php?oldid=1372684286,v2_completa_10
G3EE98FAD,tt0090190,en,637,False,https://en.wikipedia.org/w/index.php?oldid=1346689487,v2_completa_10
G3F5091B0,tt5463162,en,643,False,https://en.wikipedia.org/w/index.php?oldid=1372775991,v2_completa_10
G3F5BCCDA,tt26530493,en,366,False,https://en.wikipedia.org/w/index.php?oldid=1363730397,v2_completa_10
G3FB466A6,tt0083564,en,544,False,https://en.wikipedia.org/w/index.php?oldid=1371806428,v2_completa_10
G3FC75680,tt0086383,en,745,False,https://en.wikipedia.org/w/index.php?oldid=1370108425,v2_completa_10
G3FCAD56E,tt0220580,es,137,False,https://es.wikipedia.org/w/index.php?oldid=169211339,v2_completa_11
G3FCAF976,tt0094721,en,673,False,https://en.wikipedia.org/w/index.php?oldid=1370107772,v2_completa_11
G3FFC38FC,tt0100507,en,690,False,https://en.wikipedia.org/w/index.php?oldid=1370421426,v2_completa_11
G4019E8E5,tt1661199,en,699,False,https://en.wikipedia.org/w/index.php?oldid=1372117289,v2_completa_11
G401BFE2E,tt1104083,es,297,False,https://es.wikipedia.org/w/index.php?oldid=162179600,v2_completa_11
G405A5445,tt0082348,en,817,False,https://en.wikipedia.org/w/index.php?oldid=1372002209,v2_completa_11
G405F4375,tt0103064,en,586,False,https://en.wikipedia.org/w/index.php?oldid=1372299939,v2_completa_11
G4075DE00,tt0834001,en,607,False,https://en.wikipedia.org/w/index.php?oldid=1371030141,v2_completa_11
G408FC63A,tt0092925,en,701,False,https://en.wikipedia.org/w/index.php?oldid=1366100104,v2_completa_11
G4098DB5A,tt1706593,en,603,False,https://en.wikipedia.org/w/index.php?oldid=1372250900,v2_completa_11
G40A8102F,tt0084826,en,181,False,https://en.wikipedia.org/w/index.php?oldid=1339283240,v2_completa_11
G40AC7394,tt0117500,en,717,False,https://en.wikipedia.org/w/index.php?oldid=1370777755,v2_completa_11
G40BDEDFA,tt14138650,en,488,False,https://en.wikipedia.org/w/index.php?oldid=1363023041,v2_completa_11
G40CC46BD,tt0825232,en,636,False,https://en.wikipedia.org/w/index.php?oldid=1369863181,v2_completa_11
G411BF321,tt0086837,en,661,False,https://en.wikipedia.org/w/index.php?oldid=1367689489,v2_completa_11
G41232B77,tt4326444,es,776,False,https://es.wikipedia.org/w/index.php?oldid=171624081,v2_completa_11
G412C3E52,tt4846340,en,650,False,https://en.wikipedia.org/w/index.php?oldid=1370993849,v2_completa_11
G4140A3FD,tt11358390,en,556,False,https://en.wikipedia.org/w/index.php?oldid=1372049605,v2_completa_11
G4171D9B6,tt2872718,en,814,False,https://en.wikipedia.org/w/index.php?oldid=1369169015,v2_completa_11
G41834464,tt0083511,en,697,False,https://en.wikipedia.org/w/index.php?oldid=1371439118,v2_completa_11
G418A1F67,tt0183790,en,817,False,https://en.wikipedia.org/w/index.php?oldid=1372518450,v2_completa_11
G41C60587,tt0095250,en,827,False,https://en.wikipedia.org/w/index.php?oldid=1372232410,v2_completa_11
G4240900B,tt0096101,en,694,False,https://en.wikipedia.org/w/index.php?oldid=1371306625,v2_completa_11
G4244B5A1,tt27518776,es,157,False,https://es.wikipedia.org/w/index.php?oldid=172503557,v2_completa_11
G4289890D,tt0475937,es,505,False,https://es.wikipedia.org/w/index.php?oldid=174122498,v2_completa_11
G42905F21,tt0088870,en,589,False,https://en.wikipedia.org/w/index.php?oldid=1357470027,v2_completa_11
G429ED86F,tt0095647,en,732,False,https://en.wikipedia.org/w/index.php?oldid=1367796757,v2_completa_11
G42B672E7,tt0949731,en,454,False,https://en.wikipedia.org/w/index.php?oldid=1370160386,v2_completa_11
G42C4A144,tt0138749,en,819,False,https://en.wikipedia.org/w/index.php?oldid=1372808705,v2_completa_11
G42E2D729,tt0116908,en,697,False,https://en.wikipedia.org/w/index.php?oldid=1365165511,v2_completa_11
G42F1D8DF,tt0887883,en,666,False,https://en.wikipedia.org/w/index.php?oldid=1371207986,v2_completa_11
G43123C35,tt0109707,en,717,False,https://en.wikipedia.org/w/index.php?oldid=1370396493,v2_completa_11
G4315C0E1,tt4964788,en,836,False,https://en.wikipedia.org/w/index.php?oldid=1359130808,v2_completa_11
G431A1647,tt0118571,en,657,False,https://en.wikipedia.org/w/index.php?oldid=1368282712,v2_completa_11
G431AC385,tt0102057,en,650,False,https://en.wikipedia.org/w/index.php?oldid=1370795560,v2_completa_11
G43396F39,tt0449467,en,910,False,https://en.wikipedia.org/w/index.php?oldid=1371060582,v2_completa_11
G438098D0,tt7975244,en,515,False,https://en.wikipedia.org/w/index.php?oldid=1372081746,v2_completa_11
G43932DFE,tt1213663,en,696,False,https://en.wikipedia.org/w/index.php?oldid=1368258078,v2_completa_11
G43C30D95,tt0081480,en,650,False,https://en.wikipedia.org/w/index.php?oldid=1366621288,v2_completa_11
G43E065B3,tt0325805,en,674,False,https://en.wikipedia.org/w/index.php?oldid=1361173325,v2_completa_11
G43FD88E9,tt2404435,en,532,False,https://en.wikipedia.org/w/index.php?oldid=1369184927,v2_completa_11
G441D78AA,tt1201607,en,691,False,https://en.wikipedia.org/w/index.php?oldid=1370051184,v2_completa_11
G442D197A,tt2854926,en,502,False,https://en.wikipedia.org/w/index.php?oldid=1371701068,v2_completa_11
G4454230E,tt0101669,en,692,False,https://en.wikipedia.org/w/index.php?oldid=1372104008,v2_completa_11
G4464DEC4,tt0088850,en,710,False,https://en.wikipedia.org/w/index.php?oldid=1369498974,v2_completa_11
G44D63C2B,tt0097027,en,633,False,https://en.wikipedia.org/w/index.php?oldid=1372722710,v2_completa_11
G44D82CEF,tt0080379,en,712,False,https://en.wikipedia.org/w/index.php?oldid=1370804977,v2_completa_11
G44F5429A,tt0369610,en,636,False,https://en.wikipedia.org/w/index.php?oldid=1372032926,v2_completa_11
G453A8D54,tt0112682,es,170,False,https://es.wikipedia.org/w/index.php?oldid=170828208,v2_completa_11
G45532332,tt15239678,en,644,False,https://en.wikipedia.org/w/index.php?oldid=1372568292,v2_completa_11
G455B372E,tt0087597,en,653,False,https://en.wikipedia.org/w/index.php?oldid=1368571250,v2_completa_12
G4570B885,tt27751957,es,131,False,https://es.wikipedia.org/w/index.php?oldid=173059240,v2_completa_12
G459C58CF,tt2953050,en,643,False,https://en.wikipedia.org/w/index.php?oldid=1371368908,v2_completa_12
G4628C7F4,tt7888964,en,788,False,https://en.wikipedia.org/w/index.php?oldid=1372915032,v2_completa_12
G464BAB74,tt9362930,en,629,False,https://en.wikipedia.org/w/index.php?oldid=1368722654,v2_completa_12
G46B5FAD5,tt0097165,en,594,False,https://en.wikipedia.org/w/index.php?oldid=1368754563,v2_completa_12
G46CC0C8B,tt0261311,es,202,False,https://es.wikipedia.org/w/index.php?oldid=169530569,v2_completa_12
G46CEF8BC,tt0092873,en,570,False,https://en.wikipedia.org/w/index.php?oldid=1372728735,v2_completa_12
G470C3855,tt0167261,en,627,False,https://en.wikipedia.org/w/index.php?oldid=1372300125,v2_completa_12
G4727A280,tt0089686,en,380,False,https://en.wikipedia.org/w/index.php?oldid=1367327917,v2_completa_12
G473E4211,tt0087957,en,533,False,https://en.wikipedia.org/w/index.php?oldid=1372191426,v2_completa_12
G474ED079,tt0302886,en,545,False,https://en.wikipedia.org/w/index.php?oldid=1371534105,v2_completa_12
G476E20AC,tt3416532,en,761,False,https://en.wikipedia.org/w/index.php?oldid=1363368261,v2_completa_12
G478DFBF3,tt0099141,en,352,False,https://en.wikipedia.org/w/index.php?oldid=1339861640,v2_completa_12
G47B64B43,tt0430576,es,711,False,https://es.wikipedia.org/w/index.php?oldid=162205498,v2_completa_12
G47CE9476,tt5027774,en,698,False,https://en.wikipedia.org/w/index.php?oldid=1371543406,v2_completa_12
G47D8E324,tt0092991,en,615,False,https://en.wikipedia.org/w/index.php?oldid=1366818785,v2_completa_12
G47EF066C,tt0121164,en,672,False,https://en.wikipedia.org/w/index.php?oldid=1371992079,v2_completa_12
G4819B623,tt0170016,en,599,False,https://en.wikipedia.org/w/index.php?oldid=1371619408,v2_completa_12
G481BF158,tt0085297,en,261,False,https://en.wikipedia.org/w/index.php?oldid=1362152509,v2_completa_12
G4846EA8B,tt7841496,es,1983,True,https://es.wikipedia.org/w/index.php?oldid=174849075,v2_completa_12
G4850285D,tt0188030,es,415,False,https://es.wikipedia.org/w/index.php?oldid=174494620,v2_completa_12
G4875806F,tt0101410,en,670,False,https://en.wikipedia.org/w/index.php?oldid=1367659997,v2_completa_12
G488CF438,tt0286106,en,418,False,https://en.wikipedia.org/w/index.php?oldid=1369882095,v2_completa_12
G48C6FE0E,tt0117131,es,411,False,https://es.wikipedia.org/w/index.php?oldid=174637985,v2_completa_12
G48EFDBB4,tt2425486,es,285,False,https://es.wikipedia.org/w/index.php?oldid=174767418,v2_completa_12
G490E0A0F,tt0113409,en,639,False,https://en.wikipedia.org/w/index.php?oldid=1369571098,v2_completa_12
G492BDF52,tt2316204,en,559,False,https://en.wikipedia.org/w/index.php?oldid=1372739115,v2_completa_12
G4955A1D6,tt0205843,es,173,False,https://es.wikipedia.org/w/index.php?oldid=174574760,v2_completa_12
G4971FAEA,tt0200550,en,510,False,https://en.wikipedia.org/w/index.php?oldid=1367626630,v2_completa_12
G4998A6C7,tt4881806,en,706,False,https://en.wikipedia.org/w/index.php?oldid=1371976328,v2_completa_12
G49B2F497,tt0086423,en,698,False,https://en.wikipedia.org/w/index.php?oldid=1366654163,v2_completa_12
G49FCFAE7,tt0085701,en,710,False,https://en.wikipedia.org/w/index.php?oldid=1369679174,v2_completa_12
G4A3CB0E8,tt2140479,en,743,False,https://en.wikipedia.org/w/index.php?oldid=1372238292,v2_completa_12
G4AA152DA,tt0257231,es,351,False,https://es.wikipedia.org/w/index.php?oldid=172884949,v2_completa_12
G4AB0D01C,tt1838571,es,152,False,https://es.wikipedia.org/w/index.php?oldid=157180524,v2_completa_12
G4AB57C42,tt0095243,en,465,False,https://en.wikipedia.org/w/index.php?oldid=1367946616,v2_completa_12
G4AB783D0,tt0078797,en,486,False,https://en.wikipedia.org/w/index.php?oldid=1342367078,v2_completa_12
G4ABCC5CE,tt0413267,en,695,False,https://en.wikipedia.org/w/index.php?oldid=1372673544,v2_completa_12
G4AF2F9C2,tt0421715,en,720,False,https://en.wikipedia.org/w/index.php?oldid=1371474184,v2_completa_12
G4B02CBB3,tt0970179,en,675,False,https://en.wikipedia.org/w/index.php?oldid=1371787188,v2_completa_12
G4B0AC24D,tt4633694,en,605,False,https://en.wikipedia.org/w/index.php?oldid=1372565629,v2_completa_12
G4B10F9EC,tt0103186,es,762,False,https://es.wikipedia.org/w/index.php?oldid=173126381,v2_completa_12
G4B248481,tt2674426,en,281,False,https://en.wikipedia.org/w/index.php?oldid=1367990556,v2_completa_12
G4B3AFEFB,tt0120591,en,665,False,https://en.wikipedia.org/w/index.php?oldid=1370296845,v2_completa_12
G4B3E505A,tt6704898,es,1449,True,https://es.wikipedia.org/w/index.php?oldid=169639545,v2_completa_12
G4B4A20F9,tt1748179,es,670,False,https://es.wikipedia.org/w/index.php?oldid=170763334,v2_completa_12
G4B59AF7B,tt0101026,es,819,False,https://es.wikipedia.org/w/index.php?oldid=175020257,v2_completa_12
G4B9D2278,tt0313196,es,770,False,https://es.wikipedia.org/w/index.php?oldid=174952187,v2_completa_12
G4BB63085,tt0096061,en,643,False,https://en.wikipedia.org/w/index.php?oldid=1370136801,v2_completa_12
G4BD8A980,tt10399608,en,525,False,https://en.wikipedia.org/w/index.php?oldid=1366433241,v2_completa_13
G4BDF1DAC,tt0467406,en,534,False,https://en.wikipedia.org/w/index.php?oldid=1371893735,v2_completa_13
G4C08DD8F,tt11700260,en,536,False,https://en.wikipedia.org/w/index.php?oldid=1341399718,v2_completa_13
G4C179574,tt6722802,es,997,False,https://es.wikipedia.org/w/index.php?oldid=173036855,v2_completa_13
G4C31EC65,tt1319695,es,141,False,https://es.wikipedia.org/w/index.php?oldid=170258108,v2_completa_13
G4C3B8269,tt0134119,en,593,False,https://en.wikipedia.org/w/index.php?oldid=1370225647,v2_completa_13
G4C405E8D,tt2820852,en,483,False,https://en.wikipedia.org/w/index.php?oldid=1371855270,v2_completa_13
G4CE7C040,tt0457939,en,548,False,https://en.wikipedia.org/w/index.php?oldid=1367211914,v2_completa_13
G4CF5F279,tt0119173,en,688,False,https://en.wikipedia.org/w/index.php?oldid=1355428348,v2_completa_13
G4D026C8A,tt0100404,en,717,False,https://en.wikipedia.org/w/index.php?oldid=1368610378,v2_completa_13
G4D072D7C,tt3631112,en,614,False,https://en.wikipedia.org/w/index.php?oldid=1372171100,v2_completa_13
G4D1A45F9,tt0085972,es,214,False,https://es.wikipedia.org/w/index.php?oldid=171649469,v2_completa_13
G4D29D8F1,tt0106226,en,724,False,https://en.wikipedia.org/w/index.php?oldid=1368265736,v2_completa_13
G4D3F4E21,tt0120902,en,727,False,https://en.wikipedia.org/w/index.php?oldid=1370130973,v2_completa_13
G4D44E0FE,tt0089841,en,414,False,https://en.wikipedia.org/w/index.php?oldid=1366592290,v2_completa_13
G4D6CD58C,tt0120912,en,580,False,https://en.wikipedia.org/w/index.php?oldid=1372656130,v2_completa_13
G4DB71E77,tt0264464,en,656,False,https://en.wikipedia.org/w/index.php?oldid=1369593312,v2_completa_13
G4DC34E88,tt0116778,en,595,False,https://en.wikipedia.org/w/index.php?oldid=1369744573,v2_completa_13
G4DDA47DA,tt0113481,en,633,False,https://en.wikipedia.org/w/index.php?oldid=1369660069,v2_completa_13
G4DDAAEBB,tt6060156,en,701,False,https://en.wikipedia.org/w/index.php?oldid=1358706170,v2_completa_13
G4DE3D55C,tt0256009,es,284,False,https://es.wikipedia.org/w/index.php?oldid=174325201,v2_completa_13
G4E0516B4,tt3794354,en,677,False,https://en.wikipedia.org/w/index.php?oldid=1372570713,v2_completa_13
G4E1C6B5F,tt4857264,es,1296,True,https://es.wikipedia.org/w/index.php?oldid=173307237,v2_completa_13
G4E30511C,tt2231461,en,605,False,https://en.wikipedia.org/w/index.php?oldid=1372922272,v2_completa_13
G4E402E41,tt0091419,en,1009,False,https://en.wikipedia.org/w/index.php?oldid=1372581340,v2_completa_13
G4E571452,tt0337930,es,1361,True,https://es.wikipedia.org/w/index.php?oldid=172021472,v2_completa_13
G4E807B89,tt0116705,en,858,False,https://en.wikipedia.org/w/index.php?oldid=1370100123,v2_completa_13
G4EA38464,tt1049413,en,696,False,https://en.wikipedia.org/w/index.php?oldid=1371572224,v2_completa_13
G4EA84D68,tt0112380,es,124,False,https://es.wikipedia.org/w/index.php?oldid=172398435,v2_completa_13
G4EC73EA7,tt0765443,en,938,False,https://en.wikipedia.org/w/index.php?oldid=1366125210,v2_completa_13
G4ECA70B3,tt1282153,en,231,False,https://en.wikipedia.org/w/index.php?oldid=1367408555,v2_completa_13
G4ED6504F,tt6878306,en,656,False,https://en.wikipedia.org/w/index.php?oldid=1372480196,v2_completa_13
G4EF28258,tt0113492,en,632,False,https://en.wikipedia.org/w/index.php?oldid=1372772823,v2_completa_13
G4F2E3C1F,tt1205489,en,581,False,https://en.wikipedia.org/w/index.php?oldid=1371604902,v2_completa_13
G4F30FA08,tt0161081,en,813,False,https://en.wikipedia.org/w/index.php?oldid=1370581083,v2_completa_13
G4F4605F5,tt0410297,en,651,False,https://en.wikipedia.org/w/index.php?oldid=1365447802,v2_completa_13
G4F5D24D8,tt0093756,en,610,False,https://en.wikipedia.org/w/index.php?oldid=1367751058,v2_completa_13
G4F6EEFD0,tt0119094,en,713,False,https://en.wikipedia.org/w/index.php?oldid=1372096049,v2_completa_13
G4F8FED3B,tt0421239,en,431,False,https://en.wikipedia.org/w/index.php?oldid=1358696225,v2_completa_13
G4FD92420,tt0324216,en,751,False,https://en.wikipedia.org/w/index.php?oldid=1366655796,v2_completa_13
G503E8EB1,tt0101862,en,600,False,https://en.wikipedia.org/w/index.php?oldid=1371846247,v2_completa_13
G505DDF17,tt0118887,en,591,False,https://en.wikipedia.org/w/index.php?oldid=1364827184,v2_completa_13
G5083BD03,tt0320042,en,175,False,https://en.wikipedia.org/w/index.php?oldid=1341425299,v2_completa_13
G50B1EE8C,tt0106673,en,734,False,https://en.wikipedia.org/w/index.php?oldid=1368624740,v2_completa_13
G50E75738,tt0299658,en,693,False,https://en.wikipedia.org/w/index.php?oldid=1372455032,v2_completa_13
G511136D7,tt7937168,en,474,False,https://en.wikipedia.org/w/index.php?oldid=1367518280,v2_completa_13
G512684E1,tt0268126,en,521,False,https://en.wikipedia.org/w/index.php?oldid=1372612487,v2_completa_13
G514F653B,tt0086984,en,568,False,https://en.wikipedia.org/w/index.php?oldid=1364700211,v2_completa_13
G51B3C8B8,tt28510079,en,706,False,https://en.wikipedia.org/w/index.php?oldid=1372031453,v2_completa_13
G51E041E0,tt0265666,en,665,False,https://en.wikipedia.org/w/index.php?oldid=1369367989,v2_completa_13
G51E8DC13,tt3732280,en,246,False,https://en.wikipedia.org/w/index.php?oldid=1341404916,v2_completa_14
G51F6ABFF,tt0417741,en,606,False,https://en.wikipedia.org/w/index.php?oldid=1371835548,v2_completa_14
G51F99BB9,tt1457767,en,476,False,https://en.wikipedia.org/w/index.php?oldid=1367600542,v2_completa_14
G52450384,tt0082971,en,567,False,https://en.wikipedia.org/w/index.php?oldid=1372299661,v2_completa_14
G524627A1,tt6823368,en,629,False,https://en.wikipedia.org/w/index.php?oldid=1371261901,v2_completa_14
G526F52C6,tt2975590,en,574,False,https://en.wikipedia.org/w/index.php?oldid=1371712182,v2_completa_14
G5284399B,tt0104820,es,1092,False,https://es.wikipedia.org/w/index.php?oldid=165530261,v2_completa_14
G52883563,tt1056419,es,235,False,https://es.wikipedia.org/w/index.php?oldid=174494608,v2_completa_14
G5293CE34,tt1535109,en,575,False,https://en.wikipedia.org/w/index.php?oldid=1372731479,v2_completa_14
G52A18448,tt0109348,en,371,False,https://en.wikipedia.org/w/index.php?oldid=1360372494,v2_completa_14
G52B24670,tt0117731,en,690,False,https://en.wikipedia.org/w/index.php?oldid=1372436232,v2_completa_14
G52F8175C,tt5362988,en,499,False,https://en.wikipedia.org/w/index.php?oldid=1368275112,v2_completa_14
G535F6E8C,tt0080437,en,434,False,https://en.wikipedia.org/w/index.php?oldid=1371274898,v2_completa_14
G536876AD,tt8988748,es,648,False,https://es.wikipedia.org/w/index.php?oldid=174723590,v2_completa_14
G53ADA818,tt0455584,es,715,False,https://es.wikipedia.org/w/index.php?oldid=173282187,v2_completa_14
G53C55911,tt3748528,en,700,False,https://en.wikipedia.org/w/index.php?oldid=1371554785,v2_completa_14
G53E77F41,tt11813216,en,691,False,https://en.wikipedia.org/w/index.php?oldid=1371110149,v2_completa_14
G53FC1868,tt0084412,en,306,False,https://en.wikipedia.org/w/index.php?oldid=1364723616,v2_completa_14
G5404B28E,tt0253474,en,751,False,https://en.wikipedia.org/w/index.php?oldid=1369696592,v2_completa_14
G540A4FA7,tt3498820,en,650,False,https://en.wikipedia.org/w/index.php?oldid=1371850725,v2_completa_14
G543308C1,tt0230011,en,655,False,https://en.wikipedia.org/w/index.php?oldid=1372520143,v2_completa_14
G544DE3C2,tt1398426,en,658,False,https://en.wikipedia.org/w/index.php?oldid=1371712283,v2_completa_14
G54879168,tt0089755,en,613,False,https://en.wikipedia.org/w/index.php?oldid=1360803304,v2_completa_14
G548BA75C,tt2906216,en,671,False,https://en.wikipedia.org/w/index.php?oldid=1372903315,v2_completa_14
G5498E2D6,tt0360717,en,680,False,https://en.wikipedia.org/w/index.php?oldid=1371530499,v2_completa_14
G54A8AC3A,tt0338751,en,612,False,https://en.wikipedia.org/w/index.php?oldid=1367380860,v2_completa_14
G5524A2F6,tt0836682,en,321,False,https://en.wikipedia.org/w/index.php?oldid=1369955278,v2_completa_14
G552DF932,tt0452594,en,471,False,https://en.wikipedia.org/w/index.php?oldid=1367579767,v2_completa_14
G554081D3,tt0315733,en,754,False,https://en.wikipedia.org/w/index.php?oldid=1369648211,v2_completa_14
G5543D5CF,tt0099739,en,555,False,https://en.wikipedia.org/w/index.php?oldid=1369377058,v2_completa_14
G554FC20F,tt0120885,en,528,False,https://en.wikipedia.org/w/index.php?oldid=1364373268,v2_completa_14
G554FFA80,tt0111058,es,179,False,https://es.wikipedia.org/w/index.php?oldid=174972940,v2_completa_14
G555467C7,tt6443346,en,501,False,https://en.wikipedia.org/w/index.php?oldid=1371790565,v2_completa_14
G55591CD9,tt0082288,en,638,False,https://en.wikipedia.org/w/index.php?oldid=1372114536,v2_completa_14
G5568E8BE,tt0081777,en,497,False,https://en.wikipedia.org/w/index.php?oldid=1371324130,v2_completa_14
G557D2B33,tt0393162,en,435,False,https://en.wikipedia.org/w/index.php?oldid=1369977030,v2_completa_14
G55AE8CED,tt1133985,en,589,False,https://en.wikipedia.org/w/index.php?oldid=1372376032,v2_completa_14
G5671D0CC,tt0243133,en,488,False,https://en.wikipedia.org/w/index.php?oldid=1368364731,v2_completa_14
G56CD2FD4,tt1091722,en,535,False,https://en.wikipedia.org/w/index.php?oldid=1359579782,v2_completa_14
G56D3B0F4,tt0499549,en,583,False,https://en.wikipedia.org/w/index.php?oldid=1372792532,v2_completa_14
G56F45A42,tt0093777,en,535,False,https://en.wikipedia.org/w/index.php?oldid=1371213945,v2_completa_14
G572C5895,tt0142688,en,784,False,https://en.wikipedia.org/w/index.php?oldid=1370808247,v2_completa_14
G57356D06,tt1321870,en,573,False,https://en.wikipedia.org/w/index.php?oldid=1372789340,v2_completa_14
G5759241A,tt0087363,en,550,False,https://en.wikipedia.org/w/index.php?oldid=1371951517,v2_completa_14
G576B665D,tt21874760,es,263,False,https://es.wikipedia.org/w/index.php?oldid=173051675,v2_completa_14
G576F9B25,tt0120082,en,701,False,https://en.wikipedia.org/w/index.php?oldid=1371364719,v2_completa_14
G5797B705,tt0172156,en,635,False,https://en.wikipedia.org/w/index.php?oldid=1370546960,v2_completa_14
G579A1B90,tt0082474,en,606,False,https://en.wikipedia.org/w/index.php?oldid=1371334531,v2_completa_14
G57AA76D9,tt2510894,en,756,False,https://en.wikipedia.org/w/index.php?oldid=1372024120,v2_completa_14
G57B87D28,tt0120371,es,220,False,https://es.wikipedia.org/w/index.php?oldid=172998317,v2_completa_14
G57B90D08,tt0348150,en,647,False,https://en.wikipedia.org/w/index.php?oldid=1372026043,v2_completa_15
G57D3BCF0,tt0325980,en,698,False,https://en.wikipedia.org/w/index.php?oldid=1370754917,v2_completa_15
G5850A433,tt0083944,en,513,False,https://en.wikipedia.org/w/index.php?oldid=1372327008,v2_completa_15
G588A88F9,tt0418763,en,719,False,https://en.wikipedia.org/w/index.php?oldid=1370722255,v2_completa_15
G588DA465,tt1160419,en,601,False,https://en.wikipedia.org/w/index.php?oldid=1372806184,v2_completa_15
G58AE301A,tt0187078,en,677,False,https://en.wikipedia.org/w/index.php?oldid=1368282708,v2_completa_15
G58AEA323,tt0110148,en,678,False,https://en.wikipedia.org/w/index.php?oldid=1371629569,v2_completa_15
G58EB6324,tt0114671,es,459,False,https://es.wikipedia.org/w/index.php?oldid=173294221,v2_completa_15
G59014119,tt5639354,es,535,False,https://es.wikipedia.org/w/index.php?oldid=174564483,v2_completa_15
G59134EB9,tt1601913,en,618,False,https://en.wikipedia.org/w/index.php?oldid=1368520784,v2_completa_15
G591A9546,tt0320661,en,744,False,https://en.wikipedia.org/w/index.php?oldid=1370574805,v2_completa_15
G59258CCA,tt0116996,en,637,False,https://en.wikipedia.org/w/index.php?oldid=1372402883,v2_completa_15
G59398B85,tt0159365,en,626,False,https://en.wikipedia.org/w/index.php?oldid=1359010519,v2_completa_15
G593FF5CC,tt22964884,en,700,False,https://en.wikipedia.org/w/index.php?oldid=1371319318,v2_completa_15
G59434E88,tt2103281,en,636,False,https://en.wikipedia.org/w/index.php?oldid=1372302163,v2_completa_15
G59466A2B,tt5848272,en,712,False,https://en.wikipedia.org/w/index.php?oldid=1372659841,v2_completa_15
G59A2BACC,tt1259571,en,570,False,https://en.wikipedia.org/w/index.php?oldid=1372861560,v2_completa_15
G59CC8263,tt0103956,en,670,False,https://en.wikipedia.org/w/index.php?oldid=1370829572,v2_completa_15
G59CDFE46,tt0120768,en,748,False,https://en.wikipedia.org/w/index.php?oldid=1372561243,v2_completa_15
G5A0377E1,tt7967412,en,1618,True,https://en.wikipedia.org/w/index.php?oldid=1345512934,v2_completa_15
G5A2EBDE0,tt0084228,en,758,False,https://en.wikipedia.org/w/index.php?oldid=1370835316,v2_completa_15
G5A5CFBAD,tt0110527,en,625,False,https://en.wikipedia.org/w/index.php?oldid=1370683714,v2_completa_15
G5A814596,tt0389722,en,1792,True,https://en.wikipedia.org/w/index.php?oldid=1372382078,v2_completa_15
G5AC8080A,tt0117106,es,144,False,https://es.wikipedia.org/w/index.php?oldid=174891309,v2_completa_15
G5AD947FA,tt0086450,en,693,False,https://en.wikipedia.org/w/index.php?oldid=1362838929,v2_completa_15
G5AE4EA63,tt0452971,es,132,False,https://es.wikipedia.org/w/index.php?oldid=173634161,v2_completa_15
G5AEB7998,tt0289765,en,627,False,https://en.wikipedia.org/w/index.php?oldid=1369479681,v2_completa_15
G5B0550E0,tt0091499,en,704,False,https://en.wikipedia.org/w/index.php?oldid=1372057352,v2_completa_15
G5B163B96,tt14849194,en,757,False,https://en.wikipedia.org/w/index.php?oldid=1362380768,v2_completa_15
G5B18C863,tt1131734,en,644,False,https://en.wikipedia.org/w/index.php?oldid=1371923455,v2_completa_15
G5B49B4A7,tt0456111,es,358,False,https://es.wikipedia.org/w/index.php?oldid=167911687,v2_completa_15
G5B4F60DF,tt0277027,en,394,False,https://en.wikipedia.org/w/index.php?oldid=1369507299,v2_completa_15
G5B7E0491,tt7095482,es,173,False,https://es.wikipedia.org/w/index.php?oldid=170033477,v2_completa_15
G5B82FEBE,tt0118617,en,687,False,https://en.wikipedia.org/w/index.php?oldid=1372663800,v2_completa_15
G5B88978D,tt0098554,en,467,False,https://en.wikipedia.org/w/index.php?oldid=1369510467,v2_completa_15
G5C0DCBC8,tt0085346,en,580,False,https://en.wikipedia.org/w/index.php?oldid=1365088679,v2_completa_15
G5C0DECA0,tt0103786,en,756,False,https://en.wikipedia.org/w/index.php?oldid=1369480866,v2_completa_15
G5C28CBB5,tt0084781,en,238,False,https://en.wikipedia.org/w/index.php?oldid=1342193036,v2_completa_15
G5C642961,tt0385842,en,165,False,https://en.wikipedia.org/w/index.php?oldid=1358075087,v2_completa_15
G5C651BAD,tt0083530,en,682,False,https://en.wikipedia.org/w/index.php?oldid=1372542523,v2_completa_15
G5C85AC1E,tt0878804,en,702,False,https://en.wikipedia.org/w/index.php?oldid=1369977117,v2_completa_15
G5CAB6AE6,tt0314353,en,593,False,https://en.wikipedia.org/w/index.php?oldid=1370916196,v2_completa_15
G5CB60EA2,tt9345754,es,154,False,https://es.wikipedia.org/w/index.php?oldid=165496417,v2_completa_15
G5CD1DC94,tt4975722,en,683,False,https://en.wikipedia.org/w/index.php?oldid=1370242205,v2_completa_15
G5CDE23D3,tt0087843,en,790,False,https://en.wikipedia.org/w/index.php?oldid=1372692523,v2_completa_15
G5CE3814B,tt0108670,es,290,False,https://es.wikipedia.org/w/index.php?oldid=168786389,v2_completa_15
G5D0740E0,tt0083767,en,2780,True,https://en.wikipedia.org/w/index.php?oldid=1366770088,v2_completa_15
G5D14FAD5,tt1228705,en,584,False,https://en.wikipedia.org/w/index.php?oldid=1367697660,v2_completa_15
G5D2B9B04,tt0215750,en,566,False,https://en.wikipedia.org/w/index.php?oldid=1370578552,v2_completa_15
G5D31EFF7,tt0105352,es,346,False,https://es.wikipedia.org/w/index.php?oldid=166438371,v2_completa_15
G5DA086CE,tt2310332,en,629,False,https://en.wikipedia.org/w/index.php?oldid=1372136753,v2_completa_16
G5DA688F3,tt2637276,en,636,False,https://en.wikipedia.org/w/index.php?oldid=1371720616,v2_completa_16
G5DB5A317,tt0102975,en,553,False,https://en.wikipedia.org/w/index.php?oldid=1367254612,v2_completa_16
G5E4EEB39,tt0120626,en,785,False,https://en.wikipedia.org/w/index.php?oldid=1358814288,v2_completa_16
G5E840334,tt1189073,es,1513,True,https://es.wikipedia.org/w/index.php?oldid=174485452,v2_completa_16
G5EAFADFD,tt0083866,en,505,False,https://en.wikipedia.org/w/index.php?oldid=1372659974,v2_completa_16
G5EB77525,tt1033643,en,553,False,https://en.wikipedia.org/w/index.php?oldid=1365932486,v2_completa_16
G5EE7DEFD,tt6394270,en,347,False,https://en.wikipedia.org/w/index.php?oldid=1368163335,v2_completa_16
G5F293890,tt0368447,en,628,False,https://en.wikipedia.org/w/index.php?oldid=1366406146,v2_completa_16
G5F31B95A,tt0106677,en,674,False,https://en.wikipedia.org/w/index.php?oldid=1371213136,v2_completa_16
G5F6E4CB8,tt0120737,en,684,False,https://en.wikipedia.org/w/index.php?oldid=1372164529,v2_completa_16
G5F997754,tt0190798,en,398,False,https://en.wikipedia.org/w/index.php?oldid=1349682113,v2_completa_16
G5FE829B6,tt0240419,es,162,False,https://es.wikipedia.org/w/index.php?oldid=172742417,v2_completa_16
G5FFF9446,tt4291590,en,725,False,https://en.wikipedia.org/w/index.php?oldid=1365514085,v2_completa_16
G605BC127,tt0116669,en,498,False,https://en.wikipedia.org/w/index.php?oldid=1372702321,v2_completa_16
G6061C123,tt0101587,en,610,False,https://en.wikipedia.org/w/index.php?oldid=1359823090,v2_completa_16
G60736C5E,tt0091167,en,678,False,https://en.wikipedia.org/w/index.php?oldid=1370313468,v2_completa_16
G607D11BA,tt10952782,es,868,False,https://es.wikipedia.org/w/index.php?oldid=171287732,v2_completa_16
G60A7FAC2,tt1183374,en,537,False,https://en.wikipedia.org/w/index.php?oldid=1360576398,v2_completa_16
G60CA438F,tt5121816,en,510,False,https://en.wikipedia.org/w/index.php?oldid=1367801398,v2_completa_16
G60CFECD2,tt0765429,en,465,False,https://en.wikipedia.org/w/index.php?oldid=1372211980,v2_completa_16
G60E96BB7,tt0082085,en,693,False,https://en.wikipedia.org/w/index.php?oldid=1371278199,v2_completa_16
G61000104,tt2911666,en,587,False,https://en.wikipedia.org/w/index.php?oldid=1371815193,v2_completa_16
G6140FAD7,tt0101638,es,134,False,https://es.wikipedia.org/w/index.php?oldid=170928921,v2_completa_16
G614D02FE,tt27729779,en,637,False,https://en.wikipedia.org/w/index.php?oldid=1363948967,v2_completa_16
G615F9252,tt1302006,en,722,False,https://en.wikipedia.org/w/index.php?oldid=1367856340,v2_completa_16
G6166C8F6,tt0376541,en,766,False,https://en.wikipedia.org/w/index.php?oldid=1368975874,v2_completa_16
G6167AD08,tt0411477,en,617,False,https://en.wikipedia.org/w/index.php?oldid=1370335045,v2_completa_16
G61BC5362,tt0083630,en,610,False,https://en.wikipedia.org/w/index.php?oldid=1371711957,v2_completa_16
G61DD89B7,tt0101290,es,693,False,https://es.wikipedia.org/w/index.php?oldid=173525097,v2_completa_16
G61E0A450,tt1276104,en,680,False,https://en.wikipedia.org/w/index.php?oldid=1369771228,v2_completa_16
G61E0D862,tt0230030,en,597,False,https://en.wikipedia.org/w/index.php?oldid=1372572672,v2_completa_16
G6222434A,tt0097351,en,884,False,https://en.wikipedia.org/w/index.php?oldid=1372054642,v2_completa_16
G6234EEA4,tt5052474,en,653,False,https://en.wikipedia.org/w/index.php?oldid=1368905526,v2_completa_16
G62972335,tt0090859,en,362,False,https://en.wikipedia.org/w/index.php?oldid=1367615008,v2_completa_16
G62A01C2F,tt2582782,en,587,False,https://en.wikipedia.org/w/index.php?oldid=1369934951,v2_completa_16
G62AB768F,tt0419704,es,258,False,https://es.wikipedia.org/w/index.php?oldid=173920309,v2_completa_16
G62BB750B,tt0461770,en,729,False,https://en.wikipedia.org/w/index.php?oldid=1371954150,v2_completa_16
G62FAAA51,tt1136608,en,732,False,https://en.wikipedia.org/w/index.php?oldid=1371227262,v2_completa_16
G631ADB20,tt0087003,en,520,False,https://en.wikipedia.org/w/index.php?oldid=1356465782,v2_completa_16
G6373CD51,tt0095953,en,597,False,https://en.wikipedia.org/w/index.php?oldid=1370690043,v2_completa_16
G638CFE2E,tt0091897,es,199,False,https://es.wikipedia.org/w/index.php?oldid=162180574,v2_completa_16
G6393F0D0,tt0119137,en,533,False,https://en.wikipedia.org/w/index.php?oldid=1369332328,v2_completa_16
G63A12CD6,tt0107224,en,723,False,https://en.wikipedia.org/w/index.php?oldid=1347200671,v2_completa_16
G63F62AF6,tt1001508,en,696,False,https://en.wikipedia.org/w/index.php?oldid=1371740317,v2_completa_16
G63FC5450,tt0809533,es,216,False,https://es.wikipedia.org/w/index.php?oldid=168843836,v2_completa_16
G641EB44B,tt1843866,en,689,False,https://en.wikipedia.org/w/index.php?oldid=1370875453,v2_completa_16
G645C95F8,tt0119626,es,143,False,https://es.wikipedia.org/w/index.php?oldid=171817513,v2_completa_16
G645E64DB,tt0122690,en,674,False,https://en.wikipedia.org/w/index.php?oldid=1372440765,v2_completa_16
G6464ADD3,tt0083806,en,694,False,https://en.wikipedia.org/w/index.php?oldid=1366461544,v2_completa_16
G64679DEC,tt0092718,en,609,False,https://en.wikipedia.org/w/index.php?oldid=1371786162,v2_completa_17
G64A9CD91,tt0091064,en,768,False,https://en.wikipedia.org/w/index.php?oldid=1369575821,v2_completa_17
G64CFC5E9,tt1302011,en,645,False,https://en.wikipedia.org/w/index.php?oldid=1372624829,v2_completa_17
G64D0BFFF,tt0317705,en,630,False,https://en.wikipedia.org/w/index.php?oldid=1369322015,v2_completa_17
G64FF56F8,tt0083185,en,350,False,https://en.wikipedia.org/w/index.php?oldid=1350856309,v2_completa_17
G650399FF,tt0119164,en,647,False,https://en.wikipedia.org/w/index.php?oldid=1369251397,v2_completa_17
G650A91EF,tt0100998,en,1442,True,https://en.wikipedia.org/w/index.php?oldid=1367727691,v2_completa_17
G6546CD23,tt0454848,en,722,False,https://en.wikipedia.org/w/index.php?oldid=1368853194,v2_completa_17
G654CDBCC,tt5140878,en,616,False,https://en.wikipedia.org/w/index.php?oldid=1366582118,v2_completa_17
G65641D5D,tt1080016,en,577,False,https://en.wikipedia.org/w/index.php?oldid=1371566084,v2_completa_17
G65675481,tt9777666,en,666,False,https://en.wikipedia.org/w/index.php?oldid=1371471739,v2_completa_17
G657B2464,tt1192628,en,564,False,https://en.wikipedia.org/w/index.php?oldid=1372917222,v2_completa_17
G658719AB,tt2543472,en,711,False,https://en.wikipedia.org/w/index.php?oldid=1372892825,v2_completa_17
G659EBFD0,tt0227445,en,609,False,https://en.wikipedia.org/w/index.php?oldid=1371796447,v2_completa_17
G65A103D2,tt1483013,en,620,False,https://en.wikipedia.org/w/index.php?oldid=1371318002,v2_completa_17
G6610CD9E,tt0082351,en,411,False,https://en.wikipedia.org/w/index.php?oldid=1369952628,v2_completa_17
G6616F68F,tt9620288,en,565,False,https://en.wikipedia.org/w/index.php?oldid=1371607375,v2_completa_17
G661878CF,tt0117866,es,230,False,https://es.wikipedia.org/w/index.php?oldid=165069032,v2_completa_17
G6629894C,tt1649444,es,1721,True,https://es.wikipedia.org/w/index.php?oldid=175126573,v2_completa_17
G666E6024,tt0098194,es,145,False,https://es.wikipedia.org/w/index.php?oldid=168723956,v2_completa_17
G66C2C8AD,tt0295297,en,699,False,https://en.wikipedia.org/w/index.php?oldid=1370745767,v2_completa_17
G66D91571,tt0319769,en,813,False,https://en.wikipedia.org/w/index.php?oldid=1364227776,v2_completa_17
G66EA8792,tt0091777,en,590,False,https://en.wikipedia.org/w/index.php?oldid=1372335924,v2_completa_17
G66EED2EE,tt0137494,en,600,False,https://en.wikipedia.org/w/index.php?oldid=1365185007,v2_completa_17
G66F7C30F,tt0096874,en,629,False,https://en.wikipedia.org/w/index.php?oldid=1372136839,v2_completa_17
G670DB502,tt1182345,en,683,False,https://en.wikipedia.org/w/index.php?oldid=1365083290,v2_completa_17
G67590F32,tt0095253,en,520,False,https://en.wikipedia.org/w/index.php?oldid=1364925828,v2_completa_17
G6765FE26,tt11394282,en,767,False,https://en.wikipedia.org/w/index.php?oldid=1351101141,v2_completa_17
G6777EBE5,tt0080798,en,614,False,https://en.wikipedia.org/w/index.php?oldid=1368853863,v2_completa_17
G679241DD,tt0099077,en,509,False,https://en.wikipedia.org/w/index.php?oldid=1372335050,v2_completa_17
G6793E8F4,tt1980209,en,652,False,https://en.wikipedia.org/w/index.php?oldid=1371252451,v2_completa_17
G67C3FF9C,tt0116769,es,214,False,https://es.wikipedia.org/w/index.php?oldid=170975338,v2_completa_17
G68521835,tt0119174,en,636,False,https://en.wikipedia.org/w/index.php?oldid=1369255413,v2_completa_17
G6868F16D,tt0499448,en,682,False,https://en.wikipedia.org/w/index.php?oldid=1372451994,v2_completa_17
G68747AC1,tt1649443,es,895,False,https://es.wikipedia.org/w/index.php?oldid=173389297,v2_completa_17
G68B96B3F,tt0377092,en,731,False,https://en.wikipedia.org/w/index.php?oldid=1372723199,v2_completa_17
G68C16B85,tt0120622,es,355,False,https://es.wikipedia.org/w/index.php?oldid=163649868,v2_completa_17
G6900C22B,tt0446029,en,511,False,https://en.wikipedia.org/w/index.php?oldid=1372756630,v2_completa_17
G6905331F,tt7798634,en,701,False,https://en.wikipedia.org/w/index.php?oldid=1372889030,v2_completa_17
G69063189,tt0085210,en,731,False,https://en.wikipedia.org/w/index.php?oldid=1367180785,v2_completa_17
G6908CAFD,tt0090197,es,262,False,https://es.wikipedia.org/w/index.php?oldid=173522440,v2_completa_17
G69146A84,tt0114508,en,500,False,https://en.wikipedia.org/w/index.php?oldid=1370826281,v2_completa_17
G694C92D7,tt0089457,en,595,False,https://en.wikipedia.org/w/index.php?oldid=1368819281,v2_completa_17
G697B6447,tt0120184,en,799,False,https://en.wikipedia.org/w/index.php?oldid=1368769514,v2_completa_17
G699883F5,tt0081114,en,536,False,https://en.wikipedia.org/w/index.php?oldid=1372352868,v2_completa_17
G69AAED93,tt0164912,en,661,False,https://en.wikipedia.org/w/index.php?oldid=1371960454,v2_completa_17
G69DD5414,tt0108330,en,431,False,https://en.wikipedia.org/w/index.php?oldid=1370559481,v2_completa_17
G6A00FCF0,tt0103874,en,712,False,https://en.wikipedia.org/w/index.php?oldid=1372526342,v2_completa_17
G6A20A0E0,tt4154796,en,662,False,https://en.wikipedia.org/w/index.php?oldid=1372915676,v2_completa_17
G6A818028,tt0088230,es,138,False,https://es.wikipedia.org/w/index.php?oldid=161860420,v2_completa_17
G6AAA2497,tt0271972,en,603,False,https://en.wikipedia.org/w/index.php?oldid=1359472865,v2_completa_18
G6AC26D16,tt10618286,en,609,False,https://en.wikipedia.org/w/index.php?oldid=1369794771,v2_completa_18
G6AD97C24,tt0094291,en,751,False,https://en.wikipedia.org/w/index.php?oldid=1368969140,v2_completa_18
G6AFB2F67,tt3040964,en,604,False,https://en.wikipedia.org/w/index.php?oldid=1369418915,v2_completa_18
G6B70505A,tt0082769,es,488,False,https://es.wikipedia.org/w/index.php?oldid=170101698,v2_completa_18
G6BBE7BCA,tt0118971,en,609,False,https://en.wikipedia.org/w/index.php?oldid=1370330213,v2_completa_18
G6BBFF5DB,tt1016150,en,613,False,https://en.wikipedia.org/w/index.php?oldid=1367344585,v2_completa_18
G6BC4D8A9,tt0090259,es,150,False,https://es.wikipedia.org/w/index.php?oldid=168064504,v2_completa_18
G6BDEAAEB,tt1386697,en,615,False,https://en.wikipedia.org/w/index.php?oldid=1372477832,v2_completa_18
G6C04DC62,tt7304802,en,785,False,https://en.wikipedia.org/w/index.php?oldid=1358661767,v2_completa_18
G6C0A4C58,tt9466114,en,588,False,https://en.wikipedia.org/w/index.php?oldid=1371129646,v2_completa_18
G6C5FF5D4,tt0385002,en,806,False,https://en.wikipedia.org/w/index.php?oldid=1366692519,v2_completa_18
G6C8D2EEE,tt7040874,en,706,False,https://en.wikipedia.org/w/index.php?oldid=1367800693,v2_completa_18
G6CA9DAD2,tt0118610,es,205,False,https://es.wikipedia.org/w/index.php?oldid=173099653,v2_completa_18
G6CBE0B2A,tt0120669,en,685,False,https://en.wikipedia.org/w/index.php?oldid=1372096387,v2_completa_18
G6CCDA587,tt11301886,en,697,False,https://en.wikipedia.org/w/index.php?oldid=1370353261,v2_completa_18
G6CEEF188,tt14941698,es,2762,True,https://es.wikipedia.org/w/index.php?oldid=174341440,v2_completa_18
G6D176F2E,tt0115536,en,130,False,https://en.wikipedia.org/w/index.php?oldid=1341435869,v2_completa_18
G6D2C7840,tt1628841,en,637,False,https://en.wikipedia.org/w/index.php?oldid=1372935422,v2_completa_18
G6D5B14C2,tt15006754,en,575,False,https://en.wikipedia.org/w/index.php?oldid=1368267001,v2_completa_18
G6DAFA165,tt0408236,en,902,False,https://en.wikipedia.org/w/index.php?oldid=1372831352,v2_completa_18
G6DF06D76,tt1692486,es,509,False,https://es.wikipedia.org/w/index.php?oldid=172954472,v2_completa_18
G6DFDEEDE,tt3011894,en,1055,False,https://en.wikipedia.org/w/index.php?oldid=1367801124,v2_completa_18
G6E05D00C,tt0095497,en,562,False,https://en.wikipedia.org/w/index.php?oldid=1371941360,v2_completa_18
G6E246AC0,tt1013743,en,635,False,https://en.wikipedia.org/w/index.php?oldid=1369909710,v2_completa_18
G6E49D691,tt0090679,en,327,False,https://en.wikipedia.org/w/index.php?oldid=1351774798,v2_completa_18
G6E5FE486,tt0796366,en,674,False,https://en.wikipedia.org/w/index.php?oldid=1372567637,v2_completa_18
G6E96B109,tt0084237,en,638,False,https://en.wikipedia.org/w/index.php?oldid=1368623540,v2_completa_18
G6ED83E71,tt0107207,en,326,False,https://en.wikipedia.org/w/index.php?oldid=1369572101,v2_completa_18
G6F0598CE,tt0414993,en,655,False,https://en.wikipedia.org/w/index.php?oldid=1360109130,v2_completa_18
G6F2C9960,tt0106215,en,578,False,https://en.wikipedia.org/w/index.php?oldid=1361378984,v2_completa_18
G6F5235D7,tt5433138,en,757,False,https://en.wikipedia.org/w/index.php?oldid=1372009393,v2_completa_18
G6F66DD15,tt0865559,en,649,False,https://en.wikipedia.org/w/index.php?oldid=1339135913,v2_completa_18
G6FA96569,tt0090605,en,609,False,https://en.wikipedia.org/w/index.php?oldid=1371779614,v2_completa_18
G6FDC8E89,tt0113627,en,370,False,https://en.wikipedia.org/w/index.php?oldid=1365187956,v2_completa_18
G70409BD2,tt0082559,en,523,False,https://en.wikipedia.org/w/index.php?oldid=1363162775,v2_completa_18
G7052B0B4,tt0081698,en,771,False,https://en.wikipedia.org/w/index.php?oldid=1366395207,v2_completa_18
G70670EA3,tt0091954,en,512,False,https://en.wikipedia.org/w/index.php?oldid=1364697463,v2_completa_18
G707DF2B0,tt0415160,es,698,False,https://es.wikipedia.org/w/index.php?oldid=162226585,v2_completa_18
G70ACCC15,tt0112384,en,702,False,https://en.wikipedia.org/w/index.php?oldid=1372731796,v2_completa_18
G70AE3702,tt1935914,en,735,False,https://en.wikipedia.org/w/index.php?oldid=1359455496,v2_completa_18
G70B54418,tt0096933,en,660,False,https://en.wikipedia.org/w/index.php?oldid=1371987821,v2_completa_18
G70C674C2,tt0103919,en,708,False,https://en.wikipedia.org/w/index.php?oldid=1371954685,v2_completa_18
G70E8D620,tt0099939,en,338,False,https://en.wikipedia.org/w/index.php?oldid=1371444767,v2_completa_18
G70EA5341,tt14948432,en,557,False,https://en.wikipedia.org/w/index.php?oldid=1368369144,v2_completa_18
G711E9AD7,tt0416449,en,700,False,https://en.wikipedia.org/w/index.php?oldid=1371953106,v2_completa_18
G717643D6,tt0145681,en,632,False,https://en.wikipedia.org/w/index.php?oldid=1367211697,v2_completa_18
G7178ED99,tt0227277,en,796,False,https://en.wikipedia.org/w/index.php?oldid=1370269029,v2_completa_18
G717E2359,tt12361974,en,585,False,https://en.wikipedia.org/w/index.php?oldid=1372607626,v2_completa_18
G719533F1,tt0103594,es,600,False,https://es.wikipedia.org/w/index.php?oldid=174549103,v2_completa_18
G7199FE2A,tt0098273,en,532,False,https://en.wikipedia.org/w/index.php?oldid=1346577927,v2_completa_19
G71B06501,tt0790724,en,658,False,https://en.wikipedia.org/w/index.php?oldid=1369237957,v2_completa_19
G71CB989B,tt1179933,en,552,False,https://en.wikipedia.org/w/index.php?oldid=1372685504,v2_completa_19
G71ED6BCB,tt1375670,en,691,False,https://en.wikipedia.org/w/index.php?oldid=1371867619,v2_completa_19
G71EEAEC6,tt1981115,en,416,False,https://en.wikipedia.org/w/index.php?oldid=1368866620,v2_completa_19
G7223A9E7,tt0091630,en,915,False,https://en.wikipedia.org/w/index.php?oldid=1360072685,v2_completa_19
G72673FAC,tt0097637,en,593,False,https://en.wikipedia.org/w/index.php?oldid=1365468399,v2_completa_19
G727C90D0,tt0926084,en,641,False,https://en.wikipedia.org/w/index.php?oldid=1371935475,v2_completa_19
G729CF3C4,tt0326835,en,421,False,https://en.wikipedia.org/w/index.php?oldid=1360577535,v2_completa_19
G72B356B3,tt0356336,es,134,False,https://es.wikipedia.org/w/index.php?oldid=125927098,v2_completa_19
G72DBC4AE,tt0309593,en,639,False,https://en.wikipedia.org/w/index.php?oldid=1371532433,v2_completa_19
G7301AAC7,tt0091129,en,567,False,https://en.wikipedia.org/w/index.php?oldid=1361962218,v2_completa_19
G73BE876E,tt0120915,en,698,False,https://en.wikipedia.org/w/index.php?oldid=1371714732,v2_completa_19
G741B8117,tt0489099,en,690,False,https://en.wikipedia.org/w/index.php?oldid=1372189075,v2_completa_19
G7469AA3F,tt0093995,en,588,False,https://en.wikipedia.org/w/index.php?oldid=1367865397,v2_completa_19
G746B958D,tt0097659,en,510,False,https://en.wikipedia.org/w/index.php?oldid=1368281644,v2_completa_19
G74B292F2,tt1712159,en,880,False,https://en.wikipedia.org/w/index.php?oldid=1367579244,v2_completa_19
G74D1646A,tt0120812,en,832,False,https://en.wikipedia.org/w/index.php?oldid=1371782023,v2_completa_19
G757FDA49,tt0098251,en,372,False,https://en.wikipedia.org/w/index.php?oldid=1362152698,v2_completa_19
G758E86E1,tt1764625,es,630,False,https://es.wikipedia.org/w/index.php?oldid=175133219,v2_completa_19
G7593DED4,tt18412256,en,601,False,https://en.wikipedia.org/w/index.php?oldid=1372346624,v2_completa_19
G75C83853,tt5884052,en,738,False,https://en.wikipedia.org/w/index.php?oldid=1372708142,v2_completa_19
G75D5684A,tt0460989,es,413,False,https://es.wikipedia.org/w/index.php?oldid=171468651,v2_completa_19
G75EC2268,tt3766354,en,667,False,https://en.wikipedia.org/w/index.php?oldid=1365186791,v2_completa_19
G75F2C498,tt0101025,en,626,False,https://en.wikipedia.org/w/index.php?oldid=1341436899,v2_completa_19
G763545A7,tt1028528,en,499,False,https://en.wikipedia.org/w/index.php?oldid=1367433001,v2_completa_19
G763AA77B,tt0117218,en,397,False,https://en.wikipedia.org/w/index.php?oldid=1370732558,v2_completa_19
G763B3894,tt0478087,en,620,False,https://en.wikipedia.org/w/index.php?oldid=1369902495,v2_completa_19
G766C4D88,tt0241527,en,726,False,https://en.wikipedia.org/w/index.php?oldid=1370268450,v2_completa_19
G7682DA37,tt0087913,es,151,False,https://es.wikipedia.org/w/index.php?oldid=162056287,v2_completa_19
G7693D9C8,tt0250494,en,511,False,https://en.wikipedia.org/w/index.php?oldid=1370892689,v2_completa_19
G7694D318,tt0190590,en,823,False,https://en.wikipedia.org/w/index.php?oldid=1369746110,v2_completa_19
G774C6657,tt0088461,en,513,False,https://en.wikipedia.org/w/index.php?oldid=1358538281,v2_completa_19
G7750F4AC,tt0120873,en,598,False,https://en.wikipedia.org/w/index.php?oldid=1368424733,v2_completa_19
G779E644E,tt0080745,en,659,False,https://en.wikipedia.org/w/index.php?oldid=1361547580,v2_completa_19
G77E5413C,tt15789492,es,706,False,https://es.wikipedia.org/w/index.php?oldid=171103116,v2_completa_19
G77E926FA,tt0374900,en,636,False,https://en.wikipedia.org/w/index.php?oldid=1370657109,v2_completa_19
G7803F063,tt0095963,en,450,False,https://en.wikipedia.org/w/index.php?oldid=1361336357,v2_completa_19
G78115CE6,tt0120755,en,487,False,https://en.wikipedia.org/w/index.php?oldid=1370734898,v2_completa_19
G781E4A43,tt0223268,es,167,False,https://es.wikipedia.org/w/index.php?oldid=174879150,v2_completa_19
G7821034F,tt0087755,en,614,False,https://en.wikipedia.org/w/index.php?oldid=1372706904,v2_completa_19
G7882849A,tt0913425,es,127,False,https://es.wikipedia.org/w/index.php?oldid=168491241,v2_completa_19
G78A6C8C4,tt0133152,en,495,False,https://en.wikipedia.org/w/index.php?oldid=1370804515,v2_completa_19
G78B9B06D,tt2582846,en,508,False,https://en.wikipedia.org/w/index.php?oldid=1371529644,v2_completa_19
G78CAA5B4,tt0185125,es,156,False,https://es.wikipedia.org/w/index.php?oldid=175056021,v2_completa_19
G78D258AE,tt9063902,es,394,False,https://es.wikipedia.org/w/index.php?oldid=162142462,v2_completa_19
G78D2D13C,tt1142988,en,454,False,https://en.wikipedia.org/w/index.php?oldid=1344596709,v2_completa_19
G78DB6D85,tt2239822,en,728,False,https://en.wikipedia.org/w/index.php?oldid=1371864469,v2_completa_19
G78F60E99,tt0319061,en,508,False,https://en.wikipedia.org/w/index.php?oldid=1370249403,v2_completa_19
G7960386C,tt0079586,en,554,False,https://en.wikipedia.org/w/index.php?oldid=1372095503,v2_completa_19
G7A034CCF,tt0134847,en,640,False,https://en.wikipedia.org/w/index.php?oldid=1368819461,v2_completa_20
G7A12FA1A,tt1085862,en,802,False,https://en.wikipedia.org/w/index.php?oldid=1341424011,v2_completa_20
G7A18B919,tt1715336,en,736,False,https://en.wikipedia.org/w/index.php?oldid=1372793731,v2_completa_20
G7A4D6EC1,tt2024544,en,556,False,https://en.wikipedia.org/w/index.php?oldid=1372710798,v2_completa_20
G7A5AD208,tt0087436,en,258,False,https://en.wikipedia.org/w/index.php?oldid=1360111739,v2_completa_20
G7A7E434C,tt0481499,en,678,False,https://en.wikipedia.org/w/index.php?oldid=1372651535,v2_completa_20
G7A8EB867,tt15128358,es,141,False,https://es.wikipedia.org/w/index.php?oldid=162219761,v2_completa_20
G7A9B2F67,tt1428538,en,673,False,https://en.wikipedia.org/w/index.php?oldid=1368974127,v2_completa_20
G7ACCD115,tt1798684,en,700,False,https://en.wikipedia.org/w/index.php?oldid=1371720342,v2_completa_20
G7AFE0C54,tt0097981,en,675,False,https://en.wikipedia.org/w/index.php?oldid=1372566474,v2_completa_20
G7B067DF8,tt0367594,en,529,False,https://en.wikipedia.org/w/index.php?oldid=1369593792,v2_completa_20
G7B1354A9,tt4972582,en,731,False,https://en.wikipedia.org/w/index.php?oldid=1365643965,v2_completa_20
G7B3988F4,tt0092563,en,753,False,https://en.wikipedia.org/w/index.php?oldid=1372167698,v2_completa_20
G7B7217C1,tt0094773,es,129,False,https://es.wikipedia.org/w/index.php?oldid=174804466,v2_completa_20
G7B7A2F55,tt0113855,en,519,False,https://en.wikipedia.org/w/index.php?oldid=1372694059,v2_completa_20
G7B7B1CBD,tt1179904,en,866,False,https://en.wikipedia.org/w/index.php?oldid=1368621804,v2_completa_20
G7B825002,tt6792282,en,408,False,https://en.wikipedia.org/w/index.php?oldid=1359787742,v2_completa_20
G7BB66294,tt1213641,en,559,False,https://en.wikipedia.org/w/index.php?oldid=1367900988,v2_completa_20
G7BBEB3D6,tt0116193,en,259,False,https://en.wikipedia.org/w/index.php?oldid=1359571361,v2_completa_20
G7BD3CB50,tt0099365,en,642,False,https://en.wikipedia.org/w/index.php?oldid=1371531053,v2_completa_20
G7C022DF7,tt0092513,en,697,False,https://en.wikipedia.org/w/index.php?oldid=1372093343,v2_completa_20
G7C10BB14,tt0196229,en,563,False,https://en.wikipedia.org/w/index.php?oldid=1372025775,v2_completa_20
G7C233FFE,tt0114694,en,811,False,https://en.wikipedia.org/w/index.php?oldid=1364444617,v2_completa_20
G7C279EBB,tt6566576,en,619,False,https://en.wikipedia.org/w/index.php?oldid=1370028929,v2_completa_20
G7C53C11F,tt0259324,en,676,False,https://en.wikipedia.org/w/index.php?oldid=1370199548,v2_completa_20
G7C6CB1EC,tt0085549,en,430,False,https://en.wikipedia.org/w/index.php?oldid=1370130386,v2_completa_20
G7C6F283B,tt0099226,es,121,False,https://es.wikipedia.org/w/index.php?oldid=162278283,v2_completa_20
G7C86BD6A,tt1411697,en,653,False,https://en.wikipedia.org/w/index.php?oldid=1363338610,v2_completa_20
G7C8D7FB8,tt0407887,en,530,False,https://en.wikipedia.org/w/index.php?oldid=1372818819,v2_completa_20
G7CC408D6,tt0430105,en,678,False,https://en.wikipedia.org/w/index.php?oldid=1361002616,v2_completa_20
G7CD5B2A5,tt1617661,en,700,False,https://en.wikipedia.org/w/index.php?oldid=1370472918,v2_completa_20
G7CDEBB8B,tt0090967,en,431,False,https://en.wikipedia.org/w/index.php?oldid=1369576213,v2_completa_20
G7D0C4E23,tt2896036,es,219,False,https://es.wikipedia.org/w/index.php?oldid=174618953,v2_completa_20
G7D194CCC,tt0100405,en,651,False,https://en.wikipedia.org/w/index.php?oldid=1368904206,v2_completa_20
G7D34C558,tt0113957,en,628,False,https://en.wikipedia.org/w/index.php?oldid=1372808013,v2_completa_20
G7D53296A,tt0468569,en,632,False,https://en.wikipedia.org/w/index.php?oldid=1372115457,v2_completa_20
G7D966513,tt0099329,en,700,False,https://en.wikipedia.org/w/index.php?oldid=1360864295,v2_completa_20
G7DD4FBDF,tt1645170,en,767,False,https://en.wikipedia.org/w/index.php?oldid=1372727004,v2_completa_20
G7E02237F,tt0111403,es,226,False,https://es.wikipedia.org/w/index.php?oldid=169529874,v2_completa_20
G7E283D03,tt0359950,en,670,False,https://en.wikipedia.org/w/index.php?oldid=1371620063,v2_completa_20
G7E50435A,tt0450278,en,789,False,https://en.wikipedia.org/w/index.php?oldid=1368361777,v2_completa_20
G7E5851D0,tt13287846,en,598,False,https://en.wikipedia.org/w/index.php?oldid=1371402029,v2_completa_20
G7E69E84B,tt1829012,es,297,False,https://es.wikipedia.org/w/index.php?oldid=172940491,v2_completa_20
G7E724C27,tt0276751,en,644,False,https://en.wikipedia.org/w/index.php?oldid=1367057516,v2_completa_20
G7E9C7512,tt0838221,en,587,False,https://en.wikipedia.org/w/index.php?oldid=1368657190,v2_completa_20
G7EA3C32B,tt0085995,en,670,False,https://en.wikipedia.org/w/index.php?oldid=1367400143,v2_completa_20
G7EB414B9,tt0093818,en,468,False,https://en.wikipedia.org/w/index.php?oldid=1370243063,v2_completa_20
G7EC2C57B,tt0090249,es,442,False,https://es.wikipedia.org/w/index.php?oldid=172952107,v2_completa_20
G7EEDA033,tt0097742,en,695,False,https://en.wikipedia.org/w/index.php?oldid=1366723848,v2_completa_20
G7EF499D7,tt0113918,es,291,False,https://es.wikipedia.org/w/index.php?oldid=174346890,v2_completa_20
G7F0901F3,tt0955308,en,627,False,https://en.wikipedia.org/w/index.php?oldid=1372302958,v2_completa_21
G7F143D58,tt0082340,en,666,False,https://en.wikipedia.org/w/index.php?oldid=1371213797,v2_completa_21
G7F7B0866,tt0097162,en,563,False,https://en.wikipedia.org/w/index.php?oldid=1371984727,v2_completa_21
G7FB7485C,tt1386588,en,597,False,https://en.wikipedia.org/w/index.php?oldid=1369087163,v2_completa_21
G7FDA3342,tt2584384,en,594,False,https://en.wikipedia.org/w/index.php?oldid=1372803043,v2_completa_21
G7FEC554F,tt16426418,en,780,False,https://en.wikipedia.org/w/index.php?oldid=1369277865,v2_completa_21
G80019289,tt0816711,en,668,False,https://en.wikipedia.org/w/index.php?oldid=1372788353,v2_completa_21
G804870F9,tt1542344,en,499,False,https://en.wikipedia.org/w/index.php?oldid=1372731460,v2_completa_21
G80570622,tt0162346,en,614,False,https://en.wikipedia.org/w/index.php?oldid=1369460554,v2_completa_21
G8095AF1B,tt0099653,en,648,False,https://en.wikipedia.org/w/index.php?oldid=1368418574,v2_completa_21
G810BCCD3,tt0093507,en,673,False,https://en.wikipedia.org/w/index.php?oldid=1370917613,v2_completa_21
G810C2348,tt0081207,en,498,False,https://en.wikipedia.org/w/index.php?oldid=1367108699,v2_completa_21
G812EA53E,tt3510480,es,575,False,https://es.wikipedia.org/w/index.php?oldid=174689456,v2_completa_21
G812F8D20,tt2361509,en,570,False,https://en.wikipedia.org/w/index.php?oldid=1368814188,v2_completa_21
G8170D2F2,tt0101764,en,609,False,https://en.wikipedia.org/w/index.php?oldid=1370601665,v2_completa_21
G818FDB33,tt0100758,en,644,False,https://en.wikipedia.org/w/index.php?oldid=1372605670,v2_completa_21
G81D37906,tt9916362,en,394,False,https://en.wikipedia.org/w/index.php?oldid=1359664975,v2_completa_21
G81DDC712,tt6320628,en,641,False,https://en.wikipedia.org/w/index.php?oldid=1371847710,v2_completa_21
G820AFA83,tt0280590,en,627,False,https://en.wikipedia.org/w/index.php?oldid=1370013972,v2_completa_21
G8211DC1A,tt0257076,en,640,False,https://en.wikipedia.org/w/index.php?oldid=1368934650,v2_completa_21
G8215CB3C,tt0099785,en,640,False,https://en.wikipedia.org/w/index.php?oldid=1370842091,v2_completa_21
G822AD0D1,tt0313737,en,609,False,https://en.wikipedia.org/w/index.php?oldid=1372626412,v2_completa_21
G823C6247,tt0096320,en,530,False,https://en.wikipedia.org/w/index.php?oldid=1372795772,v2_completa_21
G824322E9,tt2704998,en,707,False,https://en.wikipedia.org/w/index.php?oldid=1371416509,v2_completa_21
G824378DD,tt0281358,en,727,False,https://en.wikipedia.org/w/index.php?oldid=1369818142,v2_completa_21
G82481877,tt0111438,en,543,False,https://en.wikipedia.org/w/index.php?oldid=1369729685,v2_completa_21
G825B22C3,tt3319920,en,552,False,https://en.wikipedia.org/w/index.php?oldid=1362743940,v2_completa_21
G827D900B,tt0361748,en,823,False,https://en.wikipedia.org/w/index.php?oldid=1370578622,v2_completa_21
G828E3DBA,tt0948470,en,538,False,https://en.wikipedia.org/w/index.php?oldid=1372527344,v2_completa_21
G82AA9FC5,tt1469304,en,564,False,https://en.wikipedia.org/w/index.php?oldid=1368587233,v2_completa_21
G82C19145,tt2316411,es,569,False,https://es.wikipedia.org/w/index.php?oldid=174687865,v2_completa_21
G82D9670F,tt3783958,en,774,False,https://en.wikipedia.org/w/index.php?oldid=1372943657,v2_completa_21
G82E59A97,tt0409847,en,699,False,https://en.wikipedia.org/w/index.php?oldid=1372083471,v2_completa_21
G82FDA8B0,tt0081748,en,439,False,https://en.wikipedia.org/w/index.php?oldid=1372192562,v2_completa_21
G830E521D,tt0086154,en,607,False,https://en.wikipedia.org/w/index.php?oldid=1367311652,v2_completa_21
G834D1876,tt1598778,en,575,False,https://en.wikipedia.org/w/index.php?oldid=1372352992,v2_completa_21
G834EC197,tt0322259,en,658,False,https://en.wikipedia.org/w/index.php?oldid=1371733181,v2_completa_21
G8353ACEB,tt0140879,es,212,False,https://es.wikipedia.org/w/index.php?oldid=170934774,v2_completa_21
G83AA026D,tt5726616,en,488,False,https://en.wikipedia.org/w/index.php?oldid=1372745645,v2_completa_21
G83AC1508,tt0117887,en,719,False,https://en.wikipedia.org/w/index.php?oldid=1369605706,v2_completa_21
G83BB4BB8,tt0096754,en,821,False,https://en.wikipedia.org/w/index.php?oldid=1366418041,v2_completa_21
G83E8A0B4,tt0122718,en,553,False,https://en.wikipedia.org/w/index.php?oldid=1371296874,v2_completa_21
G83F337E8,tt0093569,es,255,False,https://es.wikipedia.org/w/index.php?oldid=165528215,v2_completa_21
G83F5D2D3,tt0361862,en,658,False,https://en.wikipedia.org/w/index.php?oldid=1369073609,v2_completa_21
G83F8EBE5,tt0105236,en,662,False,https://en.wikipedia.org/w/index.php?oldid=1370872386,v2_completa_21
G84079772,tt1024648,en,514,False,https://en.wikipedia.org/w/index.php?oldid=1366155941,v2_completa_21
G840F7B68,tt0102059,en,531,False,https://en.wikipedia.org/w/index.php?oldid=1352651005,v2_completa_21
G842B4948,tt1855199,en,565,False,https://en.wikipedia.org/w/index.php?oldid=1370792109,v2_completa_21
G8441285E,tt0295701,en,630,False,https://en.wikipedia.org/w/index.php?oldid=1372353334,v2_completa_21
G84491589,tt0094812,en,567,False,https://en.wikipedia.org/w/index.php?oldid=1371530981,v2_completa_21
G8465BEA8,tt0441761,en,227,False,https://en.wikipedia.org/w/index.php?oldid=1372420904,v2_completa_22
G846954D3,tt3371366,en,660,False,https://en.wikipedia.org/w/index.php?oldid=1372901403,v2_completa_22
G84A52A23,tt0183505,en,641,False,https://en.wikipedia.org/w/index.php?oldid=1368456025,v2_completa_22
G84B06514,tt0093894,en,557,False,https://en.wikipedia.org/w/index.php?oldid=1371107732,v2_completa_22
G84B1DA6D,tt3553976,en,700,False,https://en.wikipedia.org/w/index.php?oldid=1372506781,v2_completa_22
G84B2F526,tt0097388,en,721,False,https://en.wikipedia.org/w/index.php?oldid=1359467442,v2_completa_22
G84C313BD,tt6793580,es,203,False,https://es.wikipedia.org/w/index.php?oldid=171652643,v2_completa_22
G84E8D5C0,tt0432021,en,588,False,https://en.wikipedia.org/w/index.php?oldid=1372067195,v2_completa_22
G852FAB28,tt0790636,en,758,False,https://en.wikipedia.org/w/index.php?oldid=1369270661,v2_completa_22
G854A4B8C,tt3915174,en,699,False,https://en.wikipedia.org/w/index.php?oldid=1371103173,v2_completa_22
G854DEFF9,tt0177789,en,656,False,https://en.wikipedia.org/w/index.php?oldid=1369901687,v2_completa_22
G85506E90,tt0082951,en,655,False,https://en.wikipedia.org/w/index.php?oldid=1364852157,v2_completa_22
G857D3B4D,tt5040012,en,559,False,https://en.wikipedia.org/w/index.php?oldid=1370753002,v2_completa_22
G857F1443,tt0095705,en,632,False,https://en.wikipedia.org/w/index.php?oldid=1366188629,v2_completa_22
G85A3FE4C,tt0257360,en,724,False,https://en.wikipedia.org/w/index.php?oldid=1364298200,v2_completa_22
G85C2AB6A,tt0113497,en,679,False,https://en.wikipedia.org/w/index.php?oldid=1370114676,v2_completa_22
G85C3245B,tt0095742,en,593,False,https://en.wikipedia.org/w/index.php?oldid=1369967723,v2_completa_22
G85E2971D,tt0268695,en,654,False,https://en.wikipedia.org/w/index.php?oldid=1370335320,v2_completa_22
G85E60B76,tt0311113,en,642,False,https://en.wikipedia.org/w/index.php?oldid=1371743456,v2_completa_22
G85F4EB42,tt0108333,en,692,False,https://en.wikipedia.org/w/index.php?oldid=1371480937,v2_completa_22
G86063349,tt0086979,en,627,False,https://en.wikipedia.org/w/index.php?oldid=1371151525,v2_completa_22
G8650D93C,tt0458352,en,509,False,https://en.wikipedia.org/w/index.php?oldid=1371245352,v2_completa_22
G8674C0CD,tt0094226,en,840,False,https://en.wikipedia.org/w/index.php?oldid=1370753807,v2_completa_22
G86A13F02,tt2015381,en,697,False,https://en.wikipedia.org/w/index.php?oldid=1371507300,v2_completa_22
G870B92C3,tt0113101,en,681,False,https://en.wikipedia.org/w/index.php?oldid=1360372281,v2_completa_22
G870EFBF3,tt12683756,en,697,False,https://en.wikipedia.org/w/index.php?oldid=1358700786,v2_completa_22
G878A873C,tt0096438,en,631,False,https://en.wikipedia.org/w/index.php?oldid=1372118561,v2_completa_22
G880F147F,tt0193167,en,631,False,https://en.wikipedia.org/w/index.php?oldid=1367907195,v2_completa_22
G8857314F,tt0230600,en,529,False,https://en.wikipedia.org/w/index.php?oldid=1361862879,v2_completa_22
G886ACF78,tt29623480,en,514,False,https://en.wikipedia.org/w/index.php?oldid=1372916872,v2_completa_22
G8875E8D5,tt0084809,en,764,False,https://en.wikipedia.org/w/index.php?oldid=1340479688,v2_completa_22
G88DD5794,tt0266543,en,802,False,https://en.wikipedia.org/w/index.php?oldid=1372054476,v2_completa_22
G88EEF3CC,tt0095271,en,771,False,https://en.wikipedia.org/w/index.php?oldid=1372408938,v2_completa_22
G897FA5F8,tt0102250,en,277,False,https://en.wikipedia.org/w/index.php?oldid=1362144332,v2_completa_22
G89B49180,tt0134084,en,592,False,https://en.wikipedia.org/w/index.php?oldid=1371681568,v2_completa_22
G89E30978,tt0084740,en,437,False,https://en.wikipedia.org/w/index.php?oldid=1356185532,v2_completa_22
G89E4A621,tt0091217,en,708,False,https://en.wikipedia.org/w/index.php?oldid=1369318335,v2_completa_22
G89E742AF,tt0395125,en,242,False,https://en.wikipedia.org/w/index.php?oldid=1348123230,v2_completa_22
G89EB08B0,tt0318462,es,648,False,https://es.wikipedia.org/w/index.php?oldid=172226772,v2_completa_22
G89FCE840,tt1282140,en,566,False,https://en.wikipedia.org/w/index.php?oldid=1372005352,v2_completa_22
G8A0091E9,tt0091557,en,682,False,https://en.wikipedia.org/w/index.php?oldid=1367688188,v2_completa_22
G8A17145D,tt1605630,en,594,False,https://en.wikipedia.org/w/index.php?oldid=1368303958,v2_completa_22
G8A2FADA0,tt0125664,en,734,False,https://en.wikipedia.org/w/index.php?oldid=1369916087,v2_completa_22
G8A4186C0,tt0111070,en,741,False,https://en.wikipedia.org/w/index.php?oldid=1369513034,v2_completa_22
G8A48C9AB,tt0117509,en,586,False,https://en.wikipedia.org/w/index.php?oldid=1370078956,v2_completa_22
G8A65DB73,tt0081415,en,227,False,https://en.wikipedia.org/w/index.php?oldid=1361969312,v2_completa_22
G8A8F7506,tt0118998,en,707,False,https://en.wikipedia.org/w/index.php?oldid=1371021195,v2_completa_22
G8A9DF5C0,tt0111449,es,144,False,https://es.wikipedia.org/w/index.php?oldid=171788906,v2_completa_22
G8AA26FEE,tt0116830,en,625,False,https://en.wikipedia.org/w/index.php?oldid=1368071063,v2_completa_22
G8AB2129D,tt1667889,en,551,False,https://en.wikipedia.org/w/index.php?oldid=1372054727,v2_completa_22
G8B180FC0,tt0101775,en,535,False,https://en.wikipedia.org/w/index.php?oldid=1369891738,v2_completa_23
G8B404224,tt0371853,es,121,False,https://es.wikipedia.org/w/index.php?oldid=173844731,v2_completa_23
G8B564DF9,tt0322330,en,505,False,https://en.wikipedia.org/w/index.php?oldid=1372241267,v2_completa_23
G8B6695A4,tt0089822,en,559,False,https://en.wikipedia.org/w/index.php?oldid=1367453382,v2_completa_23
G8B6B7629,tt0090644,en,620,False,https://en.wikipedia.org/w/index.php?oldid=1364697464,v2_completa_23
G8B769EA5,tt5886440,es,707,False,https://es.wikipedia.org/w/index.php?oldid=171390634,v2_completa_23
G8B9B2DD7,tt13375076,es,809,False,https://es.wikipedia.org/w/index.php?oldid=174880066,v2_completa_23
G8BA07E9C,tt0081353,en,542,False,https://en.wikipedia.org/w/index.php?oldid=1371510960,v2_completa_23
G8BA57E06,tt0082088,es,152,False,https://es.wikipedia.org/w/index.php?oldid=172832322,v2_completa_23
G8BAA67EF,tt0181865,en,666,False,https://en.wikipedia.org/w/index.php?oldid=1366889171,v2_completa_23
G8BAE5D21,tt0115832,es,853,False,https://es.wikipedia.org/w/index.php?oldid=172736153,v2_completa_23
G8BB2227D,tt1453405,en,689,False,https://en.wikipedia.org/w/index.php?oldid=1368695492,v2_completa_23
G8BB5EA1C,tt0120746,en,664,False,https://en.wikipedia.org/w/index.php?oldid=1370567563,v2_completa_23
G8C0D71DC,tt0212720,en,685,False,https://en.wikipedia.org/w/index.php?oldid=1371653985,v2_completa_23
G8C4A409F,tt0089092,en,463,False,https://en.wikipedia.org/w/index.php?oldid=1366101233,v2_completa_23
G8C4CA736,tt0429493,en,448,False,https://en.wikipedia.org/w/index.php?oldid=1372417520,v2_completa_23
G8C52952C,tt1345836,en,669,False,https://en.wikipedia.org/w/index.php?oldid=1372117436,v2_completa_23
G8C7E4D61,tt0081790,es,146,False,https://es.wikipedia.org/w/index.php?oldid=169195172,v2_completa_23
G8CA54EAB,tt0339806,es,179,False,https://es.wikipedia.org/w/index.php?oldid=162880795,v2_completa_23
G8CC2117C,tt1606389,en,684,False,https://en.wikipedia.org/w/index.php?oldid=1368469936,v2_completa_23
G8CC8E0D8,tt0092965,en,729,False,https://en.wikipedia.org/w/index.php?oldid=1362293425,v2_completa_23
G8CF261A7,tt1229238,en,704,False,https://en.wikipedia.org/w/index.php?oldid=1370223756,v2_completa_23
G8D0D7C02,tt1856101,en,675,False,https://en.wikipedia.org/w/index.php?oldid=1371700150,v2_completa_23
G8D10435C,tt0100150,en,632,False,https://en.wikipedia.org/w/index.php?oldid=1371884327,v2_completa_23
G8D17A644,tt0439123,en,185,False,https://en.wikipedia.org/w/index.php?oldid=1369954709,v2_completa_23
G8D2B4A18,tt0376994,en,553,False,https://en.wikipedia.org/w/index.php?oldid=1372821058,v2_completa_23
G8D7A3EC3,tt2093270,en,426,False,https://en.wikipedia.org/w/index.php?oldid=1369821832,v2_completa_23
G8D8605E0,tt3501632,en,606,False,https://en.wikipedia.org/w/index.php?oldid=1370878304,v2_completa_23
G8D8F65FF,tt0473075,en,644,False,https://en.wikipedia.org/w/index.php?oldid=1365342464,v2_completa_23
G8DA19CCA,tt0401855,en,672,False,https://en.wikipedia.org/w/index.php?oldid=1371030305,v2_completa_23
G8DA5359A,tt0232500,en,714,False,https://en.wikipedia.org/w/index.php?oldid=1372299831,v2_completa_23
G8DD0A4E2,tt11389872,en,621,False,https://en.wikipedia.org/w/index.php?oldid=1370703146,v2_completa_23
G8DD5FE15,tt0118615,en,628,False,https://en.wikipedia.org/w/index.php?oldid=1364893237,v2_completa_23
G8DDE9AC0,tt0093840,en,129,False,https://en.wikipedia.org/w/index.php?oldid=1339272010,v2_completa_23
G8E000928,tt1034385,en,725,False,https://en.wikipedia.org/w/index.php?oldid=1339048410,v2_completa_23
G8E056864,tt6718170,en,577,False,https://en.wikipedia.org/w/index.php?oldid=1372034659,v2_completa_23
G8E0E0F2B,tt0090354,es,1537,True,https://es.wikipedia.org/w/index.php?oldid=171132605,v2_completa_23
G8E146D94,tt0109445,en,618,False,https://en.wikipedia.org/w/index.php?oldid=1372743000,v2_completa_23
G8E409001,tt1817273,en,591,False,https://en.wikipedia.org/w/index.php?oldid=1370131392,v2_completa_23
G8E49AD2D,tt0892791,en,686,False,https://en.wikipedia.org/w/index.php?oldid=1370079140,v2_completa_23
G8E6CB255,tt0438097,en,583,False,https://en.wikipedia.org/w/index.php?oldid=1372153217,v2_completa_23
G8E74D27D,tt0088414,en,546,False,https://en.wikipedia.org/w/index.php?oldid=1368075413,v2_completa_23
G8E964EAB,tt0110622,en,598,False,https://en.wikipedia.org/w/index.php?oldid=1365334992,v2_completa_23
G8EE6314A,tt0083624,en,551,False,https://en.wikipedia.org/w/index.php?oldid=1367303702,v2_completa_23
G8F1C4CC2,tt0837562,en,789,False,https://en.wikipedia.org/w/index.php?oldid=1370683741,v2_completa_23
G8F66747F,tt2381941,en,552,False,https://en.wikipedia.org/w/index.php?oldid=1367800500,v2_completa_23
G8F697D15,tt0332280,en,669,False,https://en.wikipedia.org/w/index.php?oldid=1369289758,v2_completa_23
G8F7195BB,tt2527336,en,669,False,https://en.wikipedia.org/w/index.php?oldid=1371543920,v2_completa_23
G8FB2A6A2,tt6146586,en,607,False,https://en.wikipedia.org/w/index.php?oldid=1368890522,v2_completa_23
G8FCB25B2,tt1343092,en,699,False,https://en.wikipedia.org/w/index.php?oldid=1370752082,v2_completa_23
G8FE1150D,tt0085824,en,183,False,https://en.wikipedia.org/w/index.php?oldid=1341438429,v2_completa_24
G8FE3B0FD,tt0083929,en,712,False,https://en.wikipedia.org/w/index.php?oldid=1372417812,v2_completa_24
G902E4059,tt2039345,en,777,False,https://en.wikipedia.org/w/index.php?oldid=1354005943,v2_completa_24
G90342B10,tt1661862,es,679,False,https://es.wikipedia.org/w/index.php?oldid=173774178,v2_completa_24
G9043451F,tt0113161,en,650,False,https://en.wikipedia.org/w/index.php?oldid=1370286301,v2_completa_24
G904D7F34,tt0108180,es,169,False,https://es.wikipedia.org/w/index.php?oldid=162219823,v2_completa_24
G9065D3B1,tt0090250,es,833,False,https://es.wikipedia.org/w/index.php?oldid=173379499,v2_completa_24
G9081D814,tt0308644,en,336,False,https://en.wikipedia.org/w/index.php?oldid=1367844822,v2_completa_24
G90C3E6CA,tt0416320,en,593,False,https://en.wikipedia.org/w/index.php?oldid=1369821042,v2_completa_24
G90FC29B0,tt0086066,en,647,False,https://en.wikipedia.org/w/index.php?oldid=1368603626,v2_completa_24
G91069F2F,tt0462499,en,515,False,https://en.wikipedia.org/w/index.php?oldid=1372580700,v2_completa_24
G911A2EA9,tt7959026,en,665,False,https://en.wikipedia.org/w/index.php?oldid=1367228608,v2_completa_24
G91421EF7,tt3385516,en,674,False,https://en.wikipedia.org/w/index.php?oldid=1370685356,v2_completa_24
G914FBF9B,tt0368891,en,827,False,https://en.wikipedia.org/w/index.php?oldid=1370770999,v2_completa_24
G9175DE3E,tt0449059,en,602,False,https://en.wikipedia.org/w/index.php?oldid=1371097206,v2_completa_24
G9185220F,tt11138512,en,831,False,https://en.wikipedia.org/w/index.php?oldid=1372299703,v2_completa_24
G91B6D909,tt0120917,en,692,False,https://en.wikipedia.org/w/index.php?oldid=1372806953,v2_completa_24
G91BE3649,tt5170810,en,685,False,https://en.wikipedia.org/w/index.php?oldid=1361040642,v2_completa_24
G91D23998,tt0119303,en,440,False,https://en.wikipedia.org/w/index.php?oldid=1364528199,v2_completa_24
G91E9B06F,tt0120347,en,711,False,https://en.wikipedia.org/w/index.php?oldid=1367734936,v2_completa_24
G92267499,tt0106598,en,551,False,https://en.wikipedia.org/w/index.php?oldid=1370173051,v2_completa_24
G922B9046,tt0090060,en,692,False,https://en.wikipedia.org/w/index.php?oldid=1369384069,v2_completa_24
G9230B0C7,tt0114148,en,636,False,https://en.wikipedia.org/w/index.php?oldid=1372789427,v2_completa_24
G9233E4DB,tt2126355,en,660,False,https://en.wikipedia.org/w/index.php?oldid=1363857918,v2_completa_24
G923D2610,tt14400246,es,243,False,https://es.wikipedia.org/w/index.php?oldid=174853558,v2_completa_24
G9257D907,tt1270798,en,640,False,https://en.wikipedia.org/w/index.php?oldid=1372940116,v2_completa_24
G926B4AA0,tt27403986,en,700,False,https://en.wikipedia.org/w/index.php?oldid=1367229886,v2_completa_24
G92A61865,tt0176422,en,590,False,https://en.wikipedia.org/w/index.php?oldid=1367450473,v2_completa_24
G92A87F9A,tt17279496,en,698,False,https://en.wikipedia.org/w/index.php?oldid=1370417885,v2_completa_24
G931B79D5,tt3480886,en,283,False,https://en.wikipedia.org/w/index.php?oldid=1364841620,v2_completa_24
G932C2D71,tt0117913,en,603,False,https://en.wikipedia.org/w/index.php?oldid=1369555900,v2_completa_24
G93491269,tt11807888,en,515,False,https://en.wikipedia.org/w/index.php?oldid=1358638136,v2_completa_24
G93549BC4,tt0115798,en,455,False,https://en.wikipedia.org/w/index.php?oldid=1367417234,v2_completa_24
G938D4E00,tt1629377,es,618,False,https://es.wikipedia.org/w/index.php?oldid=165067205,v2_completa_24
G9391D581,tt1392190,en,686,False,https://en.wikipedia.org/w/index.php?oldid=1371711246,v2_completa_24
G9419E127,tt0480249,en,555,False,https://en.wikipedia.org/w/index.php?oldid=1372101858,v2_completa_24
G9431AACA,tt0082888,es,318,False,https://es.wikipedia.org/w/index.php?oldid=171103443,v2_completa_24
G945743F1,tt0770828,en,654,False,https://en.wikipedia.org/w/index.php?oldid=1370990950,v2_completa_24
G946AA0B4,tt1077258,en,640,False,https://en.wikipedia.org/w/index.php?oldid=1367433058,v2_completa_24
G9489507F,tt0094608,en,358,False,https://en.wikipedia.org/w/index.php?oldid=1368465784,v2_completa_24
G94A85766,tt0112851,en,617,False,https://en.wikipedia.org/w/index.php?oldid=1366322749,v2_completa_24
G94B04B75,tt0208092,en,487,False,https://en.wikipedia.org/w/index.php?oldid=1371843607,v2_completa_24
G94CDE8EE,tt0109949,es,134,False,https://es.wikipedia.org/w/index.php?oldid=168278301,v2_completa_24
G94DAEBDD,tt4276820,en,741,False,https://en.wikipedia.org/w/index.php?oldid=1361441295,v2_completa_24
G94E9D639,tt0121766,en,607,False,https://en.wikipedia.org/w/index.php?oldid=1372133173,v2_completa_24
G950C3366,tt0085271,en,702,False,https://en.wikipedia.org/w/index.php?oldid=1372792589,v2_completa_24
G951FC0EF,tt0102034,en,352,False,https://en.wikipedia.org/w/index.php?oldid=1371710030,v2_completa_24
G952CABF8,tt2234155,en,525,False,https://en.wikipedia.org/w/index.php?oldid=1367338266,v2_completa_24
G953951E5,tt0119822,en,674,False,https://en.wikipedia.org/w/index.php?oldid=1367348581,v2_completa_24
G953F8F3B,tt0236493,en,708,False,https://en.wikipedia.org/w/index.php?oldid=1372449474,v2_completa_24
G9586DBED,tt0120363,en,665,False,https://en.wikipedia.org/w/index.php?oldid=1371490052,v2_completa_25
G95E13EB5,tt1082868,es,594,False,https://es.wikipedia.org/w/index.php?oldid=174771316,v2_completa_25
G9648ECCA,tt0808151,en,711,False,https://en.wikipedia.org/w/index.php?oldid=1371610965,v2_completa_25
G965A5016,tt0081059,en,602,False,https://en.wikipedia.org/w/index.php?oldid=1361754614,v2_completa_25
G96C6151E,tt0111742,en,480,False,https://en.wikipedia.org/w/index.php?oldid=1360181334,v2_completa_25
G96CAB785,tt3711510,en,893,False,https://en.wikipedia.org/w/index.php?oldid=1341404904,v2_completa_25
G96D3C398,tt0100403,en,634,False,https://en.wikipedia.org/w/index.php?oldid=1369244284,v2_completa_25
G96D5C076,tt0080569,en,525,False,https://en.wikipedia.org/w/index.php?oldid=1372155289,v2_completa_25
G96DC243A,tt0110475,en,736,False,https://en.wikipedia.org/w/index.php?oldid=1371331672,v2_completa_25
G96F02741,tt20215968,en,468,False,https://en.wikipedia.org/w/index.php?oldid=1365344815,v2_completa_25
G96F92872,tt15671028,en,653,False,https://en.wikipedia.org/w/index.php?oldid=1369923120,v2_completa_25
G96FA65ED,tt0086200,en,668,False,https://en.wikipedia.org/w/index.php?oldid=1367755037,v2_completa_25
G971085E9,tt31723358,en,325,False,https://en.wikipedia.org/w/index.php?oldid=1358446198,v2_completa_25
G97160126,tt0212854,en,636,False,https://en.wikipedia.org/w/index.php?oldid=1341436420,v2_completa_25
G9775C4DC,tt0084917,en,695,False,https://en.wikipedia.org/w/index.php?oldid=1363340831,v2_completa_25
G97847FE3,tt0088247,en,642,False,https://en.wikipedia.org/w/index.php?oldid=1372165474,v2_completa_25
G979FF924,tt0093493,en,662,False,https://en.wikipedia.org/w/index.php?oldid=1367029048,v2_completa_25
G97D5025D,tt0108550,en,453,False,https://en.wikipedia.org/w/index.php?oldid=1371042050,v2_completa_25
G97FF69A4,tt0121765,en,625,False,https://en.wikipedia.org/w/index.php?oldid=1371769491,v2_completa_25
G9837561C,tt0285823,en,577,False,https://en.wikipedia.org/w/index.php?oldid=1371027134,v2_completa_25
G98391C8B,tt0107076,en,656,False,https://en.wikipedia.org/w/index.php?oldid=1368466630,v2_completa_25
G98414C19,tt0088794,en,573,False,https://en.wikipedia.org/w/index.php?oldid=1372409716,v2_completa_25
G984F273E,tt1298650,en,696,False,https://en.wikipedia.org/w/index.php?oldid=1372330080,v2_completa_25
G985D6C83,tt1430132,en,678,False,https://en.wikipedia.org/w/index.php?oldid=1370911393,v2_completa_25
G987AEAB5,tt1014759,en,644,False,https://en.wikipedia.org/w/index.php?oldid=1372667693,v2_completa_25
G987F7941,tt0088939,en,674,False,https://en.wikipedia.org/w/index.php?oldid=1372174172,v2_completa_25
G9881CDBF,tt0084707,en,495,False,https://en.wikipedia.org/w/index.php?oldid=1369646082,v2_completa_25
G989FE424,tt3563262,en,628,False,https://en.wikipedia.org/w/index.php?oldid=1369822758,v2_completa_25
G98AF5F97,tt0273517,es,159,False,https://es.wikipedia.org/w/index.php?oldid=174699952,v2_completa_25
G98B2734A,tt0100054,en,682,False,https://en.wikipedia.org/w/index.php?oldid=1366712539,v2_completa_25
G98B423B6,tt2488496,en,638,False,https://en.wikipedia.org/w/index.php?oldid=1371558735,v2_completa_25
G98C97212,tt4046784,en,642,False,https://en.wikipedia.org/w/index.php?oldid=1369863344,v2_completa_25
G98CF489D,tt1078912,en,559,False,https://en.wikipedia.org/w/index.php?oldid=1372488759,v2_completa_25
G98D44A24,tt0352248,en,523,False,https://en.wikipedia.org/w/index.php?oldid=1369977040,v2_completa_25
G98D74FB8,tt0104694,en,713,False,https://en.wikipedia.org/w/index.php?oldid=1369326236,v2_completa_25
G98DB1258,tt15977250,es,786,False,https://es.wikipedia.org/w/index.php?oldid=169163650,v2_completa_25
G994B67EE,tt0088194,en,689,False,https://en.wikipedia.org/w/index.php?oldid=1368794754,v2_completa_25
G99A6FF58,tt0087332,en,551,False,https://en.wikipedia.org/w/index.php?oldid=1370573001,v2_completa_25
G99BD5E76,tt14846026,en,834,False,https://en.wikipedia.org/w/index.php?oldid=1370578776,v2_completa_25
G99D462EF,tt3322940,en,507,False,https://en.wikipedia.org/w/index.php?oldid=1370873490,v2_completa_25
G9A18E3F9,tt1629705,es,561,False,https://es.wikipedia.org/w/index.php?oldid=162885456,v2_completa_25
G9A1BCBEE,tt5439796,en,716,False,https://en.wikipedia.org/w/index.php?oldid=1353564380,v2_completa_25
G9A2D4477,tt0960144,en,603,False,https://en.wikipedia.org/w/index.php?oldid=1370173642,v2_completa_25
G9A32461A,tt1638355,en,405,False,https://en.wikipedia.org/w/index.php?oldid=1368944747,v2_completa_25
G9ADFE101,tt0320691,en,678,False,https://en.wikipedia.org/w/index.php?oldid=1371030245,v2_completa_25
G9AE6A755,tt0083284,en,534,False,https://en.wikipedia.org/w/index.php?oldid=1372082984,v2_completa_25
G9B04A85B,tt0287467,en,723,False,https://en.wikipedia.org/w/index.php?oldid=1367622582,v2_completa_25
G9B1F23D3,tt4196776,en,697,False,https://en.wikipedia.org/w/index.php?oldid=1372187319,v2_completa_25
G9B46B59F,tt0080354,en,575,False,https://en.wikipedia.org/w/index.php?oldid=1366071054,v2_completa_25
G9B8CBE20,tt2084970,en,715,False,https://en.wikipedia.org/w/index.php?oldid=1369074884,v2_completa_25
G9BBD4BB2,tt2277860,en,544,False,https://en.wikipedia.org/w/index.php?oldid=1370188549,v2_completa_26
G9BE9EA04,tt1772341,en,676,False,https://en.wikipedia.org/w/index.php?oldid=1372882457,v2_completa_26
G9C067773,tt0107315,es,124,False,https://es.wikipedia.org/w/index.php?oldid=172913588,v2_completa_26
G9C129A16,tt0266079,es,137,False,https://es.wikipedia.org/w/index.php?oldid=162142635,v2_completa_26
G9C9EC9D6,tt0463854,es,1538,True,https://es.wikipedia.org/w/index.php?oldid=174483392,v2_completa_26
G9CCFF908,tt10633456,en,596,False,https://en.wikipedia.org/w/index.php?oldid=1370036757,v2_completa_26
G9CD61D45,tt0080388,en,489,False,https://en.wikipedia.org/w/index.php?oldid=1372827489,v2_completa_26
G9CEC6947,tt8385148,en,713,False,https://en.wikipedia.org/w/index.php?oldid=1372024605,v2_completa_26
G9CF7625B,tt1670345,en,644,False,https://en.wikipedia.org/w/index.php?oldid=1369155304,v2_completa_26
G9CF7A097,tt0378194,en,500,False,https://en.wikipedia.org/w/index.php?oldid=1366126289,v2_completa_26
G9CFCC822,tt1935859,en,734,False,https://en.wikipedia.org/w/index.php?oldid=1371915894,v2_completa_26
G9D1EC5E1,tt0107977,en,523,False,https://en.wikipedia.org/w/index.php?oldid=1368468372,v2_completa_26
G9D75BF77,tt3470600,en,696,False,https://en.wikipedia.org/w/index.php?oldid=1372672316,v2_completa_26
G9DBBA36F,tt0094012,en,571,False,https://en.wikipedia.org/w/index.php?oldid=1372222144,v2_completa_26
G9DD21FAD,tt0162661,en,679,False,https://en.wikipedia.org/w/index.php?oldid=1371829107,v2_completa_26
G9DD324EC,tt0103893,en,618,False,https://en.wikipedia.org/w/index.php?oldid=1369074733,v2_completa_26
G9DF55FB8,tt0110912,en,619,False,https://en.wikipedia.org/w/index.php?oldid=1372258555,v2_completa_26
G9E342AF0,tt3896100,es,522,False,https://es.wikipedia.org/w/index.php?oldid=174468004,v2_completa_26
G9E422AC4,tt0085334,en,730,False,https://en.wikipedia.org/w/index.php?oldid=1369303305,v2_completa_26
G9E68142F,tt0479143,en,687,False,https://en.wikipedia.org/w/index.php?oldid=1371726183,v2_completa_26
G9F4D0F3E,tt6704776,es,206,False,https://es.wikipedia.org/w/index.php?oldid=173042844,v2_completa_26
G9F6A90D1,tt10838180,en,807,False,https://en.wikipedia.org/w/index.php?oldid=1372111295,v2_completa_26
G9F75F58F,tt0430912,en,569,False,https://en.wikipedia.org/w/index.php?oldid=1371435883,v2_completa_26
G9FCADDA0,tt0081071,en,410,False,https://en.wikipedia.org/w/index.php?oldid=1359043532,v2_completa_26
G9FF25FAB,tt0349903,en,692,False,https://en.wikipedia.org/w/index.php?oldid=1358175756,v2_completa_26
GA0074F07,tt0203019,en,636,False,https://en.wikipedia.org/w/index.php?oldid=1369274455,v2_completa_26
GA0637C27,tt0085255,en,789,False,https://en.wikipedia.org/w/index.php?oldid=1372086238,v2_completa_26
GA06B5CE9,tt0110413,en,637,False,https://en.wikipedia.org/w/index.php?oldid=1366316629,v2_completa_26
GA08C87E9,tt2494384,en,608,False,https://en.wikipedia.org/w/index.php?oldid=1341437877,v2_completa_26
GA09038EF,tt0986263,en,639,False,https://en.wikipedia.org/w/index.php?oldid=1370303050,v2_completa_26
GA0A90006,tt1125849,en,718,False,https://en.wikipedia.org/w/index.php?oldid=1372554943,v2_completa_26
GA0F1EFD0,tt0082250,en,836,False,https://en.wikipedia.org/w/index.php?oldid=1368557154,v2_completa_26
GA101D2E8,tt0107614,en,678,False,https://en.wikipedia.org/w/index.php?oldid=1372762966,v2_completa_26
GA10A205E,tt0424136,en,576,False,https://en.wikipedia.org/w/index.php?oldid=1372708893,v2_completa_26
GA11AE414,tt0089886,en,614,False,https://en.wikipedia.org/w/index.php?oldid=1365585177,v2_completa_26
GA1267E97,tt0086960,en,562,False,https://en.wikipedia.org/w/index.php?oldid=1369298346,v2_completa_26
GA13C85F5,tt4425200,en,680,False,https://en.wikipedia.org/w/index.php?oldid=1372070467,v2_completa_26
GA164B63F,tt0433035,en,624,False,https://en.wikipedia.org/w/index.php?oldid=1371862815,v2_completa_26
GA1CFA6D9,tt0380510,en,669,False,https://en.wikipedia.org/w/index.php?oldid=1372725151,v2_completa_26
GA1E4F28C,tt0092076,en,644,False,https://en.wikipedia.org/w/index.php?oldid=1370397664,v2_completa_26
GA2115ECA,tt12037194,en,708,False,https://en.wikipedia.org/w/index.php?oldid=1369720272,v2_completa_26
GA223BBFE,tt6806448,en,469,False,https://en.wikipedia.org/w/index.php?oldid=1372008944,v2_completa_26
GA232DF62,tt0094862,en,624,False,https://en.wikipedia.org/w/index.php?oldid=1371189006,v2_completa_26
GA2720256,tt0970469,es,517,False,https://es.wikipedia.org/w/index.php?oldid=162668474,v2_completa_26
GA299B0A3,tt11291274,en,651,False,https://en.wikipedia.org/w/index.php?oldid=1362733924,v2_completa_26
GA2B117A2,tt4649466,en,693,False,https://en.wikipedia.org/w/index.php?oldid=1366303737,v2_completa_26
GA2E14E72,tt0120890,en,800,False,https://en.wikipedia.org/w/index.php?oldid=1372432914,v2_completa_26
GA2E5B779,tt0415306,en,616,False,https://en.wikipedia.org/w/index.php?oldid=1372452185,v2_completa_26
GA364DCDD,tt0078936,en,371,False,https://en.wikipedia.org/w/index.php?oldid=1346409287,v2_completa_26
GA3695867,tt4034228,en,667,False,https://en.wikipedia.org/w/index.php?oldid=1367623727,v2_completa_26
GA3952B40,tt0397065,en,613,False,https://en.wikipedia.org/w/index.php?oldid=1371723659,v2_completa_27
GA3D10832,tt1408101,en,645,False,https://en.wikipedia.org/w/index.php?oldid=1372616388,v2_completa_27
GA3D73D56,tt0085382,en,369,False,https://en.wikipedia.org/w/index.php?oldid=1370631590,v2_completa_27
GA3E21201,tt0290334,en,605,False,https://en.wikipedia.org/w/index.php?oldid=1371682501,v2_completa_27
GA3F59329,tt0315327,en,585,False,https://en.wikipedia.org/w/index.php?oldid=1369380254,v2_completa_27
GA3F75163,tt0097733,en,555,False,https://en.wikipedia.org/w/index.php?oldid=1372694386,v2_completa_27
GA42F771B,tt0080931,es,282,False,https://es.wikipedia.org/w/index.php?oldid=141625916,v2_completa_27
GA43DAE9D,tt0758758,en,699,False,https://en.wikipedia.org/w/index.php?oldid=1372731665,v2_completa_27
GA4565FFB,tt4359330,en,401,False,https://en.wikipedia.org/w/index.php?oldid=1345880124,v2_completa_27
GA4837D3D,tt1111890,en,655,False,https://en.wikipedia.org/w/index.php?oldid=1347993318,v2_completa_27
GA4EC6A2C,tt0118928,en,678,False,https://en.wikipedia.org/w/index.php?oldid=1368284963,v2_completa_27
GA4FDB9C4,tt2543164,en,728,False,https://en.wikipedia.org/w/index.php?oldid=1371864674,v2_completa_27
GA52B935E,tt0337978,en,699,False,https://en.wikipedia.org/w/index.php?oldid=1372258944,v2_completa_27
GA5455EB7,tt2557490,en,553,False,https://en.wikipedia.org/w/index.php?oldid=1372289278,v2_completa_27
GA553BFA1,tt1366365,es,755,False,https://es.wikipedia.org/w/index.php?oldid=172767005,v2_completa_27
GA572FEA3,tt0422272,es,217,False,https://es.wikipedia.org/w/index.php?oldid=170934870,v2_completa_27
GA59B4BC1,tt0325710,en,699,False,https://en.wikipedia.org/w/index.php?oldid=1370583216,v2_completa_27
GA5DFEFFD,tt0085333,en,698,False,https://en.wikipedia.org/w/index.php?oldid=1368742595,v2_completa_27
GA5E22C43,tt1371111,en,713,False,https://en.wikipedia.org/w/index.php?oldid=1372965361,v2_completa_27
GA5E783D7,tt0257044,en,637,False,https://en.wikipedia.org/w/index.php?oldid=1371530579,v2_completa_27
GA5EE2848,tt0172493,en,711,False,https://en.wikipedia.org/w/index.php?oldid=1366474439,v2_completa_27
GA6539F19,tt0097240,en,675,False,https://en.wikipedia.org/w/index.php?oldid=1366767009,v2_completa_27
GA65A46F8,tt8593904,es,249,False,https://es.wikipedia.org/w/index.php?oldid=175000447,v2_completa_27
GA666A62F,tt5862312,es,783,False,https://es.wikipedia.org/w/index.php?oldid=171567508,v2_completa_27
GA66AE035,tt0099685,en,623,False,https://en.wikipedia.org/w/index.php?oldid=1372600176,v2_completa_27
GA6934438,tt0387808,en,715,False,https://en.wikipedia.org/w/index.php?oldid=1371902352,v2_completa_27
GA6C5BE9F,tt11687002,es,265,False,https://es.wikipedia.org/w/index.php?oldid=167831662,v2_completa_27
GA6E0DB2A,tt0942385,en,776,False,https://en.wikipedia.org/w/index.php?oldid=1372617520,v2_completa_27
GA7042E52,tt0083859,en,196,False,https://en.wikipedia.org/w/index.php?oldid=1341438305,v2_completa_27
GA7172D9D,tt2463208,en,550,False,https://en.wikipedia.org/w/index.php?oldid=1370241778,v2_completa_27
GA72D60B7,tt0146838,en,539,False,https://en.wikipedia.org/w/index.php?oldid=1371603218,v2_completa_27
GA759DDFD,tt5442430,en,664,False,https://en.wikipedia.org/w/index.php?oldid=1371559610,v2_completa_27
GA768DC58,tt0253556,en,668,False,https://en.wikipedia.org/w/index.php?oldid=1369159958,v2_completa_27
GA7899F2F,tt1895587,en,656,False,https://en.wikipedia.org/w/index.php?oldid=1372731505,v2_completa_27
GA7B9F806,tt0097770,en,691,False,https://en.wikipedia.org/w/index.php?oldid=1363689237,v2_completa_27
GA7DB35A4,tt1060277,en,719,False,https://en.wikipedia.org/w/index.php?oldid=1372805990,v2_completa_27
GA84366E2,tt0461894,es,124,False,https://es.wikipedia.org/w/index.php?oldid=163618902,v2_completa_27
GA85B9C7E,tt0080319,en,699,False,https://en.wikipedia.org/w/index.php?oldid=1372678317,v2_completa_27
GA86A7CAE,tt1860357,en,650,False,https://en.wikipedia.org/w/index.php?oldid=1371841533,v2_completa_27
GA8716758,tt0085862,en,684,False,https://en.wikipedia.org/w/index.php?oldid=1350954062,v2_completa_27
GA8BE4813,tt0429715,en,579,False,https://en.wikipedia.org/w/index.php?oldid=1371102669,v2_completa_27
GA8C2DF80,tt4356480,en,608,False,https://en.wikipedia.org/w/index.php?oldid=1340473414,v2_completa_27
GA8C610CB,tt4154664,en,547,False,https://en.wikipedia.org/w/index.php?oldid=1369794399,v2_completa_27
GA8EF1FD2,tt0097474,en,589,False,https://en.wikipedia.org/w/index.php?oldid=1360281650,v2_completa_27
GA8FE9B19,tt0870937,en,530,False,https://en.wikipedia.org/w/index.php?oldid=1363842863,v2_completa_27
GA92D73BC,tt0094737,en,618,False,https://en.wikipedia.org/w/index.php?oldid=1371809259,v2_completa_27
GA94585A4,tt0162556,es,362,False,https://es.wikipedia.org/w/index.php?oldid=171761407,v2_completa_27
GA948EADA,tt0082118,en,432,False,https://en.wikipedia.org/w/index.php?oldid=1359806288,v2_completa_27
GA96F11E8,tt0083336,en,784,False,https://en.wikipedia.org/w/index.php?oldid=1371832783,v2_completa_27
GA9B9F473,tt1437358,en,753,False,https://en.wikipedia.org/w/index.php?oldid=1372445888,v2_completa_27
GA9CB87B6,tt0110989,en,547,False,https://en.wikipedia.org/w/index.php?oldid=1371847606,v2_completa_28
GA9EEB945,tt0477348,en,740,False,https://en.wikipedia.org/w/index.php?oldid=1372217782,v2_completa_28
GA9F3C079,tt4779682,en,435,False,https://en.wikipedia.org/w/index.php?oldid=1372444176,v2_completa_28
GAA0ACD7B,tt0450259,en,625,False,https://en.wikipedia.org/w/index.php?oldid=1368207443,v2_completa_28
GAA2177C0,tt0109372,es,136,False,https://es.wikipedia.org/w/index.php?oldid=164361999,v2_completa_28
GAA39A274,tt1931533,en,802,False,https://en.wikipedia.org/w/index.php?oldid=1360369937,v2_completa_28
GAA71C2C6,tt6127004,en,722,False,https://en.wikipedia.org/w/index.php?oldid=1360109726,v2_completa_28
GAAD5CA9A,tt0104389,en,763,False,https://en.wikipedia.org/w/index.php?oldid=1369144422,v2_completa_28
GAAF86794,tt0088944,en,519,False,https://en.wikipedia.org/w/index.php?oldid=1371567702,v2_completa_28
GAAF8F453,tt0261392,en,845,False,https://en.wikipedia.org/w/index.php?oldid=1372098116,v2_completa_28
GAB254A3E,tt1872181,en,570,False,https://en.wikipedia.org/w/index.php?oldid=1372528803,v2_completa_28
GAB37DCA0,tt1790864,en,704,False,https://en.wikipedia.org/w/index.php?oldid=1371279174,v2_completa_28
GAB4EDC92,tt0090636,en,150,False,https://en.wikipedia.org/w/index.php?oldid=1341438508,v2_completa_28
GAB56033C,tt1242545,es,274,False,https://es.wikipedia.org/w/index.php?oldid=173501726,v2_completa_28
GAB7D8377,tt0218967,en,877,False,https://en.wikipedia.org/w/index.php?oldid=1363214946,v2_completa_28
GAB8B9A87,tt0438488,en,617,False,https://en.wikipedia.org/w/index.php?oldid=1372098627,v2_completa_28
GAB94E0DC,tt0289992,en,627,False,https://en.wikipedia.org/w/index.php?oldid=1362293936,v2_completa_28
GABCDBB63,tt0088847,en,661,False,https://en.wikipedia.org/w/index.php?oldid=1372146616,v2_completa_28
GABCF2BFF,tt0146882,en,645,False,https://en.wikipedia.org/w/index.php?oldid=1368119056,v2_completa_28
GABDC8EAC,tt3230668,es,134,False,https://es.wikipedia.org/w/index.php?oldid=162539911,v2_completa_28
GABF6E08B,tt14966898,en,653,False,https://en.wikipedia.org/w/index.php?oldid=1371649866,v2_completa_28
GABFD2A98,tt0112697,en,708,False,https://en.wikipedia.org/w/index.php?oldid=1372051797,v2_completa_28
GAC03DC9B,tt0109686,en,649,False,https://en.wikipedia.org/w/index.php?oldid=1369313049,v2_completa_28
GAC216460,tt0107978,en,651,False,https://en.wikipedia.org/w/index.php?oldid=1372611508,v2_completa_28
GAC23E9C2,tt0088930,en,587,False,https://en.wikipedia.org/w/index.php?oldid=1372316775,v2_completa_28
GAC43A539,tt2955316,es,1207,True,https://es.wikipedia.org/w/index.php?oldid=172832086,v2_completa_28
GAC555853,tt0102266,en,698,False,https://en.wikipedia.org/w/index.php?oldid=1363280942,v2_completa_28
GAC5ED703,tt0117333,en,663,False,https://en.wikipedia.org/w/index.php?oldid=1368808014,v2_completa_28
GAC8D7629,tt12672620,en,649,False,https://en.wikipedia.org/w/index.php?oldid=1363473885,v2_completa_28
GACADC3D6,tt0108147,en,716,False,https://en.wikipedia.org/w/index.php?oldid=1370308442,v2_completa_28
GACB0F9DD,tt0090756,en,699,False,https://en.wikipedia.org/w/index.php?oldid=1371932595,v2_completa_28
GACEAF198,tt0318523,es,151,False,https://es.wikipedia.org/w/index.php?oldid=172366472,v2_completa_28
GAD37AF61,tt0307901,en,703,False,https://en.wikipedia.org/w/index.php?oldid=1361940836,v2_completa_28
GAD59DE32,tt1055369,en,627,False,https://en.wikipedia.org/w/index.php?oldid=1372783325,v2_completa_28
GAD5DF706,tt0105265,en,788,False,https://en.wikipedia.org/w/index.php?oldid=1370016987,v2_completa_28
GAD84546A,tt4631532,es,445,False,https://es.wikipedia.org/w/index.php?oldid=165140337,v2_completa_28
GAD9ACDEA,tt0133363,es,175,False,https://es.wikipedia.org/w/index.php?oldid=172903185,v2_completa_28
GAD9BA639,tt0475394,en,549,False,https://en.wikipedia.org/w/index.php?oldid=1370980732,v2_completa_28
GADA1EE5D,tt1422032,es,131,False,https://es.wikipedia.org/w/index.php?oldid=174807037,v2_completa_28
GADD5CC29,tt7737786,en,628,False,https://en.wikipedia.org/w/index.php?oldid=1369192951,v2_completa_28
GADDA54CE,tt3606756,en,637,False,https://en.wikipedia.org/w/index.php?oldid=1370152441,v2_completa_28
GADF0A5B5,tt1959490,en,698,False,https://en.wikipedia.org/w/index.php?oldid=1370829025,v2_completa_28
GADF959F9,tt0098536,en,564,False,https://en.wikipedia.org/w/index.php?oldid=1365378394,v2_completa_28
GAE521995,tt0212346,en,617,False,https://en.wikipedia.org/w/index.php?oldid=1371673430,v2_completa_28
GAE6CDF61,tt0083190,en,570,False,https://en.wikipedia.org/w/index.php?oldid=1364120868,v2_completa_28
GAE904DF1,tt1772250,es,164,False,https://es.wikipedia.org/w/index.php?oldid=173242863,v2_completa_28
GAEBEC823,tt0089218,en,582,False,https://en.wikipedia.org/w/index.php?oldid=1371467463,v2_completa_28
GAF1A35B8,tt0093409,en,587,False,https://en.wikipedia.org/w/index.php?oldid=1361511665,v2_completa_28
GAF352354,tt0096244,en,653,False,https://en.wikipedia.org/w/index.php?oldid=1362432454,v2_completa_28
GAF5B45DD,tt0120794,en,697,False,https://en.wikipedia.org/w/index.php?oldid=1371081934,v2_completa_28
GAF62CA76,tt1637688,en,752,False,https://en.wikipedia.org/w/index.php?oldid=1369366838,v2_completa_29
GAFAF5795,tt0101317,en,769,False,https://en.wikipedia.org/w/index.php?oldid=1341437063,v2_completa_29
GB03968A9,tt2094766,en,650,False,https://en.wikipedia.org/w/index.php?oldid=1369110247,v2_completa_29
GB0487EA7,tt0089114,en,538,False,https://en.wikipedia.org/w/index.php?oldid=1370746702,v2_completa_29
GB05A5186,tt0081218,es,179,False,https://es.wikipedia.org/w/index.php?oldid=172096939,v2_completa_29
GB088C167,tt0093412,es,771,False,https://es.wikipedia.org/w/index.php?oldid=172868021,v2_completa_29
GB0B28A19,tt10483152,en,620,False,https://en.wikipedia.org/w/index.php?oldid=1369750590,v2_completa_29
GB0D0B6AD,tt4441280,es,269,False,https://es.wikipedia.org/w/index.php?oldid=165381086,v2_completa_29
GB0E4B957,tt0119528,en,598,False,https://en.wikipedia.org/w/index.php?oldid=1371496434,v2_completa_29
GB0FEF389,tt0100814,en,430,False,https://en.wikipedia.org/w/index.php?oldid=1371468023,v2_completa_29
GB135A898,tt1847746,es,159,False,https://es.wikipedia.org/w/index.php?oldid=174564167,v2_completa_29
GB1543E77,tt0096968,en,185,False,https://en.wikipedia.org/w/index.php?oldid=1358944392,v2_completa_29
GB1641A0D,tt12618926,en,657,False,https://en.wikipedia.org/w/index.php?oldid=1370205920,v2_completa_29
GB16F4227,tt1655441,en,510,False,https://en.wikipedia.org/w/index.php?oldid=1365318339,v2_completa_29
GB172C1B0,tt1854513,es,848,False,https://es.wikipedia.org/w/index.php?oldid=174923308,v2_completa_29
GB190AB43,tt1489887,en,634,False,https://en.wikipedia.org/w/index.php?oldid=1371701978,v2_completa_29
GB1ABA215,tt0082198,en,634,False,https://en.wikipedia.org/w/index.php?oldid=1365877767,v2_completa_29
GB1B132A9,tt0096928,en,738,False,https://en.wikipedia.org/w/index.php?oldid=1360289846,v2_completa_29
GB209D800,tt0951333,es,127,False,https://es.wikipedia.org/w/index.php?oldid=170975665,v2_completa_29
GB220CDD8,tt0119879,en,476,False,https://en.wikipedia.org/w/index.php?oldid=1369970981,v2_completa_29
GB23C5BC1,tt1853728,en,811,False,https://en.wikipedia.org/w/index.php?oldid=1372302512,v2_completa_29
GB2A5D380,tt8106534,en,551,False,https://en.wikipedia.org/w/index.php?oldid=1359118837,v2_completa_29
GB2E9DDEE,tt0388795,en,664,False,https://en.wikipedia.org/w/index.php?oldid=1371666458,v2_completa_29
GB314AFD8,tt0090652,en,380,False,https://en.wikipedia.org/w/index.php?oldid=1337425342,v2_completa_29
GB3232881,tt1152836,en,674,False,https://en.wikipedia.org/w/index.php?oldid=1360717491,v2_completa_29
GB3240E27,tt0488120,en,550,False,https://en.wikipedia.org/w/index.php?oldid=1366117735,v2_completa_29
GB3405690,tt0477347,en,692,False,https://en.wikipedia.org/w/index.php?oldid=1372487659,v2_completa_29
GB342CEB8,tt0988595,en,692,False,https://en.wikipedia.org/w/index.php?oldid=1372898471,v2_completa_29
GB3591FE1,tt0111161,en,657,False,https://en.wikipedia.org/w/index.php?oldid=1371415104,v2_completa_29
GB36A54EA,tt0356150,en,623,False,https://en.wikipedia.org/w/index.php?oldid=1363894376,v2_completa_29
GB38BB778,tt0114746,en,587,False,https://en.wikipedia.org/w/index.php?oldid=1371111953,v2_completa_29
GB39B9CCB,tt0086034,en,688,False,https://en.wikipedia.org/w/index.php?oldid=1370234645,v2_completa_29
GB3B89694,tt0099528,en,725,False,https://en.wikipedia.org/w/index.php?oldid=1371713553,v2_completa_29
GB3CBE1F1,tt2096673,en,672,False,https://en.wikipedia.org/w/index.php?oldid=1372075559,v2_completa_29
GB3E811CD,tt0099088,en,604,False,https://en.wikipedia.org/w/index.php?oldid=1372136833,v2_completa_29
GB3F3A469,tt6644200,en,803,False,https://en.wikipedia.org/w/index.php?oldid=1371541743,v2_completa_29
GB4018E59,tt1039652,es,454,False,https://es.wikipedia.org/w/index.php?oldid=171676726,v2_completa_29
GB43FDF38,tt0085356,en,682,False,https://en.wikipedia.org/w/index.php?oldid=1367975488,v2_completa_29
GB4407639,tt0104254,en,512,False,https://en.wikipedia.org/w/index.php?oldid=1369984988,v2_completa_29
GB45AB8B7,tt8784956,en,658,False,https://en.wikipedia.org/w/index.php?oldid=1365270449,v2_completa_29
GB45C80CA,tt0097757,en,682,False,https://en.wikipedia.org/w/index.php?oldid=1369428092,v2_completa_29
GB47D2B46,tt0105414,en,682,False,https://en.wikipedia.org/w/index.php?oldid=1372154831,v2_completa_29
GB48B15F2,tt10978398,es,158,False,https://es.wikipedia.org/w/index.php?oldid=165289757,v2_completa_29
GB4A5F698,tt10648342,en,676,False,https://en.wikipedia.org/w/index.php?oldid=1371917266,v2_completa_29
GB4EC9FDF,tt1182350,es,660,False,https://es.wikipedia.org/w/index.php?oldid=174045856,v2_completa_29
GB50C52C2,tt0117665,en,768,False,https://en.wikipedia.org/w/index.php?oldid=1369394065,v2_completa_29
GB521754F,tt1872194,en,715,False,https://en.wikipedia.org/w/index.php?oldid=1369931081,v2_completa_29
GB53B49B4,tt0119190,en,675,False,https://en.wikipedia.org/w/index.php?oldid=1363316194,v2_completa_29
GB53D505A,tt0102788,es,449,False,https://es.wikipedia.org/w/index.php?oldid=173499230,v2_completa_29
GB540A038,tt0182789,en,680,False,https://en.wikipedia.org/w/index.php?oldid=1364138926,v2_completa_29
GB547D245,tt2345759,en,600,False,https://en.wikipedia.org/w/index.php?oldid=1365059765,v2_completa_30
GB565B236,tt0126886,en,661,False,https://en.wikipedia.org/w/index.php?oldid=1369794927,v2_completa_30
GB567AD59,tt0086006,en,547,False,https://en.wikipedia.org/w/index.php?oldid=1372779971,v2_completa_30
GB590E1E0,tt6565702,en,587,False,https://en.wikipedia.org/w/index.php?oldid=1372637854,v2_completa_30
GB5B8D89F,tt0493464,en,637,False,https://en.wikipedia.org/w/index.php?oldid=1369730685,v2_completa_30
GB5CE1444,tt2709768,en,600,False,https://en.wikipedia.org/w/index.php?oldid=1370078517,v2_completa_30
GB5DA7E34,tt5727208,en,617,False,https://en.wikipedia.org/w/index.php?oldid=1372875025,v2_completa_30
GB622B4AC,tt0117883,es,223,False,https://es.wikipedia.org/w/index.php?oldid=172898064,v2_completa_30
GB6398ECC,tt0094761,en,688,False,https://en.wikipedia.org/w/index.php?oldid=1365852624,v2_completa_30
GB64F2801,tt0222368,es,778,False,https://es.wikipedia.org/w/index.php?oldid=163654193,v2_completa_30
GB64F5855,tt0369702,es,535,False,https://es.wikipedia.org/w/index.php?oldid=174497192,v2_completa_30
GB6B0F267,tt27599713,en,526,False,https://en.wikipedia.org/w/index.php?oldid=1359573787,v2_completa_30
GB6C229F3,tt6166392,en,488,False,https://en.wikipedia.org/w/index.php?oldid=1371965308,v2_completa_30
GB6C7CEC5,tt0116409,en,686,False,https://en.wikipedia.org/w/index.php?oldid=1371650137,v2_completa_30
GB6E57229,tt9742794,en,767,False,https://en.wikipedia.org/w/index.php?oldid=1362665491,v2_completa_30
GB6E8FA36,tt0101757,en,688,False,https://en.wikipedia.org/w/index.php?oldid=1370230873,v2_completa_30
GB7028080,tt0081398,en,632,False,https://en.wikipedia.org/w/index.php?oldid=1365317824,v2_completa_30
GB70B1959,tt0095776,en,560,False,https://en.wikipedia.org/w/index.php?oldid=1372529783,v2_completa_30
GB78BF5EE,tt0140352,en,619,False,https://en.wikipedia.org/w/index.php?oldid=1371686502,v2_completa_30
GB790CEB3,tt0089945,en,666,False,https://en.wikipedia.org/w/index.php?oldid=1371742119,v2_completa_30
GB79AC350,tt5537002,en,572,False,https://en.wikipedia.org/w/index.php?oldid=1372335565,v2_completa_30
GB7AB54FE,tt0102768,en,470,False,https://en.wikipedia.org/w/index.php?oldid=1358348100,v2_completa_30
GB7ACF497,tt0396269,en,681,False,https://en.wikipedia.org/w/index.php?oldid=1370173401,v2_completa_30
GB7CBDF01,tt0936501,en,650,False,https://en.wikipedia.org/w/index.php?oldid=1372385534,v2_completa_30
GB7F2767F,tt0090357,en,463,False,https://en.wikipedia.org/w/index.php?oldid=1361933532,v2_completa_30
GB8C6A590,tt0086320,en,593,False,https://en.wikipedia.org/w/index.php?oldid=1369732290,v2_completa_30
GB8ED9D74,tt0163025,en,542,False,https://en.wikipedia.org/w/index.php?oldid=1371214294,v2_completa_30
GB8EE1203,tt1618434,en,623,False,https://en.wikipedia.org/w/index.php?oldid=1362912230,v2_completa_30
GB9170FAB,tt0091495,es,563,False,https://es.wikipedia.org/w/index.php?oldid=172852297,v2_completa_30
GB92B95DE,tt0093640,en,721,False,https://en.wikipedia.org/w/index.php?oldid=1372714937,v2_completa_30
GB9459E46,tt0082924,es,138,False,https://es.wikipedia.org/w/index.php?oldid=174483225,v2_completa_30
GB94ACEB7,tt2554274,en,665,False,https://en.wikipedia.org/w/index.php?oldid=1369404716,v2_completa_30
GB95AF9BC,tt0117060,en,666,False,https://en.wikipedia.org/w/index.php?oldid=1372452089,v2_completa_30
GB99BF8D8,tt0133240,en,628,False,https://en.wikipedia.org/w/index.php?oldid=1371852505,v2_completa_30
GB9B01F08,tt5808778,es,190,False,https://es.wikipedia.org/w/index.php?oldid=172288370,v2_completa_30
GB9D88CB2,tt0083642,en,681,False,https://en.wikipedia.org/w/index.php?oldid=1372548402,v2_completa_30
GB9F08B13,tt0099703,en,587,False,https://en.wikipedia.org/w/index.php?oldid=1362787991,v2_completa_30
GB9F68369,tt0093378,en,748,False,https://en.wikipedia.org/w/index.php?oldid=1371211202,v2_completa_30
GBA1C4810,tt0116274,es,214,False,https://es.wikipedia.org/w/index.php?oldid=162280306,v2_completa_30
GBA5E8134,tt0081506,en,1225,True,https://en.wikipedia.org/w/index.php?oldid=1354582039,v2_completa_30
GBA9D7FCB,tt0098384,en,498,False,https://en.wikipedia.org/w/index.php?oldid=1372249681,v2_completa_30
GBAB4508D,tt14463484,en,861,False,https://en.wikipedia.org/w/index.php?oldid=1371153061,v2_completa_30
GBADCB988,tt0425210,en,664,False,https://en.wikipedia.org/w/index.php?oldid=1370159406,v2_completa_30
GBB743B00,tt10514222,en,562,False,https://en.wikipedia.org/w/index.php?oldid=1371853989,v2_completa_30
GBB761566,tt0082945,en,256,False,https://en.wikipedia.org/w/index.php?oldid=1366071404,v2_completa_30
GBB86DEC7,tt0084874,es,237,False,https://es.wikipedia.org/w/index.php?oldid=171759875,v2_completa_30
GBB8859F8,tt0261190,es,228,False,https://es.wikipedia.org/w/index.php?oldid=170829594,v2_completa_30
GBB95641C,tt22687790,en,666,False,https://en.wikipedia.org/w/index.php?oldid=1372870682,v2_completa_30
GBBE356FB,tt2302755,en,526,False,https://en.wikipedia.org/w/index.php?oldid=1372083527,v2_completa_30
GBBE7D340,tt1922777,en,687,False,https://en.wikipedia.org/w/index.php?oldid=1371062405,v2_completa_30
GBC06CDEB,tt3420504,en,440,False,https://en.wikipedia.org/w/index.php?oldid=1365741659,v2_completa_31
GBC24EA6F,tt0107688,en,507,False,https://en.wikipedia.org/w/index.php?oldid=1371973409,v2_completa_31
GBC613657,tt0080339,en,437,False,https://en.wikipedia.org/w/index.php?oldid=1371632954,v2_completa_31
GBC6196DC,tt1245112,es,1189,True,https://es.wikipedia.org/w/index.php?oldid=172971940,v2_completa_31
GBC7D0F6E,tt0319262,en,652,False,https://en.wikipedia.org/w/index.php?oldid=1369788468,v2_completa_31
GBD524A66,tt0097239,en,620,False,https://en.wikipedia.org/w/index.php?oldid=1372709162,v2_completa_31
GBD6AB83B,tt7144666,en,656,False,https://en.wikipedia.org/w/index.php?oldid=1372944834,v2_completa_31
GBDC0DBE1,tt0376800,es,141,False,https://es.wikipedia.org/w/index.php?oldid=173182931,v2_completa_31
GBDF434F4,tt4110388,es,843,False,https://es.wikipedia.org/w/index.php?oldid=171239430,v2_completa_31
GBE2E27FE,tt0116209,en,678,False,https://en.wikipedia.org/w/index.php?oldid=1369234046,v2_completa_31
GBE2F5EF1,tt0116253,en,693,False,https://en.wikipedia.org/w/index.php?oldid=1369254301,v2_completa_31
GBE4F74D0,tt0405159,en,557,False,https://en.wikipedia.org/w/index.php?oldid=1369976993,v2_completa_31
GBEBB9851,tt0338526,en,719,False,https://en.wikipedia.org/w/index.php?oldid=1372070057,v2_completa_31
GBECA1322,tt0434304,es,217,False,https://es.wikipedia.org/w/index.php?oldid=170935264,v2_completa_31
GBED1B6C1,tt0910936,en,476,False,https://en.wikipedia.org/w/index.php?oldid=1371350884,v2_completa_31
GBED51CC8,tt0206634,en,711,False,https://en.wikipedia.org/w/index.php?oldid=1371403244,v2_completa_31
GBEE5F28F,tt6857112,en,666,False,https://en.wikipedia.org/w/index.php?oldid=1370441808,v2_completa_31
GBF102671,tt0117998,en,651,False,https://en.wikipedia.org/w/index.php?oldid=1371911463,v2_completa_31
GBF16C2E5,tt1907668,en,695,False,https://en.wikipedia.org/w/index.php?oldid=1372091653,v2_completa_31
GBF90F266,tt0477080,en,724,False,https://en.wikipedia.org/w/index.php?oldid=1372625095,v2_completa_31
GBFB493B9,tt2333784,en,686,False,https://en.wikipedia.org/w/index.php?oldid=1372019386,v2_completa_31
GBFB6955F,tt0414982,en,497,False,https://en.wikipedia.org/w/index.php?oldid=1369570935,v2_completa_31
GBFC92CAF,tt0190138,en,723,False,https://en.wikipedia.org/w/index.php?oldid=1366136489,v2_completa_31
GBFE59C24,tt1690953,en,717,False,https://en.wikipedia.org/w/index.php?oldid=1370079017,v2_completa_31
GBFF9938C,tt2771200,en,550,False,https://en.wikipedia.org/w/index.php?oldid=1370966631,v2_completa_31
GC01F9668,tt0106246,en,745,False,https://en.wikipedia.org/w/index.php?oldid=1372731772,v2_completa_31
GC02BF51B,tt0117571,en,613,False,https://en.wikipedia.org/w/index.php?oldid=1371364908,v2_completa_31
GC02F75B6,tt0082210,es,220,False,https://es.wikipedia.org/w/index.php?oldid=165123077,v2_completa_31
GC031E738,tt0109075,es,143,False,https://es.wikipedia.org/w/index.php?oldid=167688342,v2_completa_31
GC03CDB42,tt0293429,en,716,False,https://en.wikipedia.org/w/index.php?oldid=1372885613,v2_completa_31
GC04181BC,tt0116629,en,691,False,https://en.wikipedia.org/w/index.php?oldid=1372422052,v2_completa_31
GC05F4B84,tt0109162,es,129,False,https://es.wikipedia.org/w/index.php?oldid=174393724,v2_completa_31
GC09C0F9A,tt0418279,en,539,False,https://en.wikipedia.org/w/index.php?oldid=1372266823,v2_completa_31
GC0B07A5A,tt0086567,en,692,False,https://en.wikipedia.org/w/index.php?oldid=1368676631,v2_completa_31
GC0E5D8A1,tt0133093,en,609,False,https://en.wikipedia.org/w/index.php?oldid=1371530106,v2_completa_31
GC110368C,tt0097576,en,697,False,https://en.wikipedia.org/w/index.php?oldid=1370578611,v2_completa_31
GC116BB53,tt0083972,en,642,False,https://en.wikipedia.org/w/index.php?oldid=1372171751,v2_completa_31
GC12B745E,tt0106977,en,628,False,https://en.wikipedia.org/w/index.php?oldid=1372612120,v2_completa_31
GC133B9DF,tt0086197,en,675,False,https://en.wikipedia.org/w/index.php?oldid=1369387258,v2_completa_31
GC146BDC7,tt0107943,en,684,False,https://en.wikipedia.org/w/index.php?oldid=1362764601,v2_completa_31
GC1657269,tt1458175,en,696,False,https://en.wikipedia.org/w/index.php?oldid=1367035818,v2_completa_31
GC165DACD,tt0120201,en,604,False,https://en.wikipedia.org/w/index.php?oldid=1371652994,v2_completa_31
GC1BF6293,tt3450958,en,704,False,https://en.wikipedia.org/w/index.php?oldid=1371556980,v2_completa_31
GC1D29F67,tt0109506,en,640,False,https://en.wikipedia.org/w/index.php?oldid=1371854216,v2_completa_31
GC1DB8CF3,tt0328828,en,627,False,https://en.wikipedia.org/w/index.php?oldid=1367011948,v2_completa_31
GC207763F,tt0212826,es,299,False,https://es.wikipedia.org/w/index.php?oldid=172736726,v2_completa_31
GC20B4E48,tt27534307,en,510,False,https://en.wikipedia.org/w/index.php?oldid=1364946221,v2_completa_31
GC23B1D9C,tt2109248,en,682,False,https://en.wikipedia.org/w/index.php?oldid=1371732450,v2_completa_31
GC23E869E,tt0120663,en,616,False,https://en.wikipedia.org/w/index.php?oldid=1372401801,v2_completa_31
GC259A671,tt0452608,en,526,False,https://en.wikipedia.org/w/index.php?oldid=1372727968,v2_completa_31
GC29C32DA,tt0106251,en,538,False,https://en.wikipedia.org/w/index.php?oldid=1341437191,v2_completa_32
GC2E73229,tt3467412,en,593,False,https://en.wikipedia.org/w/index.php?oldid=1369074209,v2_completa_32
GC2EFF9C8,tt1216475,en,699,False,https://en.wikipedia.org/w/index.php?oldid=1370078726,v2_completa_32
GC31CBB47,tt1859650,es,268,False,https://es.wikipedia.org/w/index.php?oldid=174045900,v2_completa_32
GC362635E,tt0115487,en,212,False,https://en.wikipedia.org/w/index.php?oldid=1341435765,v2_completa_32
GC38D50C9,tt0091326,en,666,False,https://en.wikipedia.org/w/index.php?oldid=1371875594,v2_completa_32
GC38EB2A0,tt1649419,es,660,False,https://es.wikipedia.org/w/index.php?oldid=174412242,v2_completa_32
GC3B55D0B,tt0106701,en,628,False,https://en.wikipedia.org/w/index.php?oldid=1372461369,v2_completa_32
GC3CB9976,tt0101889,en,660,False,https://en.wikipedia.org/w/index.php?oldid=1369099715,v2_completa_32
GC3D709FF,tt0093565,en,513,False,https://en.wikipedia.org/w/index.php?oldid=1370032912,v2_completa_32
GC3D71873,tt10016180,en,690,False,https://en.wikipedia.org/w/index.php?oldid=1360711154,v2_completa_32
GC3EDC1EB,tt0133751,en,675,False,https://en.wikipedia.org/w/index.php?oldid=1372587730,v2_completa_32
GC4217891,tt1417108,es,339,False,https://es.wikipedia.org/w/index.php?oldid=172861388,v2_completa_32
GC42A4F8E,tt3089326,en,619,False,https://en.wikipedia.org/w/index.php?oldid=1362653632,v2_completa_32
GC42B6DCC,tt0163978,en,725,False,https://en.wikipedia.org/w/index.php?oldid=1371025801,v2_completa_32
GC45397EC,tt0272152,en,639,False,https://en.wikipedia.org/w/index.php?oldid=1370119597,v2_completa_32
GC460A603,tt1016301,es,1033,False,https://es.wikipedia.org/w/index.php?oldid=175077049,v2_completa_32
GC491800A,tt1937149,en,556,False,https://en.wikipedia.org/w/index.php?oldid=1369243890,v2_completa_32
GC4DBED42,tt0167260,en,691,False,https://en.wikipedia.org/w/index.php?oldid=1372403001,v2_completa_32
GC530BD3A,tt0371746,en,683,False,https://en.wikipedia.org/w/index.php?oldid=1372146541,v2_completa_32
GC56D983D,tt0486576,en,518,False,https://en.wikipedia.org/w/index.php?oldid=1372105044,v2_completa_32
GC5849C18,tt6966692,en,728,False,https://en.wikipedia.org/w/index.php?oldid=1372437607,v2_completa_32
GC58D55ED,tt0408790,en,707,False,https://en.wikipedia.org/w/index.php?oldid=1369737698,v2_completa_32
GC58E1550,tt0463985,en,568,False,https://en.wikipedia.org/w/index.php?oldid=1371734769,v2_completa_32
GC5960CB9,tt6266538,en,682,False,https://en.wikipedia.org/w/index.php?oldid=1366891992,v2_completa_32
GC5E09CD2,tt0822854,en,773,False,https://en.wikipedia.org/w/index.php?oldid=1371014603,v2_completa_32
GC5EF86DF,tt0384793,en,667,False,https://en.wikipedia.org/w/index.php?oldid=1372447635,v2_completa_32
GC5FEBB42,tt0109444,en,586,False,https://en.wikipedia.org/w/index.php?oldid=1371030649,v2_completa_32
GC612580C,tt0120655,en,700,False,https://en.wikipedia.org/w/index.php?oldid=1371141458,v2_completa_32
GC6178BF6,tt6139732,en,693,False,https://en.wikipedia.org/w/index.php?oldid=1372116625,v2_completa_32
GC6605178,tt0083833,en,679,False,https://en.wikipedia.org/w/index.php?oldid=1359570090,v2_completa_32
GC66DCDAF,tt0985694,en,676,False,https://en.wikipedia.org/w/index.php?oldid=1369784588,v2_completa_32
GC692A3B3,tt1745960,en,664,False,https://en.wikipedia.org/w/index.php?oldid=1369259668,v2_completa_32
GC6DA5DD4,tt0089941,en,667,False,https://en.wikipedia.org/w/index.php?oldid=1369748285,v2_completa_32
GC6DDB8F0,tt11698662,es,169,False,https://es.wikipedia.org/w/index.php?oldid=149775321,v2_completa_32
GC6E78445,tt0090728,en,722,False,https://en.wikipedia.org/w/index.php?oldid=1371213905,v2_completa_32
GC71C4689,tt3079380,en,697,False,https://en.wikipedia.org/w/index.php?oldid=1369396569,v2_completa_32
GC737F944,tt6628394,en,686,False,https://en.wikipedia.org/w/index.php?oldid=1360636280,v2_completa_32
GC7538D78,tt0100029,en,695,False,https://en.wikipedia.org/w/index.php?oldid=1372251364,v2_completa_32
GC784F650,tt0107165,es,144,False,https://es.wikipedia.org/w/index.php?oldid=171322809,v2_completa_32
GC792DFE0,tt3659388,en,673,False,https://en.wikipedia.org/w/index.php?oldid=1372259265,v2_completa_32
GC7B4F032,tt0118926,es,261,False,https://es.wikipedia.org/w/index.php?oldid=174800178,v2_completa_32
GC7C58FD3,tt0090056,en,576,False,https://en.wikipedia.org/w/index.php?oldid=1365786259,v2_completa_32
GC7D69C48,tt0385880,en,497,False,https://en.wikipedia.org/w/index.php?oldid=1371887675,v2_completa_32
GC7E8A04B,tt0488604,en,1007,False,https://en.wikipedia.org/w/index.php?oldid=1366170561,v2_completa_32
GC7FCE9CB,tt0109254,en,674,False,https://en.wikipedia.org/w/index.php?oldid=1362498844,v2_completa_32
GC80C92DA,tt13143964,en,774,False,https://en.wikipedia.org/w/index.php?oldid=1372150780,v2_completa_32
GC813586E,tt0116040,en,685,False,https://en.wikipedia.org/w/index.php?oldid=1368282697,v2_completa_32
GC83E2E64,tt0119395,en,668,False,https://en.wikipedia.org/w/index.php?oldid=1367506280,v2_completa_32
GC83E4550,tt2404738,es,751,False,https://es.wikipedia.org/w/index.php?oldid=173531395,v2_completa_32
GC85D525B,tt0259711,en,661,False,https://en.wikipedia.org/w/index.php?oldid=1367492486,v2_completa_33
GC85F64F6,tt0094332,en,693,False,https://en.wikipedia.org/w/index.php?oldid=1372764555,v2_completa_33
GC88F32AF,tt0097113,es,153,False,https://es.wikipedia.org/w/index.php?oldid=165528428,v2_completa_33
GC89C11C4,tt0082427,en,476,False,https://en.wikipedia.org/w/index.php?oldid=1367327740,v2_completa_33
GC8A158EF,tt0094602,en,360,False,https://en.wikipedia.org/w/index.php?oldid=1371306126,v2_completa_33
GC8A7131B,tt0089175,en,683,False,https://en.wikipedia.org/w/index.php?oldid=1369795223,v2_completa_33
GC8B7A473,tt1392214,en,676,False,https://en.wikipedia.org/w/index.php?oldid=1370812142,v2_completa_33
GC8B9ABA1,tt4411504,es,889,False,https://es.wikipedia.org/w/index.php?oldid=175013092,v2_completa_33
GC8E83EF7,tt1623780,en,593,False,https://en.wikipedia.org/w/index.php?oldid=1361623578,v2_completa_33
GC9191264,tt0100994,en,675,False,https://en.wikipedia.org/w/index.php?oldid=1369189384,v2_completa_33
GC9251AE9,tt0840361,en,626,False,https://en.wikipedia.org/w/index.php?oldid=1371530426,v2_completa_33
GC925BBB4,tt0125936,es,587,False,https://es.wikipedia.org/w/index.php?oldid=172846606,v2_completa_33
GC93A2C61,tt0478311,en,686,False,https://en.wikipedia.org/w/index.php?oldid=1366101605,v2_completa_33
GC943199B,tt1183911,en,550,False,https://en.wikipedia.org/w/index.php?oldid=1339073675,v2_completa_33
GC970AFD6,tt0100050,en,647,False,https://en.wikipedia.org/w/index.php?oldid=1365640494,v2_completa_33
GC9B8033D,tt0084726,en,630,False,https://en.wikipedia.org/w/index.php?oldid=1370329309,v2_completa_33
GC9DE112A,tt0389860,en,760,False,https://en.wikipedia.org/w/index.php?oldid=1370944380,v2_completa_33
GCA08C306,tt23468450,en,565,False,https://en.wikipedia.org/w/index.php?oldid=1372293312,v2_completa_33
GCA28D456,tt0120586,en,788,False,https://en.wikipedia.org/w/index.php?oldid=1371288332,v2_completa_33
GCA4CE7EF,tt11658120,en,120,False,https://en.wikipedia.org/w/index.php?oldid=1341399837,v2_completa_33
GCA4FA572,tt0441297,es,149,False,https://es.wikipedia.org/w/index.php?oldid=165273445,v2_completa_33
GCA5FD7ED,tt0144117,en,642,False,https://en.wikipedia.org/w/index.php?oldid=1363573787,v2_completa_33
GCA839943,tt1528100,es,792,False,https://es.wikipedia.org/w/index.php?oldid=174548756,v2_completa_33
GCACD84D4,tt6053948,es,279,False,https://es.wikipedia.org/w/index.php?oldid=172077521,v2_completa_33
GCAE1E62E,tt3169770,en,593,False,https://en.wikipedia.org/w/index.php?oldid=1341405856,v2_completa_33
GCAFDA321,tt0120338,en,600,False,https://en.wikipedia.org/w/index.php?oldid=1372676742,v2_completa_33
GCB1B48D7,tt0102526,en,687,False,https://en.wikipedia.org/w/index.php?oldid=1372029172,v2_completa_33
GCB3D9A81,tt9616700,es,139,False,https://es.wikipedia.org/w/index.php?oldid=165963136,v2_completa_33
GCB848E0C,tt0086465,en,690,False,https://en.wikipedia.org/w/index.php?oldid=1370212457,v2_completa_33
GCB97A9FA,tt1399103,en,630,False,https://en.wikipedia.org/w/index.php?oldid=1370406752,v2_completa_33
GCBBDC5DC,tt0167190,en,515,False,https://en.wikipedia.org/w/index.php?oldid=1372098818,v2_completa_33
GCC019AC1,tt4412362,es,153,False,https://es.wikipedia.org/w/index.php?oldid=171343101,v2_completa_33
GCC033FA4,tt0366551,en,552,False,https://en.wikipedia.org/w/index.php?oldid=1369878427,v2_completa_33
GCC4A34F7,tt0100269,en,569,False,https://en.wikipedia.org/w/index.php?oldid=1352446628,v2_completa_33
GCC51D0EA,tt0479884,en,689,False,https://en.wikipedia.org/w/index.php?oldid=1372026761,v2_completa_33
GCC5DBF80,tt0106611,en,587,False,https://en.wikipedia.org/w/index.php?oldid=1370931760,v2_completa_33
GCC7A1216,tt1764651,en,566,False,https://en.wikipedia.org/w/index.php?oldid=1372019136,v2_completa_33
GCC8643A8,tt0114388,en,451,False,https://en.wikipedia.org/w/index.php?oldid=1372798219,v2_completa_33
GCCBFD713,tt0158030,es,138,False,https://es.wikipedia.org/w/index.php?oldid=173152276,v2_completa_33
GCD010E8C,tt0097998,es,701,False,https://es.wikipedia.org/w/index.php?oldid=170721130,v2_completa_33
GCD126EBC,tt0427944,en,623,False,https://en.wikipedia.org/w/index.php?oldid=1360371316,v2_completa_33
GCD2291EC,tt21113962,es,1036,False,https://es.wikipedia.org/w/index.php?oldid=170974869,v2_completa_33
GCD513387,tt0120694,en,696,False,https://en.wikipedia.org/w/index.php?oldid=1372834414,v2_completa_33
GCD52AB3B,tt0084855,en,618,False,https://en.wikipedia.org/w/index.php?oldid=1366137305,v2_completa_33
GCD5B2DBC,tt0365737,en,1188,True,https://en.wikipedia.org/w/index.php?oldid=1366000807,v2_completa_33
GCD9F8C45,tt0082776,en,691,False,https://en.wikipedia.org/w/index.php?oldid=1362457754,v2_completa_33
GCDE2EF00,tt2278388,en,575,False,https://en.wikipedia.org/w/index.php?oldid=1371477707,v2_completa_33
GCDE7F6CA,tt0993846,en,920,False,https://en.wikipedia.org/w/index.php?oldid=1372242462,v2_completa_33
GCDFD0747,tt0263488,en,564,False,https://en.wikipedia.org/w/index.php?oldid=1367327630,v2_completa_33
GCE16088E,tt0084649,en,679,False,https://en.wikipedia.org/w/index.php?oldid=1371975323,v2_completa_33
GCEEC019A,tt0113649,en,441,False,https://en.wikipedia.org/w/index.php?oldid=1369475709,v2_completa_34
GCF0512CE,tt0314331,en,610,False,https://en.wikipedia.org/w/index.php?oldid=1369775329,v2_completa_34
GCF0DFE3C,tt0322824,es,123,False,https://es.wikipedia.org/w/index.php?oldid=153405081,v2_completa_34
GCF1E528A,tt4589218,en,485,False,https://en.wikipedia.org/w/index.php?oldid=1370721958,v2_completa_34
GCF33A2BC,tt0089791,en,683,False,https://en.wikipedia.org/w/index.php?oldid=1368029261,v2_completa_34
GCF51199D,tt3170832,en,589,False,https://en.wikipedia.org/w/index.php?oldid=1366727429,v2_completa_34
GCF589C14,tt0095489,en,726,False,https://en.wikipedia.org/w/index.php?oldid=1371341648,v2_completa_34
GCF801C83,tt0091042,en,683,False,https://en.wikipedia.org/w/index.php?oldid=1372714107,v2_completa_34
GCF99B393,tt1713440,es,120,False,https://es.wikipedia.org/w/index.php?oldid=164836321,v2_completa_34
GCFC6766B,tt0113314,en,258,False,https://en.wikipedia.org/w/index.php?oldid=1339231143,v2_completa_34
GCFCC9B27,tt1121931,en,711,False,https://en.wikipedia.org/w/index.php?oldid=1371520330,v2_completa_34
GCFD50C03,tt0101507,en,728,False,https://en.wikipedia.org/w/index.php?oldid=1369916507,v2_completa_34
GD006A1B8,tt0118880,en,714,False,https://en.wikipedia.org/w/index.php?oldid=1371354576,v2_completa_34
GD02B0177,tt0175142,en,725,False,https://en.wikipedia.org/w/index.php?oldid=1371476254,v2_completa_34
GD0379663,tt0098067,en,754,False,https://en.wikipedia.org/w/index.php?oldid=1372066138,v2_completa_34
GD062F8F5,tt1259521,en,553,False,https://en.wikipedia.org/w/index.php?oldid=1372086515,v2_completa_34
GD0686E41,tt2719848,en,688,False,https://en.wikipedia.org/w/index.php?oldid=1371477808,v2_completa_34
GD08B8EE4,tt2386490,en,651,False,https://en.wikipedia.org/w/index.php?oldid=1372658020,v2_completa_34
GD0996778,tt0413300,en,617,False,https://en.wikipedia.org/w/index.php?oldid=1372743123,v2_completa_34
GD0BCF723,tt0151691,es,1168,True,https://es.wikipedia.org/w/index.php?oldid=162229355,v2_completa_34
GD0CD96A4,tt0106918,en,604,False,https://en.wikipedia.org/w/index.php?oldid=1372186136,v2_completa_34
GD0EF6A22,tt2278871,es,637,False,https://es.wikipedia.org/w/index.php?oldid=173575785,v2_completa_34
GD10440AA,tt0085249,en,345,False,https://en.wikipedia.org/w/index.php?oldid=1368988681,v2_completa_34
GD117F12F,tt7104984,en,686,False,https://en.wikipedia.org/w/index.php?oldid=1368696115,v2_completa_34
GD159CF85,tt2229499,en,663,False,https://en.wikipedia.org/w/index.php?oldid=1350459106,v2_completa_34
GD15E2431,tt3469798,en,708,False,https://en.wikipedia.org/w/index.php?oldid=1341406365,v2_completa_34
GD21A75A9,tt0168749,es,125,False,https://es.wikipedia.org/w/index.php?oldid=169260851,v2_completa_34
GD226A4E2,tt0464141,es,1197,True,https://es.wikipedia.org/w/index.php?oldid=173682835,v2_completa_34
GD26DB328,tt0095294,en,684,False,https://en.wikipedia.org/w/index.php?oldid=1369808146,v2_completa_34
GD2858FF7,tt2872724,es,539,False,https://es.wikipedia.org/w/index.php?oldid=162200396,v2_completa_34
GD28D078A,tt0405422,en,676,False,https://en.wikipedia.org/w/index.php?oldid=1370882548,v2_completa_34
GD2BE0BFB,tt0104774,es,554,False,https://es.wikipedia.org/w/index.php?oldid=174221666,v2_completa_34
GD2DBB099,tt0168629,en,746,False,https://en.wikipedia.org/w/index.php?oldid=1372816964,v2_completa_34
GD300EB45,tt1568346,en,678,False,https://en.wikipedia.org/w/index.php?oldid=1370626874,v2_completa_34
GD34F2A19,tt0800369,en,573,False,https://en.wikipedia.org/w/index.php?oldid=1370093753,v2_completa_34
GD350FF9B,tt0105690,en,603,False,https://en.wikipedia.org/w/index.php?oldid=1368191461,v2_completa_34
GD3821847,tt0134273,en,700,False,https://en.wikipedia.org/w/index.php?oldid=1364662409,v2_completa_34
GD3B78A40,tt1190080,en,714,False,https://en.wikipedia.org/w/index.php?oldid=1371214620,v2_completa_34
GD3C20B10,tt0080453,en,605,False,https://en.wikipedia.org/w/index.php?oldid=1372757420,v2_completa_34
GD3C89DF2,tt0094025,en,482,False,https://en.wikipedia.org/w/index.php?oldid=1372138678,v2_completa_34
GD3CCCBB5,tt0097523,en,674,False,https://en.wikipedia.org/w/index.php?oldid=1372577755,v2_completa_34
GD3DB9C7A,tt1155056,en,630,False,https://en.wikipedia.org/w/index.php?oldid=1365465711,v2_completa_34
GD3EB7B10,tt0108356,es,126,False,https://es.wikipedia.org/w/index.php?oldid=165530958,v2_completa_34
GD40E0877,tt1436562,en,648,False,https://en.wikipedia.org/w/index.php?oldid=1371319168,v2_completa_34
GD426F9DE,tt1979320,en,740,False,https://en.wikipedia.org/w/index.php?oldid=1371676423,v2_completa_34
GD428BEBD,tt1517451,en,621,False,https://en.wikipedia.org/w/index.php?oldid=1372853577,v2_completa_34
GD43F0EEE,tt0120889,en,562,False,https://en.wikipedia.org/w/index.php?oldid=1362661284,v2_completa_34
GD47F4D3E,tt0113118,en,453,False,https://en.wikipedia.org/w/index.php?oldid=1368329002,v2_completa_34
GD482A8CC,tt13323118,en,282,False,https://en.wikipedia.org/w/index.php?oldid=1360854377,v2_completa_34
GD48B56C9,tt0382932,en,653,False,https://en.wikipedia.org/w/index.php?oldid=1372713923,v2_completa_34
GD4A8728A,tt2446042,en,488,False,https://en.wikipedia.org/w/index.php?oldid=1372020465,v2_completa_35
GD4C1794E,tt0795421,en,567,False,https://en.wikipedia.org/w/index.php?oldid=1372874294,v2_completa_35
GD4EF0BB7,tt0118842,en,700,False,https://en.wikipedia.org/w/index.php?oldid=1372718389,v2_completa_35
GD4F68941,tt0103776,en,632,False,https://en.wikipedia.org/w/index.php?oldid=1372803251,v2_completa_35
GD54F74B1,tt0108355,es,262,False,https://es.wikipedia.org/w/index.php?oldid=172977097,v2_completa_35
GD5643547,tt0087050,en,520,False,https://en.wikipedia.org/w/index.php?oldid=1365502666,v2_completa_35
GD572715F,tt0082416,en,420,False,https://en.wikipedia.org/w/index.php?oldid=1365799457,v2_completa_35
GD5A7C2B9,tt0434382,es,124,False,https://es.wikipedia.org/w/index.php?oldid=172691764,v2_completa_35
GD5B35D5D,tt0105438,en,126,False,https://en.wikipedia.org/w/index.php?oldid=1341436752,v2_completa_35
GD61C18CD,tt2980516,en,738,False,https://en.wikipedia.org/w/index.php?oldid=1370113536,v2_completa_35
GD65202EC,tt0235412,en,177,False,https://en.wikipedia.org/w/index.php?oldid=1361018580,v2_completa_35
GD674C8FA,tt0093148,en,412,False,https://en.wikipedia.org/w/index.php?oldid=1370780307,v2_completa_35
GD6E79B5E,tt0176415,es,174,False,https://es.wikipedia.org/w/index.php?oldid=172337451,v2_completa_35
GD702F1A4,tt5093026,en,579,False,https://en.wikipedia.org/w/index.php?oldid=1365920397,v2_completa_35
GD7861213,tt1340138,en,689,False,https://en.wikipedia.org/w/index.php?oldid=1371718960,v2_completa_35
GD786F2F7,tt0095053,es,398,False,https://es.wikipedia.org/w/index.php?oldid=162142232,v2_completa_35
GD79FAA63,tt0101917,en,610,False,https://en.wikipedia.org/w/index.php?oldid=1372517774,v2_completa_35
GD7F1FDFC,tt9519642,es,125,False,https://es.wikipedia.org/w/index.php?oldid=169660769,v2_completa_35
GD7F446E5,tt1639826,en,706,False,https://en.wikipedia.org/w/index.php?oldid=1370079014,v2_completa_35
GD80F0B6C,tt0119623,en,212,False,https://en.wikipedia.org/w/index.php?oldid=1348189253,v2_completa_35
GD84D3CB1,tt14209916,en,547,False,https://en.wikipedia.org/w/index.php?oldid=1371877314,v2_completa_35
GD88FEF67,tt0424095,en,748,False,https://en.wikipedia.org/w/index.php?oldid=1372800753,v2_completa_35
GD8C71A4B,tt0104545,en,547,False,https://en.wikipedia.org/w/index.php?oldid=1371950434,v2_completa_35
GD8D52ADA,tt1637725,en,678,False,https://en.wikipedia.org/w/index.php?oldid=1372977632,v2_completa_35
GD8D8A591,tt0364725,en,665,False,https://en.wikipedia.org/w/index.php?oldid=1371631437,v2_completa_35
GD8D9B051,tt0081323,es,458,False,https://es.wikipedia.org/w/index.php?oldid=173511778,v2_completa_35
GD905CDB8,tt0120484,en,922,False,https://en.wikipedia.org/w/index.php?oldid=1370629750,v2_completa_35
GD966D6B1,tt0367882,en,494,False,https://en.wikipedia.org/w/index.php?oldid=1369593787,v2_completa_35
GD967A6C6,tt0120903,en,661,False,https://en.wikipedia.org/w/index.php?oldid=1372540335,v2_completa_35
GD9999100,tt2209764,en,732,False,https://en.wikipedia.org/w/index.php?oldid=1369134842,v2_completa_35
GD9B6D335,tt0369441,en,875,False,https://en.wikipedia.org/w/index.php?oldid=1369143179,v2_completa_35
GD9CE444B,tt0088889,en,703,False,https://en.wikipedia.org/w/index.php?oldid=1366517544,v2_completa_35
GD9F3DCF9,tt0995829,es,485,False,https://es.wikipedia.org/w/index.php?oldid=172365896,v2_completa_35
GDA8168ED,tt3062096,en,713,False,https://en.wikipedia.org/w/index.php?oldid=1371610976,v2_completa_35
GDAD471D6,tt0118583,en,736,False,https://en.wikipedia.org/w/index.php?oldid=1367264039,v2_completa_35
GDAE366FD,tt0080520,en,684,False,https://en.wikipedia.org/w/index.php?oldid=1368642608,v2_completa_35
GDAE8D4E9,tt0332452,en,788,False,https://en.wikipedia.org/w/index.php?oldid=1371808333,v2_completa_35
GDAF348AD,tt0109830,en,623,False,https://en.wikipedia.org/w/index.php?oldid=1372395622,v2_completa_35
GDB292F6F,tt0120587,en,639,False,https://en.wikipedia.org/w/index.php?oldid=1370024306,v2_completa_35
GDBA4ED22,tt0110568,es,123,False,https://es.wikipedia.org/w/index.php?oldid=174817398,v2_completa_35
GDBB9DA1D,tt1235841,es,599,False,https://es.wikipedia.org/w/index.php?oldid=175104561,v2_completa_35
GDC0B06A2,tt0120274,es,276,False,https://es.wikipedia.org/w/index.php?oldid=171254582,v2_completa_35
GDC2B19D7,tt0167404,en,550,False,https://en.wikipedia.org/w/index.php?oldid=1370417601,v2_completa_35
GDC337716,tt0084695,en,354,False,https://en.wikipedia.org/w/index.php?oldid=1372543775,v2_completa_35
GDC64C63F,tt0300270,es,186,False,https://es.wikipedia.org/w/index.php?oldid=174925304,v2_completa_35
GDC7EF9E0,tt6428676,es,771,False,https://es.wikipedia.org/w/index.php?oldid=173319353,v2_completa_35
GDC7FF50C,tt0080855,en,818,False,https://en.wikipedia.org/w/index.php?oldid=1368159166,v2_completa_35
GDCA2283F,tt0080472,en,586,False,https://en.wikipedia.org/w/index.php?oldid=1367221741,v2_completa_35
GDCEF0846,tt5176252,es,136,False,https://es.wikipedia.org/w/index.php?oldid=166020921,v2_completa_35
GDCF42F9B,tt0762125,es,1183,True,https://es.wikipedia.org/w/index.php?oldid=174870308,v2_completa_35
GDD5DE10E,tt0096446,en,702,False,https://en.wikipedia.org/w/index.php?oldid=1370247446,v2_completa_36
GDD630E58,tt2737304,en,723,False,https://en.wikipedia.org/w/index.php?oldid=1372545913,v2_completa_36
GDD730847,tt0082979,en,756,False,https://en.wikipedia.org/w/index.php?oldid=1361302485,v2_completa_36
GDD8B69F9,tt0083232,en,688,False,https://en.wikipedia.org/w/index.php?oldid=1360122939,v2_completa_36
GDDA2E682,tt6906292,en,553,False,https://en.wikipedia.org/w/index.php?oldid=1364157081,v2_completa_36
GDDA60A2C,tt15789472,en,568,False,https://en.wikipedia.org/w/index.php?oldid=1355767297,v2_completa_36
GDDA9F797,tt0107144,en,643,False,https://en.wikipedia.org/w/index.php?oldid=1366011762,v2_completa_36
GDE0A5D10,tt0304141,en,633,False,https://en.wikipedia.org/w/index.php?oldid=1369955322,v2_completa_36
GDE1194E3,tt0292886,en,154,False,https://en.wikipedia.org/w/index.php?oldid=1341609300,v2_completa_36
GDE3DDCB1,tt1631867,en,724,False,https://en.wikipedia.org/w/index.php?oldid=1372298258,v2_completa_36
GDE730016,tt0119248,en,251,False,https://en.wikipedia.org/w/index.php?oldid=1371267834,v2_completa_36
GDE7592A8,tt0110036,en,375,False,https://en.wikipedia.org/w/index.php?oldid=1341437476,v2_completa_36
GDE9FF73C,tt0110490,es,127,False,https://es.wikipedia.org/w/index.php?oldid=169540026,v2_completa_36
GDF089174,tt0146675,en,601,False,https://en.wikipedia.org/w/index.php?oldid=1367841597,v2_completa_36
GDF3A63DB,tt0110216,en,553,False,https://en.wikipedia.org/w/index.php?oldid=1370827159,v2_completa_36
GDF5063D8,tt2243389,es,215,False,https://es.wikipedia.org/w/index.php?oldid=171656566,v2_completa_36
GDF8A707C,tt8453986,es,1293,True,https://es.wikipedia.org/w/index.php?oldid=174561718,v2_completa_36
GDFCF1017,tt0085636,en,512,False,https://en.wikipedia.org/w/index.php?oldid=1368626986,v2_completa_36
GDFCF318D,tt0120685,en,663,False,https://en.wikipedia.org/w/index.php?oldid=1372730857,v2_completa_36
GDFDCDDB1,tt0107302,en,675,False,https://en.wikipedia.org/w/index.php?oldid=1367578593,v2_completa_36
GDFE6C9BA,tt0254455,en,690,False,https://en.wikipedia.org/w/index.php?oldid=1359963958,v2_completa_36
GDFF227D5,tt0164052,en,586,False,https://en.wikipedia.org/w/index.php?oldid=1371607645,v2_completa_36
GDFFD4FC5,tt0887912,en,547,False,https://en.wikipedia.org/w/index.php?oldid=1372096011,v2_completa_36
GE0347919,tt1951266,en,688,False,https://en.wikipedia.org/w/index.php?oldid=1369932771,v2_completa_36
GE05D3409,tt2669336,es,1057,False,https://es.wikipedia.org/w/index.php?oldid=174628027,v2_completa_36
GE07A54EB,tt0120868,es,249,False,https://es.wikipedia.org/w/index.php?oldid=174384120,v2_completa_36
GE0B7D205,tt0306047,en,553,False,https://en.wikipedia.org/w/index.php?oldid=1366296137,v2_completa_36
GE1001660,tt0420223,en,654,False,https://en.wikipedia.org/w/index.php?oldid=1367759246,v2_completa_36
GE131CEC5,tt0113783,es,134,False,https://es.wikipedia.org/w/index.php?oldid=162844818,v2_completa_36
GE159D998,tt1120985,en,926,False,https://en.wikipedia.org/w/index.php?oldid=1366292737,v2_completa_36
GE1AA388D,tt7286456,en,663,False,https://en.wikipedia.org/w/index.php?oldid=1371476991,v2_completa_36
GE1C1A297,tt0422015,es,163,False,https://es.wikipedia.org/w/index.php?oldid=171564320,v2_completa_36
GE1DDA97D,tt0142342,en,685,False,https://en.wikipedia.org/w/index.php?oldid=1372156335,v2_completa_36
GE1F0E607,tt0385752,en,707,False,https://en.wikipedia.org/w/index.php?oldid=1370064694,v2_completa_36
GE1F620E6,tt0425061,en,659,False,https://en.wikipedia.org/w/index.php?oldid=1370365073,v2_completa_36
GE2018A89,tt0095690,en,434,False,https://en.wikipedia.org/w/index.php?oldid=1368135832,v2_completa_36
GE235B47C,tt5052448,en,657,False,https://en.wikipedia.org/w/index.php?oldid=1372327924,v2_completa_36
GE24C6137,tt0974661,en,694,False,https://en.wikipedia.org/w/index.php?oldid=1369919220,v2_completa_36
GE261C59D,tt0385703,en,268,False,https://en.wikipedia.org/w/index.php?oldid=1367622176,v2_completa_36
GE265068A,tt0414387,en,686,False,https://en.wikipedia.org/w/index.php?oldid=1371530310,v2_completa_36
GE2A26E56,tt0085327,en,442,False,https://en.wikipedia.org/w/index.php?oldid=1350335867,v2_completa_36
GE2B804BF,tt0327056,en,573,False,https://en.wikipedia.org/w/index.php?oldid=1372475846,v2_completa_36
GE355E19E,tt0314197,es,151,False,https://es.wikipedia.org/w/index.php?oldid=175012701,v2_completa_36
GE3D53647,tt0102536,en,672,False,https://en.wikipedia.org/w/index.php?oldid=1357698592,v2_completa_36
GE3FAFC84,tt0093779,en,692,False,https://en.wikipedia.org/w/index.php?oldid=1372401065,v2_completa_36
GE44405A8,tt8404614,en,554,False,https://en.wikipedia.org/w/index.php?oldid=1370113763,v2_completa_36
GE451DCBA,tt6908274,en,654,False,https://en.wikipedia.org/w/index.php?oldid=1358699558,v2_completa_36
GE45C2E93,tt0120601,en,646,False,https://en.wikipedia.org/w/index.php?oldid=1372612185,v2_completa_36
GE462B6DC,tt10640346,en,716,False,https://en.wikipedia.org/w/index.php?oldid=1372942240,v2_completa_36
GE46411FA,tt0114709,en,462,False,https://en.wikipedia.org/w/index.php?oldid=1371338858,v2_completa_36
GE48E363C,tt0093437,en,680,False,https://en.wikipedia.org/w/index.php?oldid=1372626760,v2_completa_37
GE494AC79,tt0082511,en,415,False,https://en.wikipedia.org/w/index.php?oldid=1369428055,v2_completa_37
GE4A63E9C,tt0118822,es,140,False,https://es.wikipedia.org/w/index.php?oldid=169596197,v2_completa_37
GE4A9698D,tt1798709,en,552,False,https://en.wikipedia.org/w/index.php?oldid=1371196097,v2_completa_37
GE4B8A254,tt32085997,en,657,False,https://en.wikipedia.org/w/index.php?oldid=1370818213,v2_completa_37
GE4B91CDB,tt0084602,en,759,False,https://en.wikipedia.org/w/index.php?oldid=1370548742,v2_completa_37
GE4BB9FE5,tt0105793,en,508,False,https://en.wikipedia.org/w/index.php?oldid=1367654880,v2_completa_37
GE4CE4D67,tt0120657,en,609,False,https://en.wikipedia.org/w/index.php?oldid=1368494879,v2_completa_37
GE513E874,tt2515030,en,332,False,https://en.wikipedia.org/w/index.php?oldid=1355846080,v2_completa_37
GE5213041,tt7214954,en,693,False,https://en.wikipedia.org/w/index.php?oldid=1369418497,v2_completa_37
GE52566EB,tt1465522,en,686,False,https://en.wikipedia.org/w/index.php?oldid=1359825432,v2_completa_37
GE5318E4F,tt0112641,en,622,False,https://en.wikipedia.org/w/index.php?oldid=1367664543,v2_completa_37
GE5363F01,tt0098258,en,489,False,https://en.wikipedia.org/w/index.php?oldid=1365060414,v2_completa_37
GE55DDF41,tt0454945,en,1222,True,https://en.wikipedia.org/w/index.php?oldid=1372776920,v2_completa_37
GE5CEFAF7,tt1226229,en,700,False,https://en.wikipedia.org/w/index.php?oldid=1372505090,v2_completa_37
GE5D04809,tt0800039,en,652,False,https://en.wikipedia.org/w/index.php?oldid=1372856725,v2_completa_37
GE5D1465D,tt0449088,en,721,False,https://en.wikipedia.org/w/index.php?oldid=1370754626,v2_completa_37
GE6095963,tt0177747,en,246,False,https://en.wikipedia.org/w/index.php?oldid=1360053367,v2_completa_37
GE60A1671,tt1924273,en,700,False,https://en.wikipedia.org/w/index.php?oldid=1368695582,v2_completa_37
GE646BF34,tt2802144,en,511,False,https://en.wikipedia.org/w/index.php?oldid=1371295915,v2_completa_37
GE69C5566,tt0092982,es,217,False,https://es.wikipedia.org/w/index.php?oldid=168229989,v2_completa_37
GE6DB0034,tt0082259,en,604,False,https://en.wikipedia.org/w/index.php?oldid=1341438011,v2_completa_37
GE6E455CF,tt14257582,en,692,False,https://en.wikipedia.org/w/index.php?oldid=1354441549,v2_completa_37
GE6F7AE81,tt0107290,en,636,False,https://en.wikipedia.org/w/index.php?oldid=1372803310,v2_completa_37
GE717152A,tt0105323,en,679,False,https://en.wikipedia.org/w/index.php?oldid=1371709302,v2_completa_37
GE77123AC,tt3253930,en,766,False,https://en.wikipedia.org/w/index.php?oldid=1362653296,v2_completa_37
GE77B83DC,tt0113243,en,694,False,https://en.wikipedia.org/w/index.php?oldid=1368668368,v2_completa_37
GE7914F57,tt1220634,en,701,False,https://en.wikipedia.org/w/index.php?oldid=1372067294,v2_completa_37
GE7C476BD,tt0120630,en,592,False,https://en.wikipedia.org/w/index.php?oldid=1370077121,v2_completa_37
GE7D19135,tt3707104,en,406,False,https://en.wikipedia.org/w/index.php?oldid=1366732624,v2_completa_37
GE7F8FDB1,tt0338097,es,645,False,https://es.wikipedia.org/w/index.php?oldid=172862727,v2_completa_37
GE8100D6B,tt0244244,en,717,False,https://en.wikipedia.org/w/index.php?oldid=1369210799,v2_completa_37
GE815A78C,tt0083743,es,625,False,https://es.wikipedia.org/w/index.php?oldid=167659727,v2_completa_37
GE81FE841,tt0095125,en,420,False,https://en.wikipedia.org/w/index.php?oldid=1347556928,v2_completa_37
GE82DBBF6,tt2515034,en,439,False,https://en.wikipedia.org/w/index.php?oldid=1359702323,v2_completa_37
GE832B740,tt0333766,en,692,False,https://en.wikipedia.org/w/index.php?oldid=1368066931,v2_completa_37
GE861B3E0,tt1512685,es,124,False,https://es.wikipedia.org/w/index.php?oldid=174771944,v2_completa_37
GE861F7A1,tt0104437,en,625,False,https://en.wikipedia.org/w/index.php?oldid=1364721959,v2_completa_37
GE868732E,tt0125659,en,490,False,https://en.wikipedia.org/w/index.php?oldid=1371746920,v2_completa_37
GE88DEF56,tt1441912,en,394,False,https://en.wikipedia.org/w/index.php?oldid=1370262674,v2_completa_37
GE89D14C9,tt11127690,en,673,False,https://en.wikipedia.org/w/index.php?oldid=1341413617,v2_completa_37
GE8A286DD,tt0120855,en,605,False,https://en.wikipedia.org/w/index.php?oldid=1371806845,v2_completa_37
GE8DDD1C1,tt6412452,en,1728,True,https://en.wikipedia.org/w/index.php?oldid=1372474535,v2_completa_37
GE95EFCB4,tt1277953,en,607,False,https://en.wikipedia.org/w/index.php?oldid=1372625881,v2_completa_37
GE969590A,tt0120179,en,617,False,https://en.wikipedia.org/w/index.php?oldid=1371689381,v2_completa_37
GE969C63F,tt1172974,es,155,False,https://es.wikipedia.org/w/index.php?oldid=165528846,v2_completa_37
GE9AF6B28,tt0291988,es,392,False,https://es.wikipedia.org/w/index.php?oldid=174971519,v2_completa_37
GE9B0BEE1,tt3626742,es,181,False,https://es.wikipedia.org/w/index.php?oldid=173740213,v2_completa_37
GE9C2104D,tt12672536,es,140,False,https://es.wikipedia.org/w/index.php?oldid=172740016,v2_completa_37
GE9E57F89,tt4500922,en,676,False,https://en.wikipedia.org/w/index.php?oldid=1369863332,v2_completa_37
GEA2D52E2,tt1971325,es,1189,True,https://es.wikipedia.org/w/index.php?oldid=172915151,v2_completa_38
GEA3D6F8D,tt0094006,en,665,False,https://en.wikipedia.org/w/index.php?oldid=1370278493,v2_completa_38
GEA4ACF02,tt0108160,en,550,False,https://en.wikipedia.org/w/index.php?oldid=1372514798,v2_completa_38
GEA53EBE6,tt0103060,en,800,False,https://en.wikipedia.org/w/index.php?oldid=1372605845,v2_completa_38
GEA5F11A7,tt0122933,en,616,False,https://en.wikipedia.org/w/index.php?oldid=1369244978,v2_completa_38
GEA9D5928,tt0976051,en,638,False,https://en.wikipedia.org/w/index.php?oldid=1366117729,v2_completa_38
GEAA08974,tt0212338,en,755,False,https://en.wikipedia.org/w/index.php?oldid=1370037222,v2_completa_38
GEAA97496,tt0089752,es,241,False,https://es.wikipedia.org/w/index.php?oldid=173018981,v2_completa_38
GEAAB64F9,tt1648216,es,987,False,https://es.wikipedia.org/w/index.php?oldid=172371148,v2_completa_38
GEAB44DA1,tt0382625,en,764,False,https://en.wikipedia.org/w/index.php?oldid=1371610959,v2_completa_38
GEAF03F9F,tt4777008,en,616,False,https://en.wikipedia.org/w/index.php?oldid=1372520250,v2_completa_38
GEB41F78B,tt0101745,en,458,False,https://en.wikipedia.org/w/index.php?oldid=1372081236,v2_completa_38
GEB588289,tt0086129,en,473,False,https://en.wikipedia.org/w/index.php?oldid=1360888320,v2_completa_38
GEBA3ABAA,tt1731141,en,750,False,https://en.wikipedia.org/w/index.php?oldid=1372351287,v2_completa_38
GEBCB0E3E,tt0116367,en,674,False,https://en.wikipedia.org/w/index.php?oldid=1369698068,v2_completa_38
GEBF2A440,tt0090022,en,595,False,https://en.wikipedia.org/w/index.php?oldid=1372083716,v2_completa_38
GEC384814,tt0399295,en,780,False,https://en.wikipedia.org/w/index.php?oldid=1366422529,v2_completa_38
GEC4E069D,tt0371724,en,648,False,https://en.wikipedia.org/w/index.php?oldid=1364824902,v2_completa_38
GEC63A76D,tt0242285,es,145,False,https://es.wikipedia.org/w/index.php?oldid=168732121,v2_completa_38
GECA6AE47,tt0087995,en,557,False,https://en.wikipedia.org/w/index.php?oldid=1364695593,v2_completa_38
GECC99C7D,tt1197624,en,716,False,https://en.wikipedia.org/w/index.php?oldid=1371205701,v2_completa_38
GECDABB7F,tt0105695,en,670,False,https://en.wikipedia.org/w/index.php?oldid=1372391148,v2_completa_38
GED1A077C,tt0108037,en,746,False,https://en.wikipedia.org/w/index.php?oldid=1372125521,v2_completa_38
GED37DB3A,tt1235830,es,775,False,https://es.wikipedia.org/w/index.php?oldid=174521920,v2_completa_38
GED88BDA4,tt15006566,en,615,False,https://en.wikipedia.org/w/index.php?oldid=1359239556,v2_completa_38
GEDDC5935,tt0097493,en,696,False,https://en.wikipedia.org/w/index.php?oldid=1370330337,v2_completa_38
GEDE7F12A,tt1564367,en,498,False,https://en.wikipedia.org/w/index.php?oldid=1370411434,v2_completa_38
GEE1CD4C8,tt0275491,es,483,False,https://es.wikipedia.org/w/index.php?oldid=174197568,v2_completa_38
GEE34D91F,tt0087182,en,678,False,https://en.wikipedia.org/w/index.php?oldid=1370743380,v2_completa_38
GEE4A43CA,tt0103772,en,516,False,https://en.wikipedia.org/w/index.php?oldid=1372091343,v2_completa_38
GEE6D0583,tt1305806,es,1288,True,https://es.wikipedia.org/w/index.php?oldid=174664618,v2_completa_38
GEE7596D1,tt0111301,en,701,False,https://en.wikipedia.org/w/index.php?oldid=1371107465,v2_completa_38
GEED00A9B,tt0314412,en,926,False,https://en.wikipedia.org/w/index.php?oldid=1351199998,v2_completa_38
GEF024305,tt0082010,en,583,False,https://en.wikipedia.org/w/index.php?oldid=1370404822,v2_completa_38
GEF0494A4,tt0091187,en,710,False,https://en.wikipedia.org/w/index.php?oldid=1368470002,v2_completa_38
GEF295811,tt1119646,en,651,False,https://en.wikipedia.org/w/index.php?oldid=1371041271,v2_completa_38
GEF387517,tt18315204,es,129,False,https://es.wikipedia.org/w/index.php?oldid=162260337,v2_completa_38
GEF7CD1A0,tt0099381,en,701,False,https://en.wikipedia.org/w/index.php?oldid=1358188901,v2_completa_38
GEFB50CC4,tt0084383,es,239,False,https://es.wikipedia.org/w/index.php?oldid=173357026,v2_completa_38
GEFCBAF24,tt0085374,es,428,False,https://es.wikipedia.org/w/index.php?oldid=162142613,v2_completa_38
GF0126A2B,tt0435761,en,667,False,https://en.wikipedia.org/w/index.php?oldid=1372116535,v2_completa_38
GF01D9434,tt0258816,es,187,False,https://es.wikipedia.org/w/index.php?oldid=166623347,v2_completa_38
GF02D0587,tt0339489,en,305,False,https://en.wikipedia.org/w/index.php?oldid=1341425991,v2_completa_38
GF065E00A,tt0097815,en,738,False,https://en.wikipedia.org/w/index.php?oldid=1370711587,v2_completa_38
GF07C1BAF,tt21909764,en,597,False,https://en.wikipedia.org/w/index.php?oldid=1371800030,v2_completa_38
GF090559C,tt0427582,en,187,False,https://en.wikipedia.org/w/index.php?oldid=1353767939,v2_completa_38
GF091CF4D,tt1279935,en,643,False,https://en.wikipedia.org/w/index.php?oldid=1359085202,v2_completa_38
GF0A39881,tt0118001,en,721,False,https://en.wikipedia.org/w/index.php?oldid=1368133109,v2_completa_38
GF0A6DC96,tt0099044,en,702,False,https://en.wikipedia.org/w/index.php?oldid=1367376933,v2_completa_38
GF0E6F50D,tt3829266,en,669,False,https://en.wikipedia.org/w/index.php?oldid=1371858171,v2_completa_38
GF0F3EAFE,tt5897636,en,172,False,https://en.wikipedia.org/w/index.php?oldid=1372442169,v2_completa_39
GF100F941,tt0090142,en,552,False,https://en.wikipedia.org/w/index.php?oldid=1367645378,v2_completa_39
GF11D37F6,tt0114214,en,702,False,https://en.wikipedia.org/w/index.php?oldid=1366564804,v2_completa_39
GF11D82FC,tt0138097,en,706,False,https://en.wikipedia.org/w/index.php?oldid=1369929863,v2_completa_39
GF145CB39,tt0099371,en,632,False,https://en.wikipedia.org/w/index.php?oldid=1372129160,v2_completa_39
GF19B2F74,tt1560220,en,665,False,https://en.wikipedia.org/w/index.php?oldid=1372842674,v2_completa_39
GF1BF42AC,tt7295450,en,741,False,https://en.wikipedia.org/w/index.php?oldid=1345687085,v2_completa_39
GF1F33F84,tt0098621,en,631,False,https://en.wikipedia.org/w/index.php?oldid=1365335312,v2_completa_39
GF201E10A,tt0338013,en,414,False,https://en.wikipedia.org/w/index.php?oldid=1372573846,v2_completa_39
GF2104629,tt13238346,en,475,False,https://en.wikipedia.org/w/index.php?oldid=1370055174,v2_completa_39
GF21140C2,tt0115950,en,512,False,https://en.wikipedia.org/w/index.php?oldid=1340480811,v2_completa_39
GF24BB314,tt4680182,es,753,False,https://es.wikipedia.org/w/index.php?oldid=172325842,v2_completa_39
GF26EF5AF,tt1467391,en,586,False,https://en.wikipedia.org/w/index.php?oldid=1355696643,v2_completa_39
GF2A186B1,tt0102945,en,571,False,https://en.wikipedia.org/w/index.php?oldid=1369504382,v2_completa_39
GF2AED946,tt9484998,en,626,False,https://en.wikipedia.org/w/index.php?oldid=1371535549,v2_completa_39
GF2BCAA7B,tt0265459,en,441,False,https://en.wikipedia.org/w/index.php?oldid=1372106194,v2_completa_39
GF2CD83BA,tt0094142,en,702,False,https://en.wikipedia.org/w/index.php?oldid=1368494789,v2_completa_39
GF2DB3D49,tt0097958,en,681,False,https://en.wikipedia.org/w/index.php?oldid=1371358352,v2_completa_39
GF30DC8E3,tt1386703,en,669,False,https://en.wikipedia.org/w/index.php?oldid=1366528904,v2_completa_39
GF31A2725,tt2380307,en,694,False,https://en.wikipedia.org/w/index.php?oldid=1371572322,v2_completa_39
GF31BB7F1,tt0395169,en,519,False,https://en.wikipedia.org/w/index.php?oldid=1371442702,v2_completa_39
GF32F805A,tt4550098,en,593,False,https://en.wikipedia.org/w/index.php?oldid=1368076853,v2_completa_39
GF33D41B6,tt0112462,en,565,False,https://en.wikipedia.org/w/index.php?oldid=1371851793,v2_completa_39
GF36D0D19,tt0482571,en,660,False,https://en.wikipedia.org/w/index.php?oldid=1371861006,v2_completa_39
GF38006C9,tt0084516,en,604,False,https://en.wikipedia.org/w/index.php?oldid=1371708280,v2_completa_39
GF3AF8A4E,tt0086969,en,594,False,https://en.wikipedia.org/w/index.php?oldid=1372511668,v2_completa_39
GF3DD5C17,tt0100157,en,613,False,https://en.wikipedia.org/w/index.php?oldid=1372444145,v2_completa_39
GF3E0EBE1,tt0093629,en,508,False,https://en.wikipedia.org/w/index.php?oldid=1370070141,v2_completa_39
GF3E93D91,tt0379306,en,434,False,https://en.wikipedia.org/w/index.php?oldid=1360866255,v2_completa_39
GF41DC6A9,tt0810819,en,754,False,https://en.wikipedia.org/w/index.php?oldid=1372719550,v2_completa_39
GF4707C77,tt0209163,en,684,False,https://en.wikipedia.org/w/index.php?oldid=1372186062,v2_completa_39
GF4761118,tt0116282,en,637,False,https://en.wikipedia.org/w/index.php?oldid=1371181065,v2_completa_39
GF478078F,tt0119081,en,751,False,https://en.wikipedia.org/w/index.php?oldid=1372797154,v2_completa_39
GF4B8A25E,tt0090863,en,413,False,https://en.wikipedia.org/w/index.php?oldid=1367990179,v2_completa_39
GF4CA4064,tt0103639,en,595,False,https://en.wikipedia.org/w/index.php?oldid=1372642074,v2_completa_39
GF4E34946,tt7354440,en,512,False,https://en.wikipedia.org/w/index.php?oldid=1364442768,v2_completa_39
GF522B220,tt0274407,es,259,False,https://es.wikipedia.org/w/index.php?oldid=166141832,v2_completa_39
GF5270ACB,tt7097896,en,477,False,https://en.wikipedia.org/w/index.php?oldid=1368034147,v2_completa_39
GF527ACD9,tt0093177,en,574,False,https://en.wikipedia.org/w/index.php?oldid=1371261581,v2_completa_39
GF52A3945,tt0106305,en,176,False,https://en.wikipedia.org/w/index.php?oldid=1341584573,v2_completa_39
GF5424E9E,tt1219289,en,689,False,https://en.wikipedia.org/w/index.php?oldid=1367359688,v2_completa_39
GF543129A,tt3359350,en,592,False,https://en.wikipedia.org/w/index.php?oldid=1372166078,v2_completa_39
GF55CBB3D,tt0109836,en,568,False,https://en.wikipedia.org/w/index.php?oldid=1366686788,v2_completa_39
GF56A9B94,tt2250912,en,607,False,https://en.wikipedia.org/w/index.php?oldid=1371998727,v2_completa_39
GF58DFC9C,tt1242744,es,248,False,https://es.wikipedia.org/w/index.php?oldid=168623826,v2_completa_39
GF5B41991,tt0091763,en,632,False,https://en.wikipedia.org/w/index.php?oldid=1371846203,v2_completa_39
GF5E16A9C,tt1852770,en,637,False,https://en.wikipedia.org/w/index.php?oldid=1367718734,v2_completa_39
GF5E8B897,tt0455957,es,1188,True,https://es.wikipedia.org/w/index.php?oldid=170936425,v2_completa_39
GF60A8C0D,tt8579674,en,612,False,https://en.wikipedia.org/w/index.php?oldid=1369063473,v2_completa_39
GF611D488,tt0092983,es,156,False,https://es.wikipedia.org/w/index.php?oldid=174003186,v2_completa_39
GF653F8FC,tt0080487,en,627,False,https://en.wikipedia.org/w/index.php?oldid=1369560884,v2_completa_40
GF67A9DDB,tt0093748,en,641,False,https://en.wikipedia.org/w/index.php?oldid=1371973173,v2_completa_40
GF67F11A4,tt1022603,en,570,False,https://en.wikipedia.org/w/index.php?oldid=1372670700,v2_completa_40
GF69137AD,tt0159097,en,711,False,https://en.wikipedia.org/w/index.php?oldid=1369465230,v2_completa_40
GF69BA2BD,tt0268711,es,144,False,https://es.wikipedia.org/w/index.php?oldid=170944866,v2_completa_40
GF6C4210D,tt0102401,es,304,False,https://es.wikipedia.org/w/index.php?oldid=162246630,v2_completa_40
GF6E4FE85,tt1571234,en,814,False,https://en.wikipedia.org/w/index.php?oldid=1369943904,v2_completa_40
GF7159F2F,tt0313670,es,452,False,https://es.wikipedia.org/w/index.php?oldid=157179793,v2_completa_40
GF721A260,tt0443272,en,655,False,https://en.wikipedia.org/w/index.php?oldid=1372653276,v2_completa_40
GF73D92D8,tt5580390,en,486,False,https://en.wikipedia.org/w/index.php?oldid=1372504433,v2_completa_40
GF75DFD92,tt26677014,en,484,False,https://en.wikipedia.org/w/index.php?oldid=1372152815,v2_completa_40
GF7645913,tt2066051,en,689,False,https://en.wikipedia.org/w/index.php?oldid=1369699582,v2_completa_40
GF77D102C,tt0088000,en,605,False,https://en.wikipedia.org/w/index.php?oldid=1366654309,v2_completa_40
GF7A069E9,tt3235888,en,729,False,https://en.wikipedia.org/w/index.php?oldid=1371726829,v2_completa_40
GF7B9C452,tt1790809,en,687,False,https://en.wikipedia.org/w/index.php?oldid=1372642288,v2_completa_40
GF7E5A571,tt7093904,en,541,False,https://en.wikipedia.org/w/index.php?oldid=1367556930,v2_completa_40
GF7EBB9AD,tt0309698,en,691,False,https://en.wikipedia.org/w/index.php?oldid=1371923702,v2_completa_40
GF818CB94,tt0314121,es,2314,True,https://es.wikipedia.org/w/index.php?oldid=174038729,v2_completa_40
GF8218104,tt1206488,es,804,False,https://es.wikipedia.org/w/index.php?oldid=170182232,v2_completa_40
GF837A1CE,tt2582802,en,605,False,https://en.wikipedia.org/w/index.php?oldid=1371511087,v2_completa_40
GF83BAA11,tt0116213,en,512,False,https://en.wikipedia.org/w/index.php?oldid=1364069952,v2_completa_40
GF8400647,tt0106308,en,451,False,https://en.wikipedia.org/w/index.php?oldid=1372643787,v2_completa_40
GF84D1868,tt1634106,en,601,False,https://en.wikipedia.org/w/index.php?oldid=1372532951,v2_completa_40
GF879F8A9,tt4513678,en,674,False,https://en.wikipedia.org/w/index.php?oldid=1369870235,v2_completa_40
GF8833525,tt6723592,en,739,False,https://en.wikipedia.org/w/index.php?oldid=1371611545,v2_completa_40
GF8DCF233,tt0107808,en,599,False,https://en.wikipedia.org/w/index.php?oldid=1369945742,v2_completa_40
GF8E3CBC4,tt0120382,en,626,False,https://en.wikipedia.org/w/index.php?oldid=1371827762,v2_completa_40
GF8FA2430,tt0088040,en,391,False,https://en.wikipedia.org/w/index.php?oldid=1365637875,v2_completa_40
GF91C2110,tt1099212,en,444,False,https://en.wikipedia.org/w/index.php?oldid=1371723041,v2_completa_40
GF929274E,tt0444505,es,124,False,https://es.wikipedia.org/w/index.php?oldid=172859842,v2_completa_40
GF95C92D5,tt0108358,en,713,False,https://en.wikipedia.org/w/index.php?oldid=1372728062,v2_completa_40
GF9826F4C,tt0086026,en,583,False,https://en.wikipedia.org/w/index.php?oldid=1365495047,v2_completa_40
GF9AE72E8,tt0465234,en,966,False,https://en.wikipedia.org/w/index.php?oldid=1371482191,v2_completa_40
GF9CD689B,tt3127022,en,503,False,https://en.wikipedia.org/w/index.php?oldid=1370463105,v2_completa_40
GF9D8AFD9,tt0457430,es,833,False,https://es.wikipedia.org/w/index.php?oldid=174877963,v2_completa_40
GF9D95DE5,tt1700841,en,695,False,https://en.wikipedia.org/w/index.php?oldid=1372234909,v2_completa_40
GFA29AEAB,tt1592281,es,640,False,https://es.wikipedia.org/w/index.php?oldid=172843744,v2_completa_40
GFA3285BD,tt7322224,en,737,False,https://en.wikipedia.org/w/index.php?oldid=1367965208,v2_completa_40
GFA33D056,tt0331370,es,388,False,https://es.wikipedia.org/w/index.php?oldid=171062774,v2_completa_40
GFA4665AC,tt0120791,en,632,False,https://en.wikipedia.org/w/index.php?oldid=1372614167,v2_completa_40
GFA8EECC6,tt0099234,es,238,False,https://es.wikipedia.org/w/index.php?oldid=175124671,v2_completa_40
GFA9EBC41,tt0830515,en,757,False,https://en.wikipedia.org/w/index.php?oldid=1370549953,v2_completa_40
GFAD194D9,tt8228288,es,838,False,https://es.wikipedia.org/w/index.php?oldid=171659741,v2_completa_40
GFAE6C0BC,tt0101452,en,720,False,https://en.wikipedia.org/w/index.php?oldid=1370818850,v2_completa_40
GFB8F0CA2,tt0088763,en,605,False,https://en.wikipedia.org/w/index.php?oldid=1372126394,v2_completa_40
GFBA35D2B,tt0369339,en,715,False,https://en.wikipedia.org/w/index.php?oldid=1369880677,v2_completa_40
GFBB0AFDE,tt0317919,en,615,False,https://en.wikipedia.org/w/index.php?oldid=1370202508,v2_completa_40
GFBD4C739,tt0120461,en,901,False,https://en.wikipedia.org/w/index.php?oldid=1371707596,v2_completa_40
GFBEA7133,tt0080904,en,475,False,https://en.wikipedia.org/w/index.php?oldid=1359473205,v2_completa_40
GFBF0153C,tt0266915,en,660,False,https://en.wikipedia.org/w/index.php?oldid=1371021810,v2_completa_40
GFC0ADD1C,tt0401792,en,1085,False,https://en.wikipedia.org/w/index.php?oldid=1364728640,v2_completa_41
GFC2631BE,tt0098724,en,569,False,https://en.wikipedia.org/w/index.php?oldid=1369623573,v2_completa_41
GFC4BA9EB,tt1343727,en,652,False,https://en.wikipedia.org/w/index.php?oldid=1367573217,v2_completa_41
GFCAA1E57,tt0116922,en,668,False,https://en.wikipedia.org/w/index.php?oldid=1371934900,v2_completa_41
GFCB0DF8D,tt0099253,en,675,False,https://en.wikipedia.org/w/index.php?oldid=1370384794,v2_completa_41
GFCB6DFA3,tt0088161,en,603,False,https://en.wikipedia.org/w/index.php?oldid=1372106737,v2_completa_41
GFCBE15D0,tt0116770,es,464,False,https://es.wikipedia.org/w/index.php?oldid=173711349,v2_completa_41
GFD0A0723,tt0090903,en,664,False,https://en.wikipedia.org/w/index.php?oldid=1364120921,v2_completa_41
GFD0AC0B2,tt1059786,en,663,False,https://en.wikipedia.org/w/index.php?oldid=1370824099,v2_completa_41
GFD11E026,tt0084805,en,589,False,https://en.wikipedia.org/w/index.php?oldid=1369353323,v2_completa_41
GFD1D6D4C,tt0332379,en,664,False,https://en.wikipedia.org/w/index.php?oldid=1372559794,v2_completa_41
GFD3FC8EC,tt0106582,en,732,False,https://en.wikipedia.org/w/index.php?oldid=1371927541,v2_completa_41
GFD43CD80,tt1041829,en,561,False,https://en.wikipedia.org/w/index.php?oldid=1368595882,v2_completa_41
GFDA7B1B2,tt0104815,en,700,False,https://en.wikipedia.org/w/index.php?oldid=1370808185,v2_completa_41
GFDB56386,tt0327850,en,570,False,https://en.wikipedia.org/w/index.php?oldid=1370686349,v2_completa_41
GFE379DBF,tt0120888,en,604,False,https://en.wikipedia.org/w/index.php?oldid=1368410713,v2_completa_41
GFE50551B,tt2379713,en,638,False,https://en.wikipedia.org/w/index.php?oldid=1371711685,v2_completa_41
GFE6234FB,tt0096895,en,648,False,https://en.wikipedia.org/w/index.php?oldid=1370762007,v2_completa_41
GFE6387C9,tt7818580,es,496,False,https://es.wikipedia.org/w/index.php?oldid=173213962,v2_completa_41
GFE8DB2AE,tt1735898,en,668,False,https://en.wikipedia.org/w/index.php?oldid=1365173976,v2_completa_41
GFEA11F96,tt0089880,en,727,False,https://en.wikipedia.org/w/index.php?oldid=1372160367,v2_completa_41
GFEAC009B,tt0209144,en,679,False,https://en.wikipedia.org/w/index.php?oldid=1370881370,v2_completa_41
GFEB8DFA9,tt0283015,en,451,False,https://en.wikipedia.org/w/index.php?oldid=1359094672,v2_completa_41
GFEE9999B,tt7599146,en,765,False,https://en.wikipedia.org/w/index.php?oldid=1372477709,v2_completa_41
GFEF95687,tt1164999,es,209,False,https://es.wikipedia.org/w/index.php?oldid=173998750,v2_completa_41
GFF15029F,tt0295178,en,615,False,https://en.wikipedia.org/w/index.php?oldid=1371179938,v2_completa_41
GFF29D8A9,tt0094705,es,133,False,https://es.wikipedia.org/w/index.php?oldid=174615312,v2_completa_41
GFF3E07E0,tt0085470,en,571,False,https://en.wikipedia.org/w/index.php?oldid=1339261430,v2_completa_41
GFF78C904,tt0115561,en,586,False,https://en.wikipedia.org/w/index.php?oldid=1360060434,v2_completa_41
GFF7A58DC,tt1211837,en,610,False,https://en.wikipedia.org/w/index.php?oldid=1369804920,v2_completa_41
GFFCBFD2F,tt14641788,en,568,False,https://en.wikipedia.org/w/index.php?oldid=1367717406,v2_completa_41
GFFF182EB,tt0164184,en,481,False,https://en.wikipedia.org/w/index.php?oldid=1372108519,v2_completa_41
GFFFFF493,tt0082910,en,721,False,https://en.wikipedia.org/w/index.php?oldid=1369408827,v2_completa_41
